{
  "parent": "minecraft:item/generated",
  "textures": {
    "layer0": "minecraft:item/player_head"
  },
  "overrides": [
    { "predicate": { "custom_model_data": 9001 }, "model": "minecraft:item/orejaselfo1" },
    { "predicate": { "custom_model_data": 9002 }, "model": "minecraft:item/orejaselfo2" },
    { "predicate": { "custom_model_data": 9003 }, "model": "minecraft:item/orejaselfo3" },
    { "predicate": { "custom_model_data": 9004 }, "model": "minecraft:item/orejaselfo4" }
  ]
}
