{
  "parent": "minecraft:item/handheld",
  "textures": {
    "layer0": "minecraft:item/wooden_sword"
  },
  "overrides": [
		{ "predicate": { "custom_model_data": 1101 }, "model": "minecraft:item/VentiscaEterna" },
		{ "predicate": { "custom_model_data": 1102 }, "model": "minecraft:item/mandobledeobsidiana" },
		{ "predicate": { "custom_model_data": 1103 }, "model": "minecraft:item/puntadecristal" },
		{ "predicate": { "custom_model_data": 1104 }, "model": "minecraft:item/OcasoReyes" },
		{ "predicate": { "custom_model_data": 1105 }, "model": "minecraft:item/rompemuros" },
		{ "predicate": { "custom_model_data": 1106 }, "model": "minecraft:item/dagasepulcral" },
		{ "predicate": { "custom_model_data": 1107 }, "model": "minecraft:item/eclipseacero" },
		{ "predicate": { "custom_model_data": 1108 }, "model": "minecraft:item/hojaespectral" }
  ]
}
