{
	"format_version": "1.21.11",
	"credit": "Made with Blockbench",
	"textures": {
		"0": "block/stoneatril",
		"1": "block/stoneatriltop",
		"particle": "block/stoneatril"
	},
	"elements": [
		{
			"from": [0, 0, 0],
			"to": [16, 2, 16],
			"faces": {
				"north": {"uv": [0, 14, 16, 16], "texture": "#0"},
				"east": {"uv": [0, 14, 16, 16], "texture": "#0"},
				"south": {"uv": [0, 14, 16, 16], "texture": "#0"},
				"west": {"uv": [0, 14, 16, 16], "texture": "#0"},
				"up": {"uv": [0, 0, 16, 16], "texture": "#0"},
				"down": {"uv": [0, 0, 16, 16], "texture": "#0"}
			}
		},
		{
			"from": [4, 2, 4],
			"to": [12, 11, 12],
			"rotation": {"angle": 0, "axis": "y", "origin": [0, 2, 0]},
			"faces": {
				"north": {"uv": [4, 7, 12, 16], "texture": "#0"},
				"east": {"uv": [4, 7, 12, 16], "texture": "#0"},
				"south": {"uv": [4, 7, 12, 16], "texture": "#0"},
				"west": {"uv": [4, 7, 12, 16], "texture": "#0"},
				"up": {"uv": [4, 4, 12, 12], "texture": "#0"},
				"down": {"uv": [4, 4, 12, 12], "texture": "#0"}
			}
		},
		{
			"from": [4, 11, 4],
			"to": [12, 13, 12],
			"rotation": {"angle": 0, "axis": "y", "origin": [0, 3, 0]},
			"faces": {
				"north": {"uv": [4, 6, 12, 8], "texture": "#0"},
				"east": {"uv": [4, 6, 12, 8], "texture": "#0"},
				"south": {"uv": [4, 6, 12, 8], "texture": "#0"},
				"west": {"uv": [4, 6, 12, 8], "texture": "#0"},
				"up": {"uv": [4, 4, 12, 12], "texture": "#0"},
				"down": {"uv": [4, 4, 12, 12], "texture": "#0"}
			}
		},
		{
			"from": [6, 13, 4],
			"to": [12, 14, 12],
			"rotation": {"angle": 0, "axis": "y", "origin": [0, 4, 0]},
			"faces": {
				"north": {"uv": [4, 6, 10, 7], "texture": "#0"},
				"east": {"uv": [4, 6, 12, 7], "texture": "#0"},
				"south": {"uv": [6, 6, 12, 7], "texture": "#0"},
				"west": {"uv": [4, 6, 12, 7], "texture": "#0"},
				"up": {"uv": [6, 4, 12, 12], "texture": "#0"},
				"down": {"uv": [6, 4, 12, 12], "texture": "#0"}
			}
		},
		{
			"from": [6, 11, 1],
			"to": [18, 12, 15],
			"rotation": {"angle": 22.5, "axis": "z", "origin": [3, 3, 0]},
			"faces": {
				"north": {"uv": [1, 7, 13, 8], "texture": "#0"},
				"east": {"uv": [1, 7, 15, 8], "texture": "#0"},
				"south": {"uv": [3, 7, 15, 8], "texture": "#0"},
				"west": {"uv": [1, 7, 15, 8], "texture": "#0"},
				"up": {"uv": [3, 1, 15, 15], "texture": "#0"},
				"down": {"uv": [3, 1, 15, 15], "texture": "#0"}
			}
		},
		{
			"from": [9, 14, 4],
			"to": [12, 16, 12],
			"rotation": {"angle": 0, "axis": "y", "origin": [0, 5, 0]},
			"faces": {
				"north": {"uv": [4, 5, 7, 7], "texture": "#0"},
				"east": {"uv": [4, 5, 12, 7], "texture": "#0"},
				"south": {"uv": [9, 5, 12, 7], "texture": "#0"},
				"west": {"uv": [4, 5, 12, 7], "texture": "#0"},
				"up": {"uv": [9, 4, 12, 12], "texture": "#0"},
				"down": {"uv": [9, 4, 12, 12], "texture": "#0"}
			}
		},
		{
			"from": [6, 12, 1],
			"to": [18, 13, 15],
			"rotation": {"angle": 22.5, "axis": "z", "origin": [3, 3, 0]},
			"faces": {
				"north": {"uv": [1, 6, 13, 7], "texture": "#1"},
				"east": {"uv": [1, 6, 15, 7], "texture": "#1"},
				"south": {"uv": [3, 6, 15, 7], "texture": "#1"},
				"west": {"uv": [1, 6, 15, 7], "texture": "#1"},
				"up": {"uv": [3, 1, 15, 15], "texture": "#1"},
				"down": {"uv": [3, 1, 15, 15], "texture": "#1"}
			}
		}
	],
	"display": {
		"thirdperson_righthand": {
			"scale": [0.34, 0.34, 0.34]
		},
		"thirdperson_lefthand": {
			"scale": [0.32, 0.32, 0.32]
		},
		"firstperson_righthand": {
			"scale": [0.55, 0.55, 0.55]
		},
		"firstperson_lefthand": {
			"scale": [0.45, 0.45, 0.45]
		},
		"ground": {
			"translation": [0, 3.25, 0],
			"scale": [0.54, 0.54, 0.54]
		},
		"gui": {
			"rotation": [21, 52, 0],
			"scale": [0.51, 0.51, 0.51]
		},
		"fixed": {
			"rotation": [-90, 0, 0],
			"translation": [0, 0, -5.25],
			"scale": [0.69, 0.69, 0.69]
		}
	}
}