{
  "parent": "minecraft:item/generated",
  "textures": {
    "layer0": "minecraft:item/bow"
  },
  "overrides": [
    {
      "predicate": { "custom_model_data": 1401 },
      "model": "minecraft:item/longbow"
    },
    {
      "predicate": { "custom_model_data": 1401, "pulling": 1 },
      "model": "minecraft:item/longbow_pulling_0"
    },
    {
      "predicate": { "custom_model_data": 1401, "pulling": 1, "pull": 0.65 },
      "model": "minecraft:item/longbow_pulling_1"
    },
    {
      "predicate": { "custom_model_data": 1401, "pulling": 1, "pull": 0.9 },
      "model": "minecraft:item/longbow_pulling_2"
    }
  ]
}
