{
	"format_version": "1.9.0",
	"credit": "Made with Blockbench",
	"parent": "minecraft:armor/orejaselfo1",
	"texture_size": [32, 32],
	"textures": {
		"0": "item/capuchamarron",
		"particle": "item/capuchamarron"
	},
	"elements": [
		{
			"name": "armorHead",
			"from": [1, -2, 4.1],
			"to": [9, 6.1, 4.3],
			"rotation": {"angle": 0, "axis": "y", "origin": [1, 1, 4]},
			"faces": {
				"north": {"uv": [0, 4.5, 4, 8.5], "texture": "#0"},
				"east": {"uv": [16.5, 4, 16.75, 8], "texture": "#0"},
				"south": {"uv": [4, 4.5, 8, 8.5], "texture": "#0"},
				"west": {"uv": [6.5, 16.5, 6.75, 20.5], "texture": "#0"},
				"up": {"uv": [20, 14.75, 16, 14.5], "texture": "#0"},
				"down": {"uv": [11, 16.5, 7, 16.75], "texture": "#0"}
			}
		},
		{
			"name": "armorHead",
			"from": [1.2, -2, 4.3],
			"to": [8.8, 5.1, 4.6],
			"rotation": {"angle": 0, "axis": "y", "origin": [1, 1, 4]},
			"faces": {
				"north": {"uv": [4.5, 10.5, 8.25, 14], "texture": "#0"},
				"east": {"uv": [7, 17, 7.25, 20.5], "texture": "#0"},
				"south": {"uv": [8.5, 10.5, 12.25, 14], "texture": "#0"},
				"west": {"uv": [7.5, 17, 7.75, 20.5], "texture": "#0"},
				"up": {"uv": [20.75, 4.25, 17, 4], "texture": "#0"},
				"down": {"uv": [20.75, 4.5, 17, 4.75], "texture": "#0"}
			}
		},
		{
			"name": "armorHead",
			"from": [1, 4, -4.7],
			"to": [9, 6.1, -4.5],
			"rotation": {"angle": 0, "axis": "y", "origin": [1, 1, -5]},
			"faces": {
				"north": {"uv": [15.5, 2, 19.5, 3], "texture": "#0"},
				"east": {"uv": [12, 14, 12.25, 15], "texture": "#0"},
				"south": {"uv": [15.5, 3, 19.5, 4], "texture": "#0"},
				"west": {"uv": [18, 7, 18.25, 8], "texture": "#0"},
				"up": {"uv": [20.5, 8.25, 16.5, 8], "texture": "#0"},
				"down": {"uv": [20.5, 8.5, 16.5, 8.75], "texture": "#0"}
			}
		},
		{
			"name": "armorHead",
			"from": [6, 3, -4.7],
			"to": [9, 4, -4.5],
			"rotation": {"angle": 0, "axis": "y", "origin": [1, -1, -5]},
			"faces": {
				"north": {"uv": [3, 12, 4.5, 12.5], "texture": "#0"},
				"east": {"uv": [19, 16, 19.25, 16.5], "texture": "#0"},
				"south": {"uv": [3, 12.5, 4.5, 13], "texture": "#0"},
				"west": {"uv": [16.5, 19, 16.75, 19.5], "texture": "#0"},
				"up": {"uv": [19, 16.25, 17.5, 16], "texture": "#0"},
				"down": {"uv": [19, 16.5, 17.5, 16.75], "texture": "#0"}
			}
		},
		{
			"name": "armorHead",
			"from": [7, 2, -4.7],
			"to": [9, 3, -4.5],
			"rotation": {"angle": 0, "axis": "y", "origin": [1, -2, -5]},
			"faces": {
				"north": {"uv": [11, 14, 12, 14.5], "texture": "#0"},
				"east": {"uv": [19, 16.5, 19.25, 17], "texture": "#0"},
				"south": {"uv": [11, 14.5, 12, 15], "texture": "#0"},
				"west": {"uv": [17, 19, 17.25, 19.5], "texture": "#0"},
				"up": {"uv": [16.5, 18.25, 15.5, 18], "texture": "#0"},
				"down": {"uv": [18, 18, 17, 18.25], "texture": "#0"}
			}
		},
		{
			"name": "armorHead",
			"from": [8, 1, -4.7],
			"to": [9, 2, -4.5],
			"rotation": {"angle": 0, "axis": "y", "origin": [1, -3, -5]},
			"faces": {
				"north": {"uv": [18, 18, 18.5, 18.5], "texture": "#0"},
				"east": {"uv": [19, 17, 19.25, 17.5], "texture": "#0"},
				"south": {"uv": [18.5, 7, 19, 7.5], "texture": "#0"},
				"west": {"uv": [17.5, 19, 17.75, 19.5], "texture": "#0"},
				"up": {"uv": [19.5, 17.75, 19, 17.5], "texture": "#0"},
				"down": {"uv": [19.5, 18, 19, 18.25], "texture": "#0"}
			}
		},
		{
			"name": "armorHead",
			"from": [1, 3, -4.7],
			"to": [4, 4, -4.5],
			"rotation": {"angle": 0, "axis": "y", "origin": [-4, -1, -5]},
			"faces": {
				"north": {"uv": [3, 13, 4.5, 13.5], "texture": "#0"},
				"east": {"uv": [18.5, 19, 18.75, 19.5], "texture": "#0"},
				"south": {"uv": [3, 13.5, 4.5, 14], "texture": "#0"},
				"west": {"uv": [19, 18.5, 19.25, 19], "texture": "#0"},
				"up": {"uv": [19, 17.25, 17.5, 17], "texture": "#0"},
				"down": {"uv": [19, 17.5, 17.5, 17.75], "texture": "#0"}
			}
		},
		{
			"name": "armorHead",
			"from": [1, 2, -4.7],
			"to": [3, 3, -4.5],
			"rotation": {"angle": 0, "axis": "y", "origin": [-5, -2, -5]},
			"faces": {
				"north": {"uv": [17, 7, 18, 7.5], "texture": "#0"},
				"east": {"uv": [19, 19, 19.25, 19.5], "texture": "#0"},
				"south": {"uv": [17, 7.5, 18, 8], "texture": "#0"},
				"west": {"uv": [19.5, 2, 19.75, 2.5], "texture": "#0"},
				"up": {"uv": [19.5, 7.75, 18.5, 7.5], "texture": "#0"},
				"down": {"uv": [16.5, 18.5, 15.5, 18.75], "texture": "#0"}
			}
		},
		{
			"name": "armorHead",
			"from": [1, 1, -4.7],
			"to": [2, 2, -4.5],
			"rotation": {"angle": 0, "axis": "y", "origin": [-6, -3, -5]},
			"faces": {
				"north": {"uv": [17, 18.5, 17.5, 19], "texture": "#0"},
				"east": {"uv": [19.5, 2.5, 19.75, 3], "texture": "#0"},
				"south": {"uv": [17.5, 18.5, 18, 19], "texture": "#0"},
				"west": {"uv": [19.5, 3, 19.75, 3.5], "texture": "#0"},
				"up": {"uv": [20, 3.75, 19.5, 3.5], "texture": "#0"},
				"down": {"uv": [20, 7.5, 19.5, 7.75], "texture": "#0"}
			}
		},
		{
			"name": "armorHead",
			"from": [0.8, 0, -4.7],
			"to": [1, 6.3, 4.3],
			"rotation": {"angle": 0, "axis": "y", "origin": [1, 1, 4]},
			"faces": {
				"north": {"uv": [10, 17, 10.25, 20.25], "texture": "#0"},
				"east": {"uv": [8, 0, 12.5, 3.25], "texture": "#0"},
				"south": {"uv": [10.5, 17, 10.75, 20.25], "texture": "#0"},
				"west": {"uv": [8, 3.5, 12.5, 6.75], "texture": "#0"},
				"up": {"uv": [1.25, 20.5, 1, 16], "texture": "#0"},
				"down": {"uv": [1.75, 16, 1.5, 20.5], "texture": "#0"}
			}
		},
		{
			"name": "armorHead",
			"from": [0.6, 1, -4.7],
			"to": [0.8, 6.3, -2.7],
			"rotation": {"angle": 0, "axis": "y", "origin": [1, 1, 4]},
			"faces": {
				"north": {"uv": [14, 17, 14.25, 19.75], "texture": "#0"},
				"east": {"uv": [15.5, 4, 16.5, 6.75], "texture": "#0"},
				"south": {"uv": [14.5, 17, 14.75, 19.75], "texture": "#0"},
				"west": {"uv": [15.5, 7, 16.5, 9.75], "texture": "#0"},
				"up": {"uv": [18.25, 19.5, 18, 18.5], "texture": "#0"},
				"down": {"uv": [18.75, 18, 18.5, 19], "texture": "#0"}
			}
		},
		{
			"name": "armorHead",
			"from": [0.6, -1.4, -2.7],
			"to": [0.8, 5.9, 3.3],
			"rotation": {"angle": 0, "axis": "y", "origin": [1, 1, 6]},
			"faces": {
				"north": {"uv": [4.5, 17, 4.75, 20.75], "texture": "#0"},
				"east": {"uv": [0, 12, 3, 15.75], "texture": "#0"},
				"south": {"uv": [5, 17, 5.25, 20.75], "texture": "#0"},
				"west": {"uv": [12.5, 0, 15.5, 3.75], "texture": "#0"},
				"up": {"uv": [12.25, 20, 12, 17], "texture": "#0"},
				"down": {"uv": [12.75, 17, 12.5, 20], "texture": "#0"}
			}
		},
		{
			"name": "armorHead",
			"from": [0.8, -1, -3.7],
			"to": [1, 0, 4.3],
			"rotation": {"angle": 0, "axis": "y", "origin": [1, -1, 4]},
			"faces": {
				"north": {"uv": [19.5, 10, 19.75, 10.5], "texture": "#0"},
				"east": {"uv": [15.5, 10, 19.5, 10.5], "texture": "#0"},
				"south": {"uv": [19.5, 10.5, 19.75, 11], "texture": "#0"},
				"west": {"uv": [15.5, 10.5, 19.5, 11], "texture": "#0"},
				"up": {"uv": [16.75, 19, 16.5, 15], "texture": "#0"},
				"down": {"uv": [3.25, 17, 3, 21], "texture": "#0"}
			}
		},
		{
			"name": "armorHead",
			"from": [0.8, -2, -2.7],
			"to": [1, -1, 4.3],
			"rotation": {"angle": 0, "axis": "y", "origin": [1, -2, 4]},
			"faces": {
				"north": {"uv": [19.5, 11, 19.75, 11.5], "texture": "#0"},
				"east": {"uv": [4.5, 8.5, 8, 9], "texture": "#0"},
				"south": {"uv": [19.5, 11.5, 19.75, 12], "texture": "#0"},
				"west": {"uv": [4.5, 9, 8, 9.5], "texture": "#0"},
				"up": {"uv": [8.25, 20.5, 8, 17], "texture": "#0"},
				"down": {"uv": [8.75, 17, 8.5, 20.5], "texture": "#0"}
			}
		},
		{
			"name": "armorHead",
			"from": [9, 0, -4.7],
			"to": [9.2, 6.3, 4.3],
			"rotation": {"angle": 0, "axis": "y", "origin": [9, 1, 4]},
			"faces": {
				"north": {"uv": [11, 17, 11.25, 20.25], "texture": "#0"},
				"east": {"uv": [8, 7, 12.5, 10.25], "texture": "#0"},
				"south": {"uv": [11.5, 17, 11.75, 20.25], "texture": "#0"},
				"west": {"uv": [0, 8.5, 4.5, 11.75], "texture": "#0"},
				"up": {"uv": [2.25, 20.5, 2, 16], "texture": "#0"},
				"down": {"uv": [2.75, 16, 2.5, 20.5], "texture": "#0"}
			}
		},
		{
			"name": "armorHead",
			"from": [9.2, 1, -4.7],
			"to": [9.4, 6.3, -2.7],
			"rotation": {"angle": 0, "axis": "y", "origin": [9, 1, 4]},
			"faces": {
				"north": {"uv": [15, 17, 15.25, 19.75], "texture": "#0"},
				"east": {"uv": [15.5, 15, 16.5, 17.75], "texture": "#0"},
				"south": {"uv": [17, 15, 17.25, 17.75], "texture": "#0"},
				"west": {"uv": [0, 16, 1, 18.75], "texture": "#0"},
				"up": {"uv": [0.25, 20, 0, 19], "texture": "#0"},
				"down": {"uv": [0.75, 19, 0.5, 20], "texture": "#0"}
			}
		},
		{
			"name": "armorHead",
			"from": [9.2, -1.4, -2.7],
			"to": [9.4, 5.9, 3.3],
			"rotation": {"angle": 0, "axis": "y", "origin": [9, 1, 6]},
			"faces": {
				"north": {"uv": [5.5, 17, 5.75, 20.75], "texture": "#0"},
				"east": {"uv": [12.5, 4, 15.5, 7.75], "texture": "#0"},
				"south": {"uv": [6, 17, 6.25, 20.75], "texture": "#0"},
				"west": {"uv": [12.5, 8, 15.5, 11.75], "texture": "#0"},
				"up": {"uv": [13.25, 20, 13, 17], "texture": "#0"},
				"down": {"uv": [13.75, 17, 13.5, 20], "texture": "#0"}
			}
		},
		{
			"name": "armorHead",
			"from": [9, -1, -3.7],
			"to": [9.2, 0, 4.3],
			"rotation": {"angle": 0, "axis": "y", "origin": [9, -1, 4]},
			"faces": {
				"north": {"uv": [19.5, 15, 19.75, 15.5], "texture": "#0"},
				"east": {"uv": [15.5, 11, 19.5, 11.5], "texture": "#0"},
				"south": {"uv": [15.5, 19.5, 15.75, 20], "texture": "#0"},
				"west": {"uv": [15.5, 11.5, 19.5, 12], "texture": "#0"},
				"up": {"uv": [3.75, 21, 3.5, 17], "texture": "#0"},
				"down": {"uv": [4.25, 17, 4, 21], "texture": "#0"}
			}
		},
		{
			"name": "armorHead",
			"from": [9, -2, -2.7],
			"to": [9.2, -1, 4.3],
			"rotation": {"angle": 0, "axis": "y", "origin": [9, -2, 4]},
			"faces": {
				"north": {"uv": [19.5, 15.5, 19.75, 16], "texture": "#0"},
				"east": {"uv": [4.5, 9.5, 8, 10], "texture": "#0"},
				"south": {"uv": [16, 19.5, 16.25, 20], "texture": "#0"},
				"west": {"uv": [4.5, 10, 8, 10.5], "texture": "#0"},
				"up": {"uv": [9.25, 20.5, 9, 17], "texture": "#0"},
				"down": {"uv": [9.75, 17, 9.5, 20.5], "texture": "#0"}
			}
		},
		{
			"name": "armorHead",
			"from": [1, 6.1, -4.7],
			"to": [9, 6.3, 4.3],
			"rotation": {"angle": 0, "axis": "y", "origin": [1, 6, 1]},
			"faces": {
				"north": {"uv": [16.5, 9, 20.5, 9.25], "texture": "#0"},
				"east": {"uv": [6.5, 16, 11, 16.25], "texture": "#0"},
				"south": {"uv": [16.5, 9.5, 20.5, 9.75], "texture": "#0"},
				"west": {"uv": [16, 12, 20.5, 12.25], "texture": "#0"},
				"up": {"uv": [4, 4.5, 0, 0], "texture": "#0"},
				"down": {"uv": [8, 0, 4, 4.5], "texture": "#0"}
			}
		},
		{
			"name": "armorHead",
			"from": [0.6, 6.3, -4.7],
			"to": [9.4, 6.5, -2.7],
			"rotation": {"angle": 0, "axis": "y", "origin": [1, 6, 1]},
			"faces": {
				"north": {"uv": [16, 12.5, 20.5, 12.75], "texture": "#0"},
				"east": {"uv": [19, 7, 20, 7.25], "texture": "#0"},
				"south": {"uv": [16, 13, 20.5, 13.25], "texture": "#0"},
				"west": {"uv": [15.5, 19, 16.5, 19.25], "texture": "#0"},
				"up": {"uv": [20, 1, 15.5, 0], "texture": "#0"},
				"down": {"uv": [20, 1, 15.5, 2], "texture": "#0"}
			}
		},
		{
			"name": "armorHead",
			"from": [1.4, 6.3, -2.7],
			"to": [8.6, 6.5, 3.3],
			"rotation": {"angle": 0, "axis": "y", "origin": [1, 6, 5]},
			"faces": {
				"north": {"uv": [17, 5, 20.5, 5.25], "texture": "#0"},
				"east": {"uv": [17, 6, 20, 6.25], "texture": "#0"},
				"south": {"uv": [17, 5.5, 20.5, 5.75], "texture": "#0"},
				"west": {"uv": [17, 6.5, 20, 6.75], "texture": "#0"},
				"up": {"uv": [16, 15, 12.5, 12], "texture": "#0"},
				"down": {"uv": [6.5, 14, 3, 17], "texture": "#0"}
			}
		},
		{
			"name": "armorHead",
			"from": [0.8, -2.2, 0.3],
			"to": [9.2, -2, 4.3],
			"rotation": {"angle": 0, "axis": "y", "origin": [1, -2, 1]},
			"faces": {
				"north": {"uv": [16, 13.5, 20.25, 13.75], "texture": "#0"},
				"east": {"uv": [17.5, 15, 19.5, 15.25], "texture": "#0"},
				"south": {"uv": [16, 14, 20.25, 14.25], "texture": "#0"},
				"west": {"uv": [17.5, 15.5, 19.5, 15.75], "texture": "#0"},
				"up": {"uv": [10.75, 16, 6.5, 14], "texture": "#0"},
				"down": {"uv": [15.25, 15, 11, 17], "texture": "#0"}
			}
		}
	],
	"display": {
		"gui": {
			"rotation": [0, -90, 0],
			"translation": [-27, 18.25, 0],
			"scale": [3.64, 3.64, 3.64]
		},
		"head": {
			"translation": [5, 11, 13],
			"scale": [1.65, 1.65, 1.65]
		}
	},
	"groups": [
		{
			"name": "armorHead",
			"origin": [8, 8, 8],
			"color": 0,
			"children": [0, 1, 2, 3, 4, 5, 6, 7, 8, 9, 10, 11, 12, 13, 14, 15, 16, 17, 18, 19, 20, 21, 22]
		}
	]
}