{
	"credit": "Made with Blockbench",
	"parent": "dagasepulcral",
	"textures": {
		"0": "item/dagasepulcral",
		"particle": "item/dagasepulcral"
	},
	"elements": [
		{
			"from": [0, 5, 3],
			"to": [2, 6, 5],
			"rotation": {"angle": 0, "axis": "y", "origin": [7.5, 5.5, 10.5]},
			"faces": {
				"north": {"uv": [6, 6, 8, 7], "texture": "#0"},
				"east": {"uv": [0, 7, 2, 8], "texture": "#0"},
				"south": {"uv": [7, 0, 9, 1], "texture": "#0"},
				"west": {"uv": [7, 1, 9, 2], "texture": "#0"},
				"up": {"uv": [2, 2, 0, 0], "texture": "#0"},
				"down": {"uv": [2, 2, 0, 4], "texture": "#0"}
			}
		},
		{
			"from": [2, 5, 4],
			"to": [3, 6, 6],
			"rotation": {"angle": 0, "axis": "y", "origin": [6.5, 5.5, 9.5]},
			"faces": {
				"north": {"uv": [3, 9, 4, 10], "texture": "#0"},
				"east": {"uv": [2, 7, 4, 8], "texture": "#0"},
				"south": {"uv": [9, 3, 10, 4], "texture": "#0"},
				"west": {"uv": [7, 2, 9, 3], "texture": "#0"},
				"up": {"uv": [5, 9, 4, 7], "texture": "#0"},
				"down": {"uv": [6, 7, 5, 9], "texture": "#0"}
			}
		},
		{
			"from": [1, 5, 5],
			"to": [2, 6, 6],
			"rotation": {"angle": 0, "axis": "y", "origin": [5.5, 5.5, 9.5]},
			"faces": {
				"north": {"uv": [4, 9, 5, 10], "texture": "#0"},
				"east": {"uv": [9, 4, 10, 5], "texture": "#0"},
				"south": {"uv": [5, 9, 6, 10], "texture": "#0"},
				"west": {"uv": [9, 5, 10, 6], "texture": "#0"},
				"up": {"uv": [7, 10, 6, 9], "texture": "#0"},
				"down": {"uv": [8, 9, 7, 10], "texture": "#0"}
			}
		},
		{
			"from": [3, 5, 5],
			"to": [4, 6, 6],
			"rotation": {"angle": 0, "axis": "y", "origin": [8.5, 5.5, 9.5]},
			"faces": {
				"north": {"uv": [8, 9, 9, 10], "texture": "#0"},
				"east": {"uv": [9, 9, 10, 10], "texture": "#0"},
				"south": {"uv": [0, 10, 1, 11], "texture": "#0"},
				"west": {"uv": [10, 0, 11, 1], "texture": "#0"},
				"up": {"uv": [2, 11, 1, 10], "texture": "#0"},
				"down": {"uv": [11, 1, 10, 2], "texture": "#0"}
			}
		},
		{
			"from": [2, 5, 6],
			"to": [3, 6, 7],
			"rotation": {"angle": 0, "axis": "y", "origin": [6.5, 5.5, 11.5]},
			"faces": {
				"north": {"uv": [0, 9, 1, 10], "texture": "#0"},
				"east": {"uv": [9, 0, 10, 1], "texture": "#0"},
				"south": {"uv": [1, 9, 2, 10], "texture": "#0"},
				"west": {"uv": [9, 1, 10, 2], "texture": "#0"},
				"up": {"uv": [3, 10, 2, 9], "texture": "#0"},
				"down": {"uv": [10, 2, 9, 3], "texture": "#0"}
			}
		},
		{
			"from": [3, 5, 6],
			"to": [5, 6, 7],
			"rotation": {"angle": 0, "axis": "y", "origin": [0.5, 5.5, 3.5]},
			"faces": {
				"north": {"uv": [7, 3, 9, 4], "texture": "#0"},
				"east": {"uv": [2, 10, 3, 11], "texture": "#0"},
				"south": {"uv": [6, 7, 8, 8], "texture": "#0"},
				"west": {"uv": [10, 2, 11, 3], "texture": "#0"},
				"up": {"uv": [2, 9, 0, 8], "texture": "#0"},
				"down": {"uv": [4, 8, 2, 9], "texture": "#0"}
			}
		},
		{
			"from": [3, 5, 7],
			"to": [6, 6, 8],
			"rotation": {"angle": 0, "axis": "y", "origin": [0.5, 5.5, 3.5]},
			"faces": {
				"north": {"uv": [0, 4, 3, 5], "texture": "#0"},
				"east": {"uv": [3, 10, 4, 11], "texture": "#0"},
				"south": {"uv": [4, 0, 7, 1], "texture": "#0"},
				"west": {"uv": [10, 3, 11, 4], "texture": "#0"},
				"up": {"uv": [7, 2, 4, 1], "texture": "#0"},
				"down": {"uv": [7, 2, 4, 3], "texture": "#0"}
			}
		},
		{
			"from": [4, 5, 8],
			"to": [7, 6, 9],
			"rotation": {"angle": 0, "axis": "y", "origin": [0.5, 5.5, 3.5]},
			"faces": {
				"north": {"uv": [3, 4, 6, 5], "texture": "#0"},
				"east": {"uv": [4, 10, 5, 11], "texture": "#0"},
				"south": {"uv": [4, 3, 7, 4], "texture": "#0"},
				"west": {"uv": [10, 4, 11, 5], "texture": "#0"},
				"up": {"uv": [3, 6, 0, 5], "texture": "#0"},
				"down": {"uv": [6, 5, 3, 6], "texture": "#0"}
			}
		},
		{
			"from": [7, 5, 10],
			"to": [9, 6, 12],
			"rotation": {"angle": 0, "axis": "y", "origin": [1.5, 5.5, 4.5]},
			"faces": {
				"north": {"uv": [6, 8, 8, 9], "texture": "#0"},
				"east": {"uv": [8, 6, 10, 7], "texture": "#0"},
				"south": {"uv": [8, 7, 10, 8], "texture": "#0"},
				"west": {"uv": [8, 8, 10, 9], "texture": "#0"},
				"up": {"uv": [4, 2, 2, 0], "texture": "#0"},
				"down": {"uv": [4, 2, 2, 4], "texture": "#0"}
			}
		},
		{
			"from": [9, 5, 11],
			"to": [10, 6, 12],
			"rotation": {"angle": 0, "axis": "y", "origin": [2.5, 5.5, 4.5]},
			"faces": {
				"north": {"uv": [5, 10, 6, 11], "texture": "#0"},
				"east": {"uv": [10, 5, 11, 6], "texture": "#0"},
				"south": {"uv": [6, 10, 7, 11], "texture": "#0"},
				"west": {"uv": [10, 6, 11, 7], "texture": "#0"},
				"up": {"uv": [8, 11, 7, 10], "texture": "#0"},
				"down": {"uv": [11, 7, 10, 8], "texture": "#0"}
			}
		},
		{
			"from": [6, 5, 10],
			"to": [7, 6, 11],
			"rotation": {"angle": 0, "axis": "y", "origin": [1.5, 5.5, 4.5]},
			"faces": {
				"north": {"uv": [8, 10, 9, 11], "texture": "#0"},
				"east": {"uv": [10, 8, 11, 9], "texture": "#0"},
				"south": {"uv": [9, 10, 10, 11], "texture": "#0"},
				"west": {"uv": [10, 9, 11, 10], "texture": "#0"},
				"up": {"uv": [11, 11, 10, 10], "texture": "#0"},
				"down": {"uv": [1, 11, 0, 12], "texture": "#0"}
			}
		},
		{
			"from": [5, 5, 9],
			"to": [8, 6, 10],
			"rotation": {"angle": 0, "axis": "y", "origin": [1.5, 5.5, 3.5]},
			"faces": {
				"north": {"uv": [0, 6, 3, 7], "texture": "#0"},
				"east": {"uv": [11, 0, 12, 1], "texture": "#0"},
				"south": {"uv": [3, 6, 6, 7], "texture": "#0"},
				"west": {"uv": [1, 11, 2, 12], "texture": "#0"},
				"up": {"uv": [9, 5, 6, 4], "texture": "#0"},
				"down": {"uv": [9, 5, 6, 6], "texture": "#0"}
			}
		},
		{
			"from": [4, 5, 9],
			"to": [5, 6, 9],
			"rotation": {"angle": 0, "axis": "y", "origin": [0.5, 5.5, 3.5]},
			"faces": {
				"north": {"uv": [11, 1, 12, 2], "texture": "#0"},
				"east": {"uv": [0, 0, 0, 1], "texture": "#0"},
				"south": {"uv": [2, 11, 3, 12], "texture": "#0"},
				"west": {"uv": [0, 0, 0, 1], "texture": "#0"},
				"up": {"uv": [1, 0, 0, 0], "texture": "#0"},
				"down": {"uv": [1, 0, 0, 0], "texture": "#0"}
			}
		}
	],
	"display": {
		"thirdperson_righthand": {
			"rotation": [-133.32, 3.34, -91.39],
			"translation": [2.5, 4.5, 4.5],
			"scale": [1.01, 1.01, 1.01]
		},
		"thirdperson_lefthand": {
			"rotation": [-48, 3, -86.97],
			"translation": [2.5, 4.25, 0],
			"scale": [1.02, 1.02, 1.02]
		},
		"firstperson_righthand": {
			"rotation": [21, 168, 86],
			"translation": [4.5, 4.75, 1.75]
		},
		"firstperson_lefthand": {
			"rotation": [35, 164, -105],
			"translation": [-1.25, 4.75, 1.25]
		},
		"ground": {
			"translation": [3.75, -0.75, 1.25]
		},
		"gui": {
			"rotation": [-118, 69, -140],
			"translation": [0, 2, 0],
			"scale": [0.84, 0.84, 0.84]
		},
		"head": {
			"translation": [0, 6.5, 0]
		},
		"fixed": {
			"rotation": [-90.25, 0, 0],
			"translation": [6, 1.25, -5],
			"scale": [1.67, 1.67, 1.67]
		}
	},
	"groups": [
		{
			"name": "group",
			"origin": [8, 0, 8],
			"color": 0,
			"children": [0, 1, 2, 3, 4, 5, 6, 7, 8, 9, 10, 11, 12]
		}
	]
}