{
	"credit": "Made with Blockbench",
	"texture_size": [32, 32],
	"textures": {
		"1": "item/doblefilohielo"
	},
	"elements": [
		{
			"from": [-9, 0, -8],
			"to": [-7, 1, -6],
			"rotation": {"angle": 0, "axis": "z", "origin": [-8, 0, -7]},
			"faces": {
				"north": {"uv": [3, 9.5, 4, 10], "texture": "#1"},
				"east": {"uv": [9.5, 3, 10.5, 3.5], "texture": "#1"},
				"south": {"uv": [9.5, 3.5, 10.5, 4], "texture": "#1"},
				"west": {"uv": [9.5, 4, 10.5, 4.5], "texture": "#1"},
				"up": {"uv": [3, 6, 2, 5], "texture": "#1"},
				"down": {"uv": [4, 5, 3, 6], "texture": "#1"}
			}
		},
		{
			"from": [3, 0, 4],
			"to": [5, 1, 6],
			"rotation": {"angle": 0, "axis": "z", "origin": [2, 0, 3]},
			"faces": {
				"north": {"uv": [5.5, 9.5, 6.5, 10], "texture": "#1"},
				"east": {"uv": [6.5, 9.5, 7.5, 10], "texture": "#1"},
				"south": {"uv": [9, 9.5, 10, 10], "texture": "#1"},
				"west": {"uv": [0, 10, 1, 10.5], "texture": "#1"},
				"up": {"uv": [5, 6, 4, 5], "texture": "#1"},
				"down": {"uv": [6, 5, 5, 6], "texture": "#1"}
			}
		},
		{
			"from": [5, 0, 6],
			"to": [7, 1, 8],
			"rotation": {"angle": 0, "axis": "z", "origin": [2, 0, 3]},
			"faces": {
				"north": {"uv": [1, 10, 2, 10.5], "texture": "#1"},
				"east": {"uv": [3, 10, 4, 10.5], "texture": "#1"},
				"south": {"uv": [4, 10, 5, 10.5], "texture": "#1"},
				"west": {"uv": [10, 4.5, 11, 5], "texture": "#1"},
				"up": {"uv": [1, 7, 0, 6], "texture": "#1"},
				"down": {"uv": [7, 0, 6, 1], "texture": "#1"}
			}
		},
		{
			"from": [2, 0, 4],
			"to": [3, 1, 5],
			"rotation": {"angle": 0, "axis": "z", "origin": [2, 0, 3]},
			"faces": {
				"north": {"uv": [2, 9, 2.5, 9.5], "texture": "#1"},
				"east": {"uv": [9, 2, 9.5, 2.5], "texture": "#1"},
				"south": {"uv": [5.5, 9, 6, 9.5], "texture": "#1"},
				"west": {"uv": [4, 9.5, 4.5, 10], "texture": "#1"},
				"up": {"uv": [8, 10, 7.5, 9.5], "texture": "#1"},
				"down": {"uv": [12.5, 6, 12, 6.5], "texture": "#1"}
			}
		},
		{
			"from": [3, 0, 3],
			"to": [4, 1, 4],
			"rotation": {"angle": 0, "axis": "z", "origin": [2, 0, 3]},
			"faces": {
				"north": {"uv": [6.5, 12, 7, 12.5], "texture": "#1"},
				"east": {"uv": [12, 6.5, 12.5, 7], "texture": "#1"},
				"south": {"uv": [7, 12, 7.5, 12.5], "texture": "#1"},
				"west": {"uv": [12, 7, 12.5, 7.5], "texture": "#1"},
				"up": {"uv": [8, 12.5, 7.5, 12], "texture": "#1"},
				"down": {"uv": [12.5, 7.5, 12, 8], "texture": "#1"}
			}
		},
		{
			"from": [1, 0, 1],
			"to": [2, 1, 2],
			"rotation": {"angle": 0, "axis": "z", "origin": [0, 0, 1]},
			"faces": {
				"north": {"uv": [8, 12, 8.5, 12.5], "texture": "#1"},
				"east": {"uv": [12, 8, 12.5, 8.5], "texture": "#1"},
				"south": {"uv": [8.5, 12, 9, 12.5], "texture": "#1"},
				"west": {"uv": [12, 8.5, 12.5, 9], "texture": "#1"},
				"up": {"uv": [9.5, 12.5, 9, 12], "texture": "#1"},
				"down": {"uv": [12.5, 9, 12, 9.5], "texture": "#1"}
			}
		},
		{
			"from": [0, 0, 2],
			"to": [1, 1, 3],
			"rotation": {"angle": 0, "axis": "z", "origin": [0, 0, 1]},
			"faces": {
				"north": {"uv": [9.5, 12, 10, 12.5], "texture": "#1"},
				"east": {"uv": [12, 9.5, 12.5, 10], "texture": "#1"},
				"south": {"uv": [10, 12, 10.5, 12.5], "texture": "#1"},
				"west": {"uv": [12, 10, 12.5, 10.5], "texture": "#1"},
				"up": {"uv": [11, 12.5, 10.5, 12], "texture": "#1"},
				"down": {"uv": [12.5, 10.5, 12, 11], "texture": "#1"}
			}
		},
		{
			"from": [1, 0, 2],
			"to": [3, 1, 4],
			"rotation": {"angle": 0, "axis": "z", "origin": [0, 0, 1]},
			"faces": {
				"north": {"uv": [5, 10, 6, 10.5], "texture": "#1"},
				"east": {"uv": [10, 5, 11, 5.5], "texture": "#1"},
				"south": {"uv": [10, 5.5, 11, 6], "texture": "#1"},
				"west": {"uv": [6, 10, 7, 10.5], "texture": "#1"},
				"up": {"uv": [2, 7, 1, 6], "texture": "#1"},
				"down": {"uv": [7, 1, 6, 2], "texture": "#1"}
			}
		},
		{
			"from": [-1, 0, -1],
			"to": [0, 1, 0],
			"rotation": {"angle": 0, "axis": "z", "origin": [-2, 0, -1]},
			"faces": {
				"north": {"uv": [11, 12, 11.5, 12.5], "texture": "#1"},
				"east": {"uv": [12, 11, 12.5, 11.5], "texture": "#1"},
				"south": {"uv": [11.5, 12, 12, 12.5], "texture": "#1"},
				"west": {"uv": [12, 11.5, 12.5, 12], "texture": "#1"},
				"up": {"uv": [12.5, 12.5, 12, 12], "texture": "#1"},
				"down": {"uv": [0.5, 12.5, 0, 13], "texture": "#1"}
			}
		},
		{
			"from": [-2, 0, 0],
			"to": [-1, 1, 1],
			"rotation": {"angle": 0, "axis": "z", "origin": [-2, 0, -1]},
			"faces": {
				"north": {"uv": [12.5, 0, 13, 0.5], "texture": "#1"},
				"east": {"uv": [0.5, 12.5, 1, 13], "texture": "#1"},
				"south": {"uv": [12.5, 0.5, 13, 1], "texture": "#1"},
				"west": {"uv": [1, 12.5, 1.5, 13], "texture": "#1"},
				"up": {"uv": [13, 1.5, 12.5, 1], "texture": "#1"},
				"down": {"uv": [2, 12.5, 1.5, 13], "texture": "#1"}
			}
		},
		{
			"from": [-1, 0, 0],
			"to": [1, 1, 2],
			"rotation": {"angle": 0, "axis": "z", "origin": [-2, 0, -1]},
			"faces": {
				"north": {"uv": [10, 6, 11, 6.5], "texture": "#1"},
				"east": {"uv": [10, 6.5, 11, 7], "texture": "#1"},
				"south": {"uv": [7, 10, 8, 10.5], "texture": "#1"},
				"west": {"uv": [10, 7, 11, 7.5], "texture": "#1"},
				"up": {"uv": [3, 7, 2, 6], "texture": "#1"},
				"down": {"uv": [7, 2, 6, 3], "texture": "#1"}
			}
		},
		{
			"from": [-3, 0, -3],
			"to": [-2, 1, -2],
			"rotation": {"angle": 0, "axis": "z", "origin": [-4, 0, -3]},
			"faces": {
				"north": {"uv": [12.5, 1.5, 13, 2], "texture": "#1"},
				"east": {"uv": [2, 12.5, 2.5, 13], "texture": "#1"},
				"south": {"uv": [12.5, 2, 13, 2.5], "texture": "#1"},
				"west": {"uv": [2.5, 12.5, 3, 13], "texture": "#1"},
				"up": {"uv": [13, 3, 12.5, 2.5], "texture": "#1"},
				"down": {"uv": [3.5, 12.5, 3, 13], "texture": "#1"}
			}
		},
		{
			"from": [-4, 0, -2],
			"to": [-3, 1, -1],
			"rotation": {"angle": 0, "axis": "z", "origin": [-4, 0, -3]},
			"faces": {
				"north": {"uv": [12.5, 3, 13, 3.5], "texture": "#1"},
				"east": {"uv": [12.5, 3.5, 13, 4], "texture": "#1"},
				"south": {"uv": [12.5, 4, 13, 4.5], "texture": "#1"},
				"west": {"uv": [12.5, 4.5, 13, 5], "texture": "#1"},
				"up": {"uv": [13, 5.5, 12.5, 5], "texture": "#1"},
				"down": {"uv": [6, 12.5, 5.5, 13], "texture": "#1"}
			}
		},
		{
			"from": [-3, 0, -2],
			"to": [-1, 1, 0],
			"rotation": {"angle": 0, "axis": "z", "origin": [-4, 0, -3]},
			"faces": {
				"north": {"uv": [10, 7.5, 11, 8], "texture": "#1"},
				"east": {"uv": [8, 10, 9, 10.5], "texture": "#1"},
				"south": {"uv": [10, 8, 11, 8.5], "texture": "#1"},
				"west": {"uv": [10, 8.5, 11, 9], "texture": "#1"},
				"up": {"uv": [4, 7, 3, 6], "texture": "#1"},
				"down": {"uv": [7, 3, 6, 4], "texture": "#1"}
			}
		},
		{
			"from": [-5, 0, -5],
			"to": [-4, 1, -4],
			"rotation": {"angle": 0, "axis": "z", "origin": [-6, 0, -5]},
			"faces": {
				"north": {"uv": [12.5, 5.5, 13, 6], "texture": "#1"},
				"east": {"uv": [6, 12.5, 6.5, 13], "texture": "#1"},
				"south": {"uv": [12.5, 6, 13, 6.5], "texture": "#1"},
				"west": {"uv": [6.5, 12.5, 7, 13], "texture": "#1"},
				"up": {"uv": [13, 7, 12.5, 6.5], "texture": "#1"},
				"down": {"uv": [7.5, 12.5, 7, 13], "texture": "#1"}
			}
		},
		{
			"from": [-6, 0, -4],
			"to": [-5, 1, -3],
			"rotation": {"angle": 0, "axis": "z", "origin": [-6, 0, -5]},
			"faces": {
				"north": {"uv": [12.5, 7, 13, 7.5], "texture": "#1"},
				"east": {"uv": [7.5, 12.5, 8, 13], "texture": "#1"},
				"south": {"uv": [12.5, 7.5, 13, 8], "texture": "#1"},
				"west": {"uv": [8, 12.5, 8.5, 13], "texture": "#1"},
				"up": {"uv": [13, 8.5, 12.5, 8], "texture": "#1"},
				"down": {"uv": [9, 12.5, 8.5, 13], "texture": "#1"}
			}
		},
		{
			"from": [-5, 0, -4],
			"to": [-3, 1, -2],
			"rotation": {"angle": 0, "axis": "z", "origin": [-6, 0, -5]},
			"faces": {
				"north": {"uv": [9, 10, 10, 10.5], "texture": "#1"},
				"east": {"uv": [10, 9, 11, 9.5], "texture": "#1"},
				"south": {"uv": [10, 9.5, 11, 10], "texture": "#1"},
				"west": {"uv": [10, 10, 11, 10.5], "texture": "#1"},
				"up": {"uv": [5, 7, 4, 6], "texture": "#1"},
				"down": {"uv": [7, 4, 6, 5], "texture": "#1"}
			}
		},
		{
			"from": [-7, 0, -7],
			"to": [-6, 1, -6],
			"rotation": {"angle": 0, "axis": "z", "origin": [-8, 0, -7]},
			"faces": {
				"north": {"uv": [12.5, 8.5, 13, 9], "texture": "#1"},
				"east": {"uv": [9, 12.5, 9.5, 13], "texture": "#1"},
				"south": {"uv": [12.5, 9, 13, 9.5], "texture": "#1"},
				"west": {"uv": [9.5, 12.5, 10, 13], "texture": "#1"},
				"up": {"uv": [13, 10, 12.5, 9.5], "texture": "#1"},
				"down": {"uv": [10.5, 12.5, 10, 13], "texture": "#1"}
			}
		},
		{
			"from": [-8, 0, -6],
			"to": [-7, 1, -5],
			"rotation": {"angle": 0, "axis": "z", "origin": [-8, 0, -7]},
			"faces": {
				"north": {"uv": [12.5, 10, 13, 10.5], "texture": "#1"},
				"east": {"uv": [10.5, 12.5, 11, 13], "texture": "#1"},
				"south": {"uv": [12.5, 10.5, 13, 11], "texture": "#1"},
				"west": {"uv": [11, 12.5, 11.5, 13], "texture": "#1"},
				"up": {"uv": [13, 11.5, 12.5, 11], "texture": "#1"},
				"down": {"uv": [12, 12.5, 11.5, 13], "texture": "#1"}
			}
		},
		{
			"from": [-7, 0, -6],
			"to": [-5, 1, -4],
			"rotation": {"angle": 0, "axis": "z", "origin": [-8, 0, -7]},
			"faces": {
				"north": {"uv": [0, 10.5, 1, 11], "texture": "#1"},
				"east": {"uv": [10.5, 0, 11.5, 0.5], "texture": "#1"},
				"south": {"uv": [10.5, 0.5, 11.5, 1], "texture": "#1"},
				"west": {"uv": [1, 10.5, 2, 11], "texture": "#1"},
				"up": {"uv": [6, 7, 5, 6], "texture": "#1"},
				"down": {"uv": [7, 5, 6, 6], "texture": "#1"}
			}
		},
		{
			"from": [5, 0, 5],
			"to": [6, 1, 6],
			"rotation": {"angle": 0, "axis": "z", "origin": [2, 0, 3]},
			"faces": {
				"north": {"uv": [12.5, 11.5, 13, 12], "texture": "#1"},
				"east": {"uv": [12, 12.5, 12.5, 13], "texture": "#1"},
				"south": {"uv": [12.5, 12, 13, 12.5], "texture": "#1"},
				"west": {"uv": [12.5, 12.5, 13, 13], "texture": "#1"},
				"up": {"uv": [0.5, 13.5, 0, 13], "texture": "#1"},
				"down": {"uv": [13.5, 0, 13, 0.5], "texture": "#1"}
			}
		},
		{
			"from": [4, 0, 6],
			"to": [5, 1, 7],
			"rotation": {"angle": 0, "axis": "z", "origin": [2, 0, 3]},
			"faces": {
				"north": {"uv": [0.5, 13, 1, 13.5], "texture": "#1"},
				"east": {"uv": [13, 0.5, 13.5, 1], "texture": "#1"},
				"south": {"uv": [1, 13, 1.5, 13.5], "texture": "#1"},
				"west": {"uv": [13, 1, 13.5, 1.5], "texture": "#1"},
				"up": {"uv": [2, 13.5, 1.5, 13], "texture": "#1"},
				"down": {"uv": [13.5, 1.5, 13, 2], "texture": "#1"}
			}
		},
		{
			"from": [6, 0, 8],
			"to": [8, 1, 9],
			"rotation": {"angle": 0, "axis": "z", "origin": [2, 0, 3]},
			"faces": {
				"north": {"uv": [10.5, 1, 11.5, 1.5], "texture": "#1"},
				"east": {"uv": [2, 13, 2.5, 13.5], "texture": "#1"},
				"south": {"uv": [10.5, 1.5, 11.5, 2], "texture": "#1"},
				"west": {"uv": [13, 2, 13.5, 2.5], "texture": "#1"},
				"up": {"uv": [3, 11, 2, 10.5], "texture": "#1"},
				"down": {"uv": [11.5, 2, 10.5, 2.5], "texture": "#1"}
			}
		},
		{
			"from": [9, -0.2, 13],
			"to": [10, 1.2, 17],
			"rotation": {"angle": 0, "axis": "z", "origin": [2, 0, 10]},
			"faces": {
				"north": {"uv": [9.5, 11, 10, 11.75], "texture": "#1"},
				"east": {"uv": [0, 0, 2, 0.75], "texture": "#1"},
				"south": {"uv": [11, 9.5, 11.5, 10.25], "texture": "#1"},
				"west": {"uv": [0, 1, 2, 1.75], "texture": "#1"},
				"up": {"uv": [6.5, 8, 6, 6], "texture": "#1"},
				"down": {"uv": [7, 6, 6.5, 8], "texture": "#1"}
			}
		},
		{
			"from": [8, -0.2, 13],
			"to": [9, 1.2, 17],
			"rotation": {"angle": 0, "axis": "z", "origin": [1, 0, 10]},
			"faces": {
				"north": {"uv": [10, 11, 10.5, 11.75], "texture": "#1"},
				"east": {"uv": [0, 2, 2, 2.75], "texture": "#1"},
				"south": {"uv": [10.5, 11, 11, 11.75], "texture": "#1"},
				"west": {"uv": [2, 0, 4, 0.75], "texture": "#1"},
				"up": {"uv": [0.5, 9, 0, 7], "texture": "#1"},
				"down": {"uv": [7.5, 0, 7, 2], "texture": "#1"}
			}
		},
		{
			"from": [7, -0.2, 12],
			"to": [8, 1.2, 16],
			"rotation": {"angle": 0, "axis": "z", "origin": [0, 0, 9]},
			"faces": {
				"north": {"uv": [11, 11, 11.5, 11.75], "texture": "#1"},
				"east": {"uv": [2, 1, 4, 1.75], "texture": "#1"},
				"south": {"uv": [0, 11.5, 0.5, 12.25], "texture": "#1"},
				"west": {"uv": [2, 2, 4, 2.75], "texture": "#1"},
				"up": {"uv": [1, 9, 0.5, 7], "texture": "#1"},
				"down": {"uv": [1.5, 7, 1, 9], "texture": "#1"}
			}
		},
		{
			"from": [6, -0.2, 11],
			"to": [7, 1.2, 15],
			"rotation": {"angle": 0, "axis": "z", "origin": [-1, 0, 8]},
			"faces": {
				"north": {"uv": [11.5, 0, 12, 0.75], "texture": "#1"},
				"east": {"uv": [0, 3, 2, 3.75], "texture": "#1"},
				"south": {"uv": [0.5, 11.5, 1, 12.25], "texture": "#1"},
				"west": {"uv": [2, 3, 4, 3.75], "texture": "#1"},
				"up": {"uv": [2, 9, 1.5, 7], "texture": "#1"},
				"down": {"uv": [2.5, 7, 2, 9], "texture": "#1"}
			}
		},
		{
			"from": [5, 0, 11],
			"to": [6, 1, 15],
			"rotation": {"angle": 0, "axis": "z", "origin": [-2, 0, 8]},
			"faces": {
				"north": {"uv": [2.5, 13, 3, 13.5], "texture": "#1"},
				"east": {"uv": [7, 2, 9, 2.5], "texture": "#1"},
				"south": {"uv": [13, 2.5, 13.5, 3], "texture": "#1"},
				"west": {"uv": [2.5, 7, 4.5, 7.5], "texture": "#1"},
				"up": {"uv": [7.5, 4.5, 7, 2.5], "texture": "#1"},
				"down": {"uv": [5, 7, 4.5, 9], "texture": "#1"}
			}
		},
		{
			"from": [6, 0, 15],
			"to": [7, 1, 16],
			"rotation": {"angle": 0, "axis": "z", "origin": [-1, 0, 9]},
			"faces": {
				"north": {"uv": [3, 13, 3.5, 13.5], "texture": "#1"},
				"east": {"uv": [13, 3, 13.5, 3.5], "texture": "#1"},
				"south": {"uv": [3.5, 13, 4, 13.5], "texture": "#1"},
				"west": {"uv": [13, 3.5, 13.5, 4], "texture": "#1"},
				"up": {"uv": [4.5, 13.5, 4, 13], "texture": "#1"},
				"down": {"uv": [13.5, 4, 13, 4.5], "texture": "#1"}
			}
		},
		{
			"from": [7, 0, 16],
			"to": [8, 1, 17],
			"rotation": {"angle": 0, "axis": "z", "origin": [0, 0, 10]},
			"faces": {
				"north": {"uv": [4.5, 13, 5, 13.5], "texture": "#1"},
				"east": {"uv": [13, 4.5, 13.5, 5], "texture": "#1"},
				"south": {"uv": [5, 13, 5.5, 13.5], "texture": "#1"},
				"west": {"uv": [13, 5, 13.5, 5.5], "texture": "#1"},
				"up": {"uv": [6, 13.5, 5.5, 13], "texture": "#1"},
				"down": {"uv": [13.5, 5.5, 13, 6], "texture": "#1"}
			}
		},
		{
			"from": [8, 0, 17],
			"to": [12, 1, 18],
			"rotation": {"angle": 0, "axis": "z", "origin": [1, 0, 11]},
			"faces": {
				"north": {"uv": [7, 4.5, 9, 5], "texture": "#1"},
				"east": {"uv": [6, 13, 6.5, 13.5], "texture": "#1"},
				"south": {"uv": [7, 5, 9, 5.5], "texture": "#1"},
				"west": {"uv": [13, 6, 13.5, 6.5], "texture": "#1"},
				"up": {"uv": [9, 6, 7, 5.5], "texture": "#1"},
				"down": {"uv": [9, 6, 7, 6.5], "texture": "#1"}
			}
		},
		{
			"from": [16, 0, 9],
			"to": [17, 1, 13],
			"rotation": {"angle": 0, "axis": "z", "origin": [6, 0, 6]},
			"faces": {
				"north": {"uv": [6.5, 13, 7, 13.5], "texture": "#1"},
				"east": {"uv": [7, 6.5, 9, 7], "texture": "#1"},
				"south": {"uv": [13, 6.5, 13.5, 7], "texture": "#1"},
				"west": {"uv": [7, 7, 9, 7.5], "texture": "#1"},
				"up": {"uv": [5.5, 9, 5, 7], "texture": "#1"},
				"down": {"uv": [6, 7, 5.5, 9], "texture": "#1"}
			}
		},
		{
			"from": [15, 0, 8],
			"to": [16, 1, 9],
			"rotation": {"angle": 0, "axis": "z", "origin": [5, 0, 5]},
			"faces": {
				"north": {"uv": [7, 13, 7.5, 13.5], "texture": "#1"},
				"east": {"uv": [13, 7, 13.5, 7.5], "texture": "#1"},
				"south": {"uv": [7.5, 13, 8, 13.5], "texture": "#1"},
				"west": {"uv": [13, 7.5, 13.5, 8], "texture": "#1"},
				"up": {"uv": [8.5, 13.5, 8, 13], "texture": "#1"},
				"down": {"uv": [13.5, 8, 13, 8.5], "texture": "#1"}
			}
		},
		{
			"from": [14, 0, 7],
			"to": [15, 1, 8],
			"rotation": {"angle": 0, "axis": "z", "origin": [4, 0, 4]},
			"faces": {
				"north": {"uv": [8.5, 13, 9, 13.5], "texture": "#1"},
				"east": {"uv": [13, 8.5, 13.5, 9], "texture": "#1"},
				"south": {"uv": [9, 13, 9.5, 13.5], "texture": "#1"},
				"west": {"uv": [13, 9, 13.5, 9.5], "texture": "#1"},
				"up": {"uv": [10, 13.5, 9.5, 13], "texture": "#1"},
				"down": {"uv": [13.5, 9.5, 13, 10], "texture": "#1"}
			}
		},
		{
			"from": [10, 0, 6],
			"to": [14, 1, 7],
			"rotation": {"angle": 0, "axis": "z", "origin": [2, 0, 3]},
			"faces": {
				"north": {"uv": [7.5, 0, 9.5, 0.5], "texture": "#1"},
				"east": {"uv": [10, 13, 10.5, 13.5], "texture": "#1"},
				"south": {"uv": [7.5, 0.5, 9.5, 1], "texture": "#1"},
				"west": {"uv": [13, 10, 13.5, 10.5], "texture": "#1"},
				"up": {"uv": [9.5, 1.5, 7.5, 1], "texture": "#1"},
				"down": {"uv": [9.5, 1.5, 7.5, 2], "texture": "#1"}
			}
		},
		{
			"from": [10, -0.2, 15],
			"to": [11, 1.2, 16],
			"rotation": {"angle": 0, "axis": "z", "origin": [3, 0, 12]},
			"faces": {
				"north": {"uv": [1, 11.5, 1.5, 12.25], "texture": "#1"},
				"east": {"uv": [11.5, 1, 12, 1.75], "texture": "#1"},
				"south": {"uv": [1.5, 11.5, 2, 12.25], "texture": "#1"},
				"west": {"uv": [2, 11.5, 2.5, 12.25], "texture": "#1"},
				"up": {"uv": [11, 13.5, 10.5, 13], "texture": "#1"},
				"down": {"uv": [13.5, 10.5, 13, 11], "texture": "#1"}
			}
		},
		{
			"from": [10, -0.2, 13],
			"to": [11, 1.2, 14],
			"rotation": {"angle": 0, "axis": "z", "origin": [3, 0, 10]},
			"faces": {
				"north": {"uv": [11.5, 2, 12, 2.75], "texture": "#1"},
				"east": {"uv": [2.5, 11.5, 3, 12.25], "texture": "#1"},
				"south": {"uv": [3, 11.5, 3.5, 12.25], "texture": "#1"},
				"west": {"uv": [11.5, 3, 12, 3.75], "texture": "#1"},
				"up": {"uv": [11.5, 13.5, 11, 13], "texture": "#1"},
				"down": {"uv": [13.5, 11, 13, 11.5], "texture": "#1"}
			}
		},
		{
			"from": [14, -0.2, 11],
			"to": [15, 1.2, 12],
			"rotation": {"angle": 0, "axis": "z", "origin": [7, 0, 8]},
			"faces": {
				"north": {"uv": [11.5, 4, 12, 4.75], "texture": "#1"},
				"east": {"uv": [11.5, 5, 12, 5.75], "texture": "#1"},
				"south": {"uv": [5.5, 11.5, 6, 12.25], "texture": "#1"},
				"west": {"uv": [6, 11.5, 6.5, 12.25], "texture": "#1"},
				"up": {"uv": [12, 13.5, 11.5, 13], "texture": "#1"},
				"down": {"uv": [13.5, 11.5, 13, 12], "texture": "#1"}
			}
		},
		{
			"from": [15, -0.2, 11],
			"to": [16, 1.2, 13],
			"rotation": {"angle": 0, "axis": "z", "origin": [8, 0, 8]},
			"faces": {
				"north": {"uv": [11.5, 6, 12, 6.75], "texture": "#1"},
				"east": {"uv": [9.5, 0, 10.5, 0.75], "texture": "#1"},
				"south": {"uv": [11.5, 7, 12, 7.75], "texture": "#1"},
				"west": {"uv": [9.5, 1, 10.5, 1.75], "texture": "#1"},
				"up": {"uv": [11, 3.5, 10.5, 2.5], "texture": "#1"},
				"down": {"uv": [3.5, 10.5, 3, 11.5], "texture": "#1"}
			}
		},
		{
			"from": [12, -0.2, 11],
			"to": [13, 1.2, 12],
			"rotation": {"angle": 0, "axis": "z", "origin": [5, 0, 8]},
			"faces": {
				"north": {"uv": [11.5, 8, 12, 8.75], "texture": "#1"},
				"east": {"uv": [11.5, 9, 12, 9.75], "texture": "#1"},
				"south": {"uv": [11.5, 10, 12, 10.75], "texture": "#1"},
				"west": {"uv": [11.5, 11, 12, 11.75], "texture": "#1"},
				"up": {"uv": [12.5, 13.5, 12, 13], "texture": "#1"},
				"down": {"uv": [13.5, 12, 13, 12.5], "texture": "#1"}
			}
		},
		{
			"from": [12, -0.2, 10],
			"to": [16, 1.2, 11],
			"rotation": {"angle": 0, "axis": "z", "origin": [4, 0, 7]},
			"faces": {
				"north": {"uv": [0, 4, 2, 4.75], "texture": "#1"},
				"east": {"uv": [12, 0, 12.5, 0.75], "texture": "#1"},
				"south": {"uv": [4, 0, 6, 0.75], "texture": "#1"},
				"west": {"uv": [12, 1, 12.5, 1.75], "texture": "#1"},
				"up": {"uv": [4.5, 8, 2.5, 7.5], "texture": "#1"},
				"down": {"uv": [9.5, 2.5, 7.5, 3], "texture": "#1"}
			}
		},
		{
			"from": [12, -0.2, 9],
			"to": [16, 1.2, 10],
			"rotation": {"angle": 0, "axis": "z", "origin": [4, 0, 6]},
			"faces": {
				"north": {"uv": [4, 1, 6, 1.75], "texture": "#1"},
				"east": {"uv": [12, 2, 12.5, 2.75], "texture": "#1"},
				"south": {"uv": [2, 4, 4, 4.75], "texture": "#1"},
				"west": {"uv": [12, 3, 12.5, 3.75], "texture": "#1"},
				"up": {"uv": [9.5, 3.5, 7.5, 3], "texture": "#1"},
				"down": {"uv": [9.5, 3.5, 7.5, 4], "texture": "#1"}
			}
		},
		{
			"from": [11, -0.2, 8],
			"to": [15, 1.2, 9],
			"rotation": {"angle": 0, "axis": "z", "origin": [4, 0, 5]},
			"faces": {
				"north": {"uv": [4, 2, 6, 2.75], "texture": "#1"},
				"east": {"uv": [3.5, 12, 4, 12.75], "texture": "#1"},
				"south": {"uv": [4, 3, 6, 3.75], "texture": "#1"},
				"west": {"uv": [4, 12, 4.5, 12.75], "texture": "#1"},
				"up": {"uv": [9.5, 4.5, 7.5, 4], "texture": "#1"},
				"down": {"uv": [9, 7.5, 7, 8], "texture": "#1"}
			}
		},
		{
			"from": [10, -0.2, 7],
			"to": [14, 1.2, 8],
			"rotation": {"angle": 0, "axis": "z", "origin": [4, 0, 4]},
			"faces": {
				"north": {"uv": [4, 4, 6, 4.75], "texture": "#1"},
				"east": {"uv": [12, 4, 12.5, 4.75], "texture": "#1"},
				"south": {"uv": [0, 5, 2, 5.75], "texture": "#1"},
				"west": {"uv": [4.5, 12, 5, 12.75], "texture": "#1"},
				"up": {"uv": [4.5, 8.5, 2.5, 8], "texture": "#1"},
				"down": {"uv": [8, 8, 6, 8.5], "texture": "#1"}
			}
		},
		{
			"from": [10, -0.2, 16],
			"to": [12, 1.2, 17],
			"rotation": {"angle": 0, "axis": "z", "origin": [3, 0, 13]},
			"faces": {
				"north": {"uv": [2, 9.5, 3, 10.25], "texture": "#1"},
				"east": {"uv": [5, 12, 5.5, 12.75], "texture": "#1"},
				"south": {"uv": [9.5, 2, 10.5, 2.75], "texture": "#1"},
				"west": {"uv": [12, 5, 12.5, 5.75], "texture": "#1"},
				"up": {"uv": [4.5, 11, 3.5, 10.5], "texture": "#1"},
				"down": {"uv": [11.5, 3.5, 10.5, 4], "texture": "#1"}
			}
		},
		{
			"from": [12, 0, 12],
			"to": [13, 1, 14],
			"rotation": {"angle": 0, "axis": "y", "origin": [5, 0, 4]},
			"faces": {
				"north": {"uv": [12.5, 13, 13, 13.5], "texture": "#1"},
				"east": {"uv": [10.5, 4, 11.5, 4.5], "texture": "#1"},
				"south": {"uv": [13, 12.5, 13.5, 13], "texture": "#1"},
				"west": {"uv": [4.5, 10.5, 5.5, 11], "texture": "#1"},
				"up": {"uv": [6, 11.5, 5.5, 10.5], "texture": "#1"},
				"down": {"uv": [6.5, 10.5, 6, 11.5], "texture": "#1"}
			}
		},
		{
			"from": [11, 0, 13],
			"to": [12, 1, 14],
			"rotation": {"angle": 0, "axis": "y", "origin": [4, 0, 4]},
			"faces": {
				"north": {"uv": [13, 13, 13.5, 13.5], "texture": "#1"},
				"east": {"uv": [0, 13.5, 0.5, 14], "texture": "#1"},
				"south": {"uv": [13.5, 0, 14, 0.5], "texture": "#1"},
				"west": {"uv": [0.5, 13.5, 1, 14], "texture": "#1"},
				"up": {"uv": [14, 1, 13.5, 0.5], "texture": "#1"},
				"down": {"uv": [1.5, 13.5, 1, 14], "texture": "#1"}
			}
		},
		{
			"from": [7, 0, 7],
			"to": [8, 1, 8],
			"rotation": {"angle": 0, "axis": "z", "origin": [2, 0, 3]},
			"faces": {
				"north": {"uv": [13.5, 1, 14, 1.5], "texture": "#1"},
				"east": {"uv": [1.5, 13.5, 2, 14], "texture": "#1"},
				"south": {"uv": [13.5, 1.5, 14, 2], "texture": "#1"},
				"west": {"uv": [2, 13.5, 2.5, 14], "texture": "#1"},
				"up": {"uv": [14, 2.5, 13.5, 2], "texture": "#1"},
				"down": {"uv": [3, 13.5, 2.5, 14], "texture": "#1"}
			}
		},
		{
			"from": [9, -0.4, 9],
			"to": [10, 1.4, 10],
			"rotation": {"angle": 0, "axis": "z", "origin": [4, 0, 5]},
			"faces": {
				"north": {"uv": [11, 2.5, 11.5, 3.375], "texture": "#1"},
				"east": {"uv": [3.5, 11, 4, 11.875], "texture": "#1"},
				"south": {"uv": [4, 11, 4.5, 11.875], "texture": "#1"},
				"west": {"uv": [4.5, 11, 5, 11.875], "texture": "#1"},
				"up": {"uv": [14, 3, 13.5, 2.5], "texture": "#1"},
				"down": {"uv": [3.5, 13.5, 3, 14], "texture": "#1"}
			}
		},
		{
			"from": [8, -0.4, 10],
			"to": [10, 1.4, 11],
			"rotation": {"angle": 0, "axis": "z", "origin": [4, 0, 5]},
			"faces": {
				"north": {"uv": [1, 9, 2, 9.875], "texture": "#1"},
				"east": {"uv": [11, 4.5, 11.5, 5.375], "texture": "#1"},
				"south": {"uv": [4.5, 9, 5.5, 9.875], "texture": "#1"},
				"west": {"uv": [5, 11, 5.5, 11.875], "texture": "#1"},
				"up": {"uv": [7.5, 11, 6.5, 10.5], "texture": "#1"},
				"down": {"uv": [8.5, 10.5, 7.5, 11], "texture": "#1"}
			}
		},
		{
			"from": [10, -0.4, 10],
			"to": [12, 1.4, 11],
			"rotation": {"angle": 0, "axis": "z", "origin": [5, 0, 6]},
			"faces": {
				"north": {"uv": [9, 4.5, 10, 5.375], "texture": "#1"},
				"east": {"uv": [11, 5.5, 11.5, 6.375], "texture": "#1"},
				"south": {"uv": [9, 5.5, 10, 6.375], "texture": "#1"},
				"west": {"uv": [6.5, 11, 7, 11.875], "texture": "#1"},
				"up": {"uv": [9.5, 11, 8.5, 10.5], "texture": "#1"},
				"down": {"uv": [10.5, 10.5, 9.5, 11], "texture": "#1"}
			}
		},
		{
			"from": [9, -0.4, 11],
			"to": [11, 1.4, 13],
			"rotation": {"angle": 0, "axis": "z", "origin": [5, 0, 6]},
			"faces": {
				"north": {"uv": [9, 6.5, 10, 7.375], "texture": "#1"},
				"east": {"uv": [9, 7.5, 10, 8.375], "texture": "#1"},
				"south": {"uv": [8, 9, 9, 9.875], "texture": "#1"},
				"west": {"uv": [9, 8.5, 10, 9.375], "texture": "#1"},
				"up": {"uv": [9, 9, 8, 8], "texture": "#1"},
				"down": {"uv": [3.5, 8.5, 2.5, 9.5], "texture": "#1"}
			}
		},
		{
			"from": [9.5, 1.4, 10.5],
			"to": [11.5, 1.8, 12.5],
			"rotation": {"angle": 0, "axis": "z", "origin": [5, 2, 6]},
			"faces": {
				"north": {"uv": [13.5, 3, 14.5, 3.25], "texture": "#1"},
				"east": {"uv": [3.5, 13.5, 4.5, 13.75], "texture": "#1"},
				"south": {"uv": [13.5, 3.5, 14.5, 3.75], "texture": "#1"},
				"west": {"uv": [13.5, 4, 14.5, 4.25], "texture": "#1"},
				"up": {"uv": [4.5, 9.5, 3.5, 8.5], "texture": "#1"},
				"down": {"uv": [7, 8.5, 6, 9.5], "texture": "#1"}
			}
		},
		{
			"from": [9.5, -0.8, 10.5],
			"to": [11.5, -0.4, 12.5],
			"rotation": {"angle": 0, "axis": "z", "origin": [5, 0, 6]},
			"faces": {
				"north": {"uv": [4.5, 13.5, 5.5, 13.75], "texture": "#1"},
				"east": {"uv": [13.5, 4.5, 14.5, 4.75], "texture": "#1"},
				"south": {"uv": [13.5, 5, 14.5, 5.25], "texture": "#1"},
				"west": {"uv": [5.5, 13.5, 6.5, 13.75], "texture": "#1"},
				"up": {"uv": [8, 9.5, 7, 8.5], "texture": "#1"},
				"down": {"uv": [1, 9, 0, 10], "texture": "#1"}
			}
		},
		{
			"from": [11, -0.4, 11],
			"to": [12, 1.4, 12],
			"rotation": {"angle": 0, "axis": "z", "origin": [6, 0, 7]},
			"faces": {
				"north": {"uv": [11, 6.5, 11.5, 7.375], "texture": "#1"},
				"east": {"uv": [7, 11, 7.5, 11.875], "texture": "#1"},
				"south": {"uv": [7.5, 11, 8, 11.875], "texture": "#1"},
				"west": {"uv": [11, 7.5, 11.5, 8.375], "texture": "#1"},
				"up": {"uv": [14, 6, 13.5, 5.5], "texture": "#1"},
				"down": {"uv": [14, 6, 13.5, 6.5], "texture": "#1"}
			}
		},
		{
			"from": [11, -0.4, 12],
			"to": [12, 1.4, 13],
			"rotation": {"angle": 0, "axis": "z", "origin": [6, 0, 7]},
			"faces": {
				"north": {"uv": [8, 11, 8.5, 11.875], "texture": "#1"},
				"east": {"uv": [8.5, 11, 9, 11.875], "texture": "#1"},
				"south": {"uv": [11, 8.5, 11.5, 9.375], "texture": "#1"},
				"west": {"uv": [9, 11, 9.5, 11.875], "texture": "#1"},
				"up": {"uv": [7, 14, 6.5, 13.5], "texture": "#1"},
				"down": {"uv": [14, 6.5, 13.5, 7], "texture": "#1"}
			}
		},
		{
			"from": [7, 0, 9],
			"to": [9, 1, 10],
			"rotation": {"angle": 0, "axis": "z", "origin": [3, 0, 4]},
			"faces": {
				"north": {"uv": [10.5, 10.5, 11.5, 11], "texture": "#1"},
				"east": {"uv": [7, 13.5, 7.5, 14], "texture": "#1"},
				"south": {"uv": [0, 11, 1, 11.5], "texture": "#1"},
				"west": {"uv": [13.5, 7, 14, 7.5], "texture": "#1"},
				"up": {"uv": [2, 11.5, 1, 11], "texture": "#1"},
				"down": {"uv": [3, 11, 2, 11.5], "texture": "#1"}
			}
		},
		{
			"from": [8, 0, 8],
			"to": [9, 1, 9],
			"rotation": {"angle": 0, "axis": "z", "origin": [3, 0, 4]},
			"faces": {
				"north": {"uv": [7.5, 13.5, 8, 14], "texture": "#1"},
				"east": {"uv": [13.5, 7.5, 14, 8], "texture": "#1"},
				"south": {"uv": [8, 13.5, 8.5, 14], "texture": "#1"},
				"west": {"uv": [13.5, 8, 14, 8.5], "texture": "#1"},
				"up": {"uv": [9, 14, 8.5, 13.5], "texture": "#1"},
				"down": {"uv": [14, 8.5, 13.5, 9], "texture": "#1"}
			}
		}
	],
	"display": {
		"thirdperson_righthand": {
			"rotation": [-42.15, -3.6, 92.14],
			"translation": [-7.25, 8.5, 2.5],
			"scale": [0.84, 0.84, 0.84]
		},
		"thirdperson_lefthand": {
			"rotation": [-38.78, -6.69, -96.87],
			"translation": [6.5, 9.5, 3.75],
			"scale": [0.84, 0.84, 0.84]
		},
		"firstperson_righthand": {
			"rotation": [134, -173, -90],
			"translation": [-5, 6.75, 2],
			"scale": [0.72, 0.72, 0.72]
		},
		"firstperson_lefthand": {
			"rotation": [140, 180, 94],
			"translation": [1.75, 6.75, 4],
			"scale": [0.72, 0.72, 0.72]
		},
		"ground": {
			"translation": [0, 5.5, 0]
		},
		"gui": {
			"rotation": [159, 137, -82],
			"translation": [-1.5, 3, 0],
			"scale": [0.51, 0.51, 0.51]
		},
		"head": {
			"translation": [0, 6.5, 0]
		},
		"fixed": {
			"rotation": [-90.25, 0, 0],
			"translation": [11.5, 8.5, -13.25],
			"scale": [1.67, 1.67, 1.67]
		}
	},
	"groups": [
		{
			"name": "group",
			"origin": [6, 0, 5],
			"color": 0,
			"children": [
				0,
				1,
				2,
				3,
				4,
				5,
				6,
				7,
				8,
				9,
				10,
				11,
				12,
				13,
				14,
				15,
				16,
				17,
				18,
				19,
				20,
				21,
				22,
				23,
				24,
				25,
				26,
				27,
				28,
				29,
				30,
				31,
				32,
				33,
				34,
				35,
				36,
				37,
				38,
				39,
				40,
				41,
				42,
				43,
				44,
				45,
				46,
				47,
				48,
				49,
				50,
				51,
				52,
				53,
				54,
				55,
				56,
				57
			]
		}
	]
}