{
	"credit": "Made with Blockbench",
	"parent": "minecraft:item/shield_blocking",
	"textures": {
		"0": "items/escudoacacia",
		"particle": "items/escudoacacia"
	},
	"elements": [
		{
			"name": "plate",
			"from": [4, 7, 5],
			"to": [14, 13, 6],
			"rotation": {"angle": 0, "axis": "y", "origin": [8, 0, 8]},
			"faces": {
				"north": {"uv": [0, 0, 5, 5], "texture": "#0"},
				"east": {"uv": [5, 4, 5.5, 9], "texture": "#0"},
				"south": {"uv": [0, 5, 5, 10], "texture": "#0"},
				"west": {"uv": [5.5, 4, 6, 9], "texture": "#0"},
				"up": {"uv": [11, 4.5, 6, 4], "texture": "#0"},
				"down": {"uv": [11, 4.5, 6, 5], "texture": "#0"}
			}
		},
		{
			"name": "plate",
			"from": [2, 7, 5],
			"to": [4, 13, 6],
			"rotation": {"angle": 22.5, "axis": "y", "origin": [4, 12, 5]},
			"faces": {
				"north": {"uv": [0, 0, 5, 5], "texture": "#0"},
				"east": {"uv": [5, 4, 5.5, 9], "texture": "#0"},
				"south": {"uv": [0, 5, 5, 10], "texture": "#0"},
				"west": {"uv": [5.5, 4, 6, 9], "texture": "#0"},
				"up": {"uv": [11, 4.5, 6, 4], "texture": "#0"},
				"down": {"uv": [11, 4.5, 6, 5], "texture": "#0"}
			}
		},
		{
			"name": "plate",
			"from": [1, 13, 5],
			"to": [4, 17, 6],
			"rotation": {"angle": 22.5, "axis": "y", "origin": [4, 12, 5]},
			"faces": {
				"north": {"uv": [0, 0, 5, 5], "texture": "#0"},
				"east": {"uv": [5, 4, 5.5, 9], "texture": "#0"},
				"south": {"uv": [0, 5, 5, 10], "texture": "#0"},
				"west": {"uv": [5.5, 4, 6, 9], "texture": "#0"},
				"up": {"uv": [11, 4.5, 6, 4], "texture": "#0"},
				"down": {"uv": [11, 4.5, 6, 5], "texture": "#0"}
			}
		},
		{
			"name": "plate",
			"from": [4, 13, 5],
			"to": [15, 17, 6],
			"rotation": {"angle": 0, "axis": "y", "origin": [8, 4, 8]},
			"faces": {
				"north": {"uv": [0, 0, 5, 5], "texture": "#0"},
				"east": {"uv": [5, 4, 5.5, 9], "texture": "#0"},
				"south": {"uv": [0, 5, 5, 10], "texture": "#0"},
				"west": {"uv": [5.5, 4, 6, 9], "texture": "#0"},
				"up": {"uv": [11, 4.5, 6, 4], "texture": "#0"},
				"down": {"uv": [11, 4.5, 6, 5], "texture": "#0"}
			}
		},
		{
			"name": "plate",
			"from": [1, 17, 5],
			"to": [3, 19, 6],
			"rotation": {"angle": 22.5, "axis": "y", "origin": [4, 12, 5]},
			"faces": {
				"north": {"uv": [7, 2.5, 8, 3.5], "texture": "#0"},
				"east": {"uv": [9.5, 8, 10, 9], "texture": "#0"},
				"south": {"uv": [9, 2, 10, 3], "texture": "#0"},
				"west": {"uv": [9, 9.5, 9.5, 10.5], "texture": "#0"},
				"up": {"uv": [8, 4, 7, 3.5], "texture": "#0"},
				"down": {"uv": [10.5, 9, 9.5, 9.5], "texture": "#0"}
			}
		},
		{
			"name": "plate",
			"from": [3, 6, 5],
			"to": [4, 7, 6],
			"rotation": {"angle": 22.5, "axis": "y", "origin": [4, 12, 5]},
			"faces": {
				"north": {"uv": [9, 3, 10, 4], "texture": "#0"},
				"east": {"uv": [9.5, 9.5, 10, 10.5], "texture": "#0"},
				"south": {"uv": [7, 9, 8, 10], "texture": "#0"},
				"west": {"uv": [0, 10, 0.5, 11], "texture": "#0"},
				"up": {"uv": [11, 0.5, 10, 0], "texture": "#0"},
				"down": {"uv": [1.5, 10, 0.5, 10.5], "texture": "#0"}
			}
		},
		{
			"name": "plate",
			"from": [4, 5, 5],
			"to": [12, 7, 6],
			"rotation": {"angle": 0, "axis": "y", "origin": [14, -9, 8]},
			"faces": {
				"north": {"uv": [6, 7.5, 7, 9.5], "texture": "#0"},
				"east": {"uv": [8, 9, 8.5, 11], "texture": "#0"},
				"south": {"uv": [8, 0, 9, 2], "texture": "#0"},
				"west": {"uv": [8.5, 9, 9, 11], "texture": "#0"},
				"up": {"uv": [2.5, 10.5, 1.5, 10], "texture": "#0"},
				"down": {"uv": [11, 1.5, 10, 2], "texture": "#0"}
			}
		},
		{
			"name": "plate",
			"from": [5, 4, 5],
			"to": [11, 5, 6],
			"rotation": {"angle": 0, "axis": "y", "origin": [14, -10, 8]},
			"faces": {
				"north": {"uv": [6, 7.5, 7, 9.5], "texture": "#0"},
				"east": {"uv": [8, 9, 8.5, 11], "texture": "#0"},
				"south": {"uv": [8, 0, 9, 2], "texture": "#0"},
				"west": {"uv": [8.5, 9, 9, 11], "texture": "#0"},
				"up": {"uv": [2.5, 10.5, 1.5, 10], "texture": "#0"},
				"down": {"uv": [11, 1.5, 10, 2], "texture": "#0"}
			}
		},
		{
			"name": "plate",
			"from": [6, 3, 5],
			"to": [10, 4, 6],
			"rotation": {"angle": 0, "axis": "y", "origin": [14, -11, 8]},
			"faces": {
				"north": {"uv": [6, 7.5, 7, 9.5], "texture": "#0"},
				"east": {"uv": [8, 9, 8.5, 11], "texture": "#0"},
				"south": {"uv": [8, 0, 9, 2], "texture": "#0"},
				"west": {"uv": [8.5, 9, 9, 11], "texture": "#0"},
				"up": {"uv": [2.5, 10.5, 1.5, 10], "texture": "#0"},
				"down": {"uv": [11, 1.5, 10, 2], "texture": "#0"}
			}
		},
		{
			"name": "plate",
			"from": [12, 6, 5],
			"to": [13, 7, 6],
			"rotation": {"angle": 0, "axis": "y", "origin": [16, -9, 8]},
			"faces": {
				"north": {"uv": [9.5, 5, 10.5, 6], "texture": "#0"},
				"east": {"uv": [10, 2, 10.5, 3], "texture": "#0"},
				"south": {"uv": [6, 9.5, 7, 10.5], "texture": "#0"},
				"west": {"uv": [2.5, 10, 3, 11], "texture": "#0"},
				"up": {"uv": [4, 10.5, 3, 10], "texture": "#0"},
				"down": {"uv": [11, 3, 10, 3.5], "texture": "#0"}
			}
		},
		{
			"name": "plate",
			"from": [13, 17, 5],
			"to": [15, 19, 6],
			"rotation": {"angle": 0, "axis": "y", "origin": [18, 3, 8]},
			"faces": {
				"north": {"uv": [9.5, 6, 10.5, 7], "texture": "#0"},
				"east": {"uv": [7, 10, 7.5, 11], "texture": "#0"},
				"south": {"uv": [9.5, 7, 10.5, 8], "texture": "#0"},
				"west": {"uv": [7.5, 10, 8, 11], "texture": "#0"},
				"up": {"uv": [11, 8.5, 10, 8], "texture": "#0"},
				"down": {"uv": [11, 8.5, 10, 9], "texture": "#0"}
			}
		},
		{
			"name": "plate",
			"from": [11, 17, 5],
			"to": [12, 18, 6],
			"rotation": {"angle": 0, "axis": "y", "origin": [16, 3, 8]},
			"faces": {
				"north": {"uv": [10, 9.5, 11, 10], "texture": "#0"},
				"east": {"uv": [10.5, 5, 11, 5.5], "texture": "#0"},
				"south": {"uv": [10, 10, 11, 10.5], "texture": "#0"},
				"west": {"uv": [10.5, 5.5, 11, 6], "texture": "#0"},
				"up": {"uv": [1.5, 11, 0.5, 10.5], "texture": "#0"},
				"down": {"uv": [2.5, 10.5, 1.5, 11], "texture": "#0"}
			}
		},
		{
			"name": "plate",
			"from": [12, 17, 5],
			"to": [13, 18, 6],
			"rotation": {"angle": 0, "axis": "y", "origin": [17, 3, 8]},
			"faces": {
				"north": {"uv": [10, 9.5, 11, 10], "texture": "#0"},
				"east": {"uv": [10.5, 5, 11, 5.5], "texture": "#0"},
				"south": {"uv": [10, 10, 11, 10.5], "texture": "#0"},
				"west": {"uv": [10.5, 5.5, 11, 6], "texture": "#0"},
				"up": {"uv": [1.5, 11, 0.5, 10.5], "texture": "#0"},
				"down": {"uv": [2.5, 10.5, 1.5, 11], "texture": "#0"}
			}
		},
		{
			"name": "plate",
			"from": [4, 17, 5],
			"to": [5, 18, 6],
			"rotation": {"angle": 0, "axis": "y", "origin": [8, 3, 8]},
			"faces": {
				"north": {"uv": [10.5, 2, 11.5, 2.5], "texture": "#0"},
				"east": {"uv": [6, 10.5, 6.5, 11], "texture": "#0"},
				"south": {"uv": [10.5, 2.5, 11.5, 3], "texture": "#0"},
				"west": {"uv": [10.5, 6, 11, 6.5], "texture": "#0"},
				"up": {"uv": [4, 11, 3, 10.5], "texture": "#0"},
				"down": {"uv": [5, 10.5, 4, 11], "texture": "#0"}
			}
		},
		{
			"name": "plate",
			"from": [3, 17, 5],
			"to": [4, 18, 6],
			"rotation": {"angle": 22.5, "axis": "y", "origin": [4, 12, 5]},
			"faces": {
				"north": {"uv": [10.5, 2, 11.5, 2.5], "texture": "#0"},
				"east": {"uv": [6, 10.5, 6.5, 11], "texture": "#0"},
				"south": {"uv": [10.5, 2.5, 11.5, 3], "texture": "#0"},
				"west": {"uv": [10.5, 6, 11, 6.5], "texture": "#0"},
				"up": {"uv": [4, 11, 3, 10.5], "texture": "#0"},
				"down": {"uv": [5, 10.5, 4, 11], "texture": "#0"}
			}
		},
		{
			"name": "plate",
			"from": [6.5, 17, 5],
			"to": [9, 18, 6],
			"rotation": {"angle": 0, "axis": "y", "origin": [13, 3, 8]},
			"faces": {
				"north": {"uv": [10.5, 2, 11.5, 2.5], "texture": "#0"},
				"east": {"uv": [6, 10.5, 6.5, 11], "texture": "#0"},
				"south": {"uv": [10.5, 2.5, 11.5, 3], "texture": "#0"},
				"west": {"uv": [10.5, 6, 11, 6.5], "texture": "#0"},
				"up": {"uv": [4, 11, 3, 10.5], "texture": "#0"},
				"down": {"uv": [5, 10.5, 4, 11], "texture": "#0"}
			}
		},
		{
			"name": "plate",
			"from": [6.5, 2, 5],
			"to": [9, 3, 6],
			"rotation": {"angle": 0, "axis": "y", "origin": [13, -12, 8]},
			"faces": {
				"north": {"uv": [10.5, 2, 11.5, 2.5], "texture": "#0"},
				"east": {"uv": [6, 10.5, 6.5, 11], "texture": "#0"},
				"south": {"uv": [10.5, 2.5, 11.5, 3], "texture": "#0"},
				"west": {"uv": [10.5, 6, 11, 6.5], "texture": "#0"},
				"up": {"uv": [4, 11, 3, 10.5], "texture": "#0"},
				"down": {"uv": [5, 10.5, 4, 11], "texture": "#0"}
			}
		},
		{
			"name": "plate",
			"from": [7.2, 18, 5],
			"to": [8.2, 19, 6],
			"rotation": {"angle": 0, "axis": "y", "origin": [14, 4, 8]},
			"faces": {
				"north": {"uv": [10.5, 2, 11.5, 2.5], "texture": "#0"},
				"east": {"uv": [6, 10.5, 6.5, 11], "texture": "#0"},
				"south": {"uv": [10.5, 2.5, 11.5, 3], "texture": "#0"},
				"west": {"uv": [10.5, 6, 11, 6.5], "texture": "#0"},
				"up": {"uv": [4, 11, 3, 10.5], "texture": "#0"},
				"down": {"uv": [5, 10.5, 4, 11], "texture": "#0"}
			}
		},
		{
			"name": "plate",
			"from": [7.2, 1, 5],
			"to": [8.2, 2, 6],
			"rotation": {"angle": 0, "axis": "y", "origin": [14, -13, 8]},
			"faces": {
				"north": {"uv": [10.5, 2, 11.5, 2.5], "texture": "#0"},
				"east": {"uv": [6, 10.5, 6.5, 11], "texture": "#0"},
				"south": {"uv": [10.5, 2.5, 11.5, 3], "texture": "#0"},
				"west": {"uv": [10.5, 6, 11, 6.5], "texture": "#0"},
				"up": {"uv": [4, 11, 3, 10.5], "texture": "#0"},
				"down": {"uv": [5, 10.5, 4, 11], "texture": "#0"}
			}
		},
		{
			"name": "handle",
			"from": [7, 9, 6],
			"to": [9, 13, 10],
			"rotation": {"angle": 0, "axis": "y", "origin": [8, 0, 8]},
			"faces": {
				"north": {"uv": [8, 2, 9, 4], "texture": "#0"},
				"east": {"uv": [5, 0, 7, 2], "texture": "#0"},
				"south": {"uv": [8, 5, 9, 7], "texture": "#0"},
				"west": {"uv": [5, 2, 7, 4], "texture": "#0"},
				"up": {"uv": [9, 9, 8, 7], "texture": "#0"},
				"down": {"uv": [10, 0, 9, 2], "texture": "#0"}
			}
		}
	],
	"display": {
		"thirdperson_righthand": {
			"rotation": [43.37, -13.82, 2.89],
			"translation": [-0.25, -3.25, -1]
		},
		"thirdperson_lefthand": {
			"rotation": [33.08, -35.99, -1.19],
			"translation": [0, -4.5, -0.25]
		},
		"firstperson_righthand": {
			"rotation": [1, 3, 0],
			"translation": [-0.5, -10, 0.75],
			"scale": [1.58, 1.58, 1.58]
		},
		"firstperson_lefthand": {
			"translation": [-0.5, -9.75, 0.75],
			"scale": [1.58, 1.58, 1.58]
		},
		"ground": {
			"scale": [0.5, 0.5, 0.5]
		},
		"gui": {
			"rotation": [-155.58, 42.54, 179.38],
			"translation": [1.5, -1.75, 0],
			"scale": [0.81, 0.81, 0.81]
		},
		"head": {
			"translation": [0, 0, -4.5]
		},
		"fixed": {
			"translation": [0, -5, 4.25],
			"scale": [1.96, 1.96, 1.96]
		}
	},
	"groups": [
		{
			"name": "plate",
			"origin": [8, 11, 7],
			"color": 0,
			"children": [0, 1, 2, 3, 4, 5, 6, 7, 8, 9, 10, 11, 12, 13, 14, 15, 16, 17, 18, 19]
		}
	]
}