{
	"credit": "Made with Blockbench",
	"parent": "escudo_deku",
	"textures": {
		"0": "item/guia",
		"1": "item/espinas",
		"particle": "item/guia"
	},
	"elements": [
		{
			"name": "plate",
			"from": [3, 7, 5],
			"to": [13, 17, 6],
			"rotation": {"angle": 0, "axis": "y", "origin": [8, 0, 8]},
			"faces": {
				"north": {"uv": [0, 0, 5, 5], "texture": "#0"},
				"east": {"uv": [5, 4, 5.5, 9], "texture": "#0"},
				"south": {"uv": [0, 5, 5, 10], "texture": "#0"},
				"west": {"uv": [5.5, 4, 6, 9], "texture": "#0"},
				"up": {"uv": [11, 4.5, 6, 4], "texture": "#0"},
				"down": {"uv": [11, 4.5, 6, 5], "texture": "#0"}
			}
		},
		{
			"name": "plate",
			"from": [3, 17, 5],
			"to": [5, 19, 6],
			"rotation": {"angle": 0, "axis": "y", "origin": [8, 3, 8]},
			"faces": {
				"north": {"uv": [7, 2.5, 8, 3.5], "texture": "#0"},
				"east": {"uv": [9.5, 8, 10, 9], "texture": "#0"},
				"south": {"uv": [9, 2, 10, 3], "texture": "#0"},
				"west": {"uv": [9, 9.5, 9.5, 10.5], "texture": "#0"},
				"up": {"uv": [8, 4, 7, 3.5], "texture": "#0"},
				"down": {"uv": [10.5, 9, 9.5, 9.5], "texture": "#0"}
			}
		},
		{
			"name": "plate",
			"from": [3, 5, 5],
			"to": [5, 7, 6],
			"rotation": {"angle": 0, "axis": "y", "origin": [8, -9, 8]},
			"faces": {
				"north": {"uv": [9, 3, 10, 4], "texture": "#0"},
				"east": {"uv": [9.5, 9.5, 10, 10.5], "texture": "#0"},
				"south": {"uv": [7, 9, 8, 10], "texture": "#0"},
				"west": {"uv": [0, 10, 0.5, 11], "texture": "#0"},
				"up": {"uv": [11, 0.5, 10, 0], "texture": "#0"},
				"down": {"uv": [1.5, 10, 0.5, 10.5], "texture": "#0"}
			}
		},
		{
			"name": "plate",
			"from": [5, 3, 5],
			"to": [7, 7, 6],
			"rotation": {"angle": 0, "axis": "y", "origin": [10, -9, 8]},
			"faces": {
				"north": {"uv": [7, 5, 8, 7], "texture": "#0"},
				"east": {"uv": [5.5, 9, 6, 11], "texture": "#0"},
				"south": {"uv": [7, 7, 8, 9], "texture": "#0"},
				"west": {"uv": [9, 7.5, 9.5, 9.5], "texture": "#0"},
				"up": {"uv": [11, 1, 10, 0.5], "texture": "#0"},
				"down": {"uv": [11, 1, 10, 1.5], "texture": "#0"}
			}
		},
		{
			"name": "plate",
			"from": [9, 3, 5],
			"to": [11, 7, 6],
			"rotation": {"angle": 0, "axis": "y", "origin": [14, -9, 8]},
			"faces": {
				"north": {"uv": [6, 7.5, 7, 9.5], "texture": "#0"},
				"east": {"uv": [8, 9, 8.5, 11], "texture": "#0"},
				"south": {"uv": [8, 0, 9, 2], "texture": "#0"},
				"west": {"uv": [8.5, 9, 9, 11], "texture": "#0"},
				"up": {"uv": [2.5, 10.5, 1.5, 10], "texture": "#0"},
				"down": {"uv": [11, 1.5, 10, 2], "texture": "#0"}
			}
		},
		{
			"name": "plate",
			"from": [11, 5, 5],
			"to": [13, 7, 6],
			"rotation": {"angle": 0, "axis": "y", "origin": [16, -9, 8]},
			"faces": {
				"north": {"uv": [9.5, 5, 10.5, 6], "texture": "#0"},
				"east": {"uv": [10, 2, 10.5, 3], "texture": "#0"},
				"south": {"uv": [6, 9.5, 7, 10.5], "texture": "#0"},
				"west": {"uv": [2.5, 10, 3, 11], "texture": "#0"},
				"up": {"uv": [4, 10.5, 3, 10], "texture": "#0"},
				"down": {"uv": [11, 3, 10, 3.5], "texture": "#0"}
			}
		},
		{
			"name": "plate",
			"from": [7, 2, 5],
			"to": [9, 7, 6],
			"rotation": {"angle": 0, "axis": "y", "origin": [12, -9, 8]},
			"faces": {
				"north": {"uv": [6, 5, 7, 7.5], "texture": "#0"},
				"east": {"uv": [5, 9, 5.5, 11.5], "texture": "#0"},
				"south": {"uv": [7, 0, 8, 2.5], "texture": "#0"},
				"west": {"uv": [9, 5, 9.5, 7.5], "texture": "#0"},
				"up": {"uv": [11, 4, 10, 3.5], "texture": "#0"},
				"down": {"uv": [5, 10, 4, 10.5], "texture": "#0"}
			}
		},
		{
			"name": "plate",
			"from": [11, 17, 5],
			"to": [13, 19, 6],
			"rotation": {"angle": 0, "axis": "y", "origin": [16, 3, 8]},
			"faces": {
				"north": {"uv": [9.5, 6, 10.5, 7], "texture": "#0"},
				"east": {"uv": [7, 10, 7.5, 11], "texture": "#0"},
				"south": {"uv": [9.5, 7, 10.5, 8], "texture": "#0"},
				"west": {"uv": [7.5, 10, 8, 11], "texture": "#0"},
				"up": {"uv": [11, 8.5, 10, 8], "texture": "#0"},
				"down": {"uv": [11, 8.5, 10, 9], "texture": "#0"}
			}
		},
		{
			"name": "plate",
			"from": [9, 17, 5],
			"to": [11, 18, 6],
			"rotation": {"angle": 0, "axis": "y", "origin": [14, 3, 8]},
			"faces": {
				"north": {"uv": [10, 9.5, 11, 10], "texture": "#0"},
				"east": {"uv": [10.5, 5, 11, 5.5], "texture": "#0"},
				"south": {"uv": [10, 10, 11, 10.5], "texture": "#0"},
				"west": {"uv": [10.5, 5.5, 11, 6], "texture": "#0"},
				"up": {"uv": [1.5, 11, 0.5, 10.5], "texture": "#0"},
				"down": {"uv": [2.5, 10.5, 1.5, 11], "texture": "#0"}
			}
		},
		{
			"name": "plate",
			"from": [5, 17, 5],
			"to": [7, 18, 6],
			"rotation": {"angle": 0, "axis": "y", "origin": [10, 3, 8]},
			"faces": {
				"north": {"uv": [10.5, 2, 11.5, 2.5], "texture": "#0"},
				"east": {"uv": [6, 10.5, 6.5, 11], "texture": "#0"},
				"south": {"uv": [10.5, 2.5, 11.5, 3], "texture": "#0"},
				"west": {"uv": [10.5, 6, 11, 6.5], "texture": "#0"},
				"up": {"uv": [4, 11, 3, 10.5], "texture": "#0"},
				"down": {"uv": [5, 10.5, 4, 11], "texture": "#0"}
			}
		},
		{
			"name": "handle",
			"from": [7, 9, 6],
			"to": [9, 13, 10],
			"rotation": {"angle": 0, "axis": "y", "origin": [8, 0, 8]},
			"faces": {
				"north": {"uv": [8, 2, 9, 4], "texture": "#0"},
				"east": {"uv": [5, 0, 7, 2], "texture": "#0"},
				"south": {"uv": [8, 5, 9, 7], "texture": "#0"},
				"west": {"uv": [5, 2, 7, 4], "texture": "#0"},
				"up": {"uv": [9, 9, 8, 7], "texture": "#0"},
				"down": {"uv": [10, 0, 9, 2], "texture": "#0"}
			}
		},
		{
			"from": [5, 6, 4],
			"to": [6, 7, 5],
			"rotation": {"angle": 0, "axis": "y", "origin": [4, 5, 4]},
			"faces": {
				"north": {"uv": [0, 0, 1, 1], "texture": "#1"},
				"east": {"uv": [0, 1, 1, 2], "texture": "#1"},
				"south": {"uv": [1, 0, 2, 1], "texture": "#1"},
				"west": {"uv": [1, 1, 2, 2], "texture": "#1"},
				"up": {"uv": [1, 3, 0, 2], "texture": "#1"},
				"down": {"uv": [3, 0, 2, 1], "texture": "#1"}
			}
		},
		{
			"from": [8, 10, 4],
			"to": [9, 11, 5],
			"rotation": {"angle": 0, "axis": "y", "origin": [7, 9, 4]},
			"faces": {
				"north": {"uv": [1, 2, 2, 3], "texture": "#1"},
				"east": {"uv": [2, 1, 3, 2], "texture": "#1"},
				"south": {"uv": [2, 2, 3, 3], "texture": "#1"},
				"west": {"uv": [0, 3, 1, 4], "texture": "#1"},
				"up": {"uv": [4, 1, 3, 0], "texture": "#1"},
				"down": {"uv": [2, 3, 1, 4], "texture": "#1"}
			}
		},
		{
			"from": [5, 13, 4],
			"to": [6, 14, 5],
			"rotation": {"angle": 0, "axis": "y", "origin": [4, 12, 4]},
			"faces": {
				"north": {"uv": [3, 1, 4, 2], "texture": "#1"},
				"east": {"uv": [2, 3, 3, 4], "texture": "#1"},
				"south": {"uv": [3, 2, 4, 3], "texture": "#1"},
				"west": {"uv": [3, 3, 4, 4], "texture": "#1"},
				"up": {"uv": [1, 5, 0, 4], "texture": "#1"},
				"down": {"uv": [5, 0, 4, 1], "texture": "#1"}
			}
		},
		{
			"from": [10, 15, 4],
			"to": [11, 16, 5],
			"rotation": {"angle": 0, "axis": "y", "origin": [9, 14, 4]},
			"faces": {
				"north": {"uv": [1, 4, 2, 5], "texture": "#1"},
				"east": {"uv": [4, 1, 5, 2], "texture": "#1"},
				"south": {"uv": [2, 4, 3, 5], "texture": "#1"},
				"west": {"uv": [4, 2, 5, 3], "texture": "#1"},
				"up": {"uv": [4, 5, 3, 4], "texture": "#1"},
				"down": {"uv": [5, 3, 4, 4], "texture": "#1"}
			}
		}
	],
	"display": {
		"thirdperson_righthand": {
			"rotation": [83, -86, 81],
			"translation": [1, -4.75, 2.25]
		},
		"thirdperson_lefthand": {
			"rotation": [73, -89.75, 70.56],
			"translation": [1, -4.5, 2.25]
		},
		"firstperson_righthand": {
			"rotation": [1, -86, 0],
			"translation": [4, -8, 0.75]
		},
		"firstperson_lefthand": {
			"rotation": [0, -94, 0],
			"translation": [1.5, -7.25, 0.75]
		},
		"ground": {
			"scale": [0.5, 0.5, 0.5]
		},
		"gui": {
			"rotation": [-155.58, 42.54, 179.38],
			"translation": [1.5, -1.75, 0],
			"scale": [0.81, 0.81, 0.81]
		},
		"head": {
			"translation": [0, 0, -4.5]
		},
		"fixed": {
			"translation": [0, -5, 4.25],
			"scale": [1.96, 1.96, 1.96]
		}
	},
	"groups": [
		{
			"name": "plate",
			"origin": [8, 11, 7],
			"color": 0,
			"children": [0, 1, 2, 3, 4, 5, 6, 7, 8, 9, 10]
		},
		{
			"name": "Espinas",
			"origin": [9, 14, 4],
			"color": 0,
			"children": [11, 12, 13, 14]
		}
	]
}