{
	"format_version": "1.21.11",
	"credit": "Made with Blockbench",
	"texture_size": [32, 32],
	"textures": {
		"0": "block/expositor",
		"particle": "block/expositor"
	},
	"elements": [
		{
			"from": [-1, 1, 2],
			"to": [0, 5, 3],
			"faces": {
				"north": {"uv": [7.5, 4, 8, 6], "texture": "#0"},
				"east": {"uv": [8, 4, 8.5, 6], "texture": "#0"},
				"south": {"uv": [8.5, 4, 9, 6], "texture": "#0"},
				"west": {"uv": [9, 4, 9.5, 6], "texture": "#0"},
				"up": {"uv": [8, 6.5, 7.5, 6], "texture": "#0"},
				"down": {"uv": [8, 6.5, 7.5, 7], "texture": "#0"}
			}
		},
		{
			"from": [-12, 0.5, 0],
			"to": [1, 1, 5],
			"faces": {
				"north": {"uv": [7.5, 1, 14, 1.5], "texture": "#0"},
				"east": {"uv": [7.5, 3, 10, 3.5], "texture": "#0"},
				"south": {"uv": [7.5, 1.5, 14, 2], "texture": "#0"},
				"west": {"uv": [7.5, 3.5, 10, 4], "texture": "#0"},
				"up": {"uv": [6.5, 9.5, 0, 7], "texture": "#0"},
				"down": {"uv": [13, 7, 6.5, 9.5], "texture": "#0"}
			}
		},
		{
			"from": [-13, 0, -1],
			"to": [2, 0.5, 6],
			"faces": {
				"north": {"uv": [7.5, 0, 15, 0.5], "texture": "#0"},
				"east": {"uv": [7.5, 2, 11, 2.5], "texture": "#0"},
				"south": {"uv": [7.5, 0.5, 15, 1], "texture": "#0"},
				"west": {"uv": [7.5, 2.5, 11, 3], "texture": "#0"},
				"up": {"uv": [7.5, 3.5, 0, 0], "texture": "#0"},
				"down": {"uv": [7.5, 3.5, 0, 7], "texture": "#0"}
			}
		},
		{
			"from": [-11, 1, 2],
			"to": [-10, 5, 3],
			"faces": {
				"north": {"uv": [0, 9.5, 0.5, 11.5], "texture": "#0"},
				"east": {"uv": [0.5, 9.5, 1, 11.5], "texture": "#0"},
				"south": {"uv": [1, 9.5, 1.5, 11.5], "texture": "#0"},
				"west": {"uv": [1.5, 9.5, 2, 11.5], "texture": "#0"},
				"up": {"uv": [8.5, 6.5, 8, 6], "texture": "#0"},
				"down": {"uv": [8.5, 6.5, 8, 7], "texture": "#0"}
			}
		}
	],
	"display": {
		"thirdperson_righthand": {
			"rotation": [0, -90, 0],
			"translation": [-5.75, 7.5, 9.25]
		},
		"thirdperson_lefthand": {
			"rotation": [0, -95, 0],
			"translation": [-4.25, 8, -17.25]
		},
		"firstperson_righthand": {
			"rotation": [0, -89, 0],
			"translation": [-1, 4.5, 5.25]
		},
		"firstperson_lefthand": {
			"rotation": [0, -99, 0],
			"translation": [-2.25, 7.75, -17.5]
		},
		"gui": {
			"rotation": [7, 36, 12],
			"translation": [12.75, 8.5, 0]
		},
		"fixed": {
			"rotation": [0, 0, 32.75],
			"translation": [10.25, 23.75, 5],
			"scale": [1.63, 1.63, 1.63]
		}
	},
	"groups": [
		{
			"name": "group",
			"origin": [0, 0, 0],
			"color": 0,
			"children": [0, 1, 2, 3]
		}
	]
}