{
  "parent": "minecraft:item/generated",
  "textures": {
    "layer0": "minecraft:item/knowledge_book"
  },
  "overrides": [
    { "predicate": {"custom_model_data": 1016}, "model": "minecraft:item/librohechizos" },
	{ "predicate": {"custom_model_data": 1017}, "model": "minecraft:item/librohechizos" },
	{ "predicate": {"custom_model_data": 1018}, "model": "minecraft:item/librohechizos" },
	{ "predicate": {"custom_model_data": 1019}, "model": "minecraft:item/librohechizos" },
	{ "predicate": {"custom_model_data": 1020}, "model": "minecraft:item/librohechizos" },
	{ "predicate": {"custom_model_data": 1021}, "model": "minecraft:item/librohechizos" },
	{ "predicate": {"custom_model_data": 1022}, "model": "minecraft:item/librohechizos" },
	{ "predicate": {"custom_model_data": 1023}, "model": "minecraft:item/librohechizos" },
	{ "predicate": {"custom_model_data": 1024}, "model": "minecraft:item/librohechizos" },
	{ "predicate": {"custom_model_data": 1025}, "model": "minecraft:item/librohechizos" },
	{ "predicate": {"custom_model_data": 1026}, "model": "minecraft:item/librohechizos" },
	{ "predicate": {"custom_model_data": 1027}, "model": "minecraft:item/librohechizos" }
  ]
}
