{
	"credit": "Made with Blockbench",
	"texture_size": [32, 32],
	"textures": {
		"0": "item/lanzadeelendros",
		"particle": "item/lanzadeelendros"
	},
	"elements": [
		{
			"from": [6.15, 4.2, -6],
			"to": [6.95, 5, 21],
			"rotation": {"angle": 0, "axis": "x", "origin": [7, 5, 8]},
			"faces": {
				"north": {"uv": [3, 7, 3.5, 7.5], "texture": "#0"},
				"east": {"uv": [0, 0, 13.5, 0.5], "texture": "#0"},
				"south": {"uv": [7, 3, 7.5, 3.5], "texture": "#0"},
				"west": {"uv": [0, 0.5, 13.5, 1], "texture": "#0"},
				"up": {"uv": [0.5, 14.5, 0, 1], "texture": "#0"},
				"down": {"uv": [1, 1, 0.5, 14.5], "texture": "#0"}
			}
		},
		{
			"from": [6.05, 4.1, 21],
			"to": [7.05, 5.1, 23.6],
			"rotation": {"angle": 0, "axis": "x", "origin": [7, 5, 8]},
			"faces": {
				"north": {"uv": [3.5, 7, 4, 7.5], "texture": "#0"},
				"east": {"uv": [1, 1, 2.5, 1.5], "texture": "#0"},
				"south": {"uv": [7, 3.5, 7.5, 4], "texture": "#0"},
				"west": {"uv": [1, 1.5, 2.5, 2], "texture": "#0"},
				"up": {"uv": [1.5, 3.5, 1, 2], "texture": "#0"},
				"down": {"uv": [2, 2, 1.5, 3.5], "texture": "#0"}
			}
		},
		{
			"from": [6.05, 4.1, 12],
			"to": [7.05, 5.1, 12.6],
			"rotation": {"angle": 0, "axis": "x", "origin": [7, 5, -3]},
			"faces": {
				"north": {"uv": [4, 7, 4.5, 7.5], "texture": "#0"},
				"east": {"uv": [4.5, 7, 5, 7.5], "texture": "#0"},
				"south": {"uv": [5, 7, 5.5, 7.5], "texture": "#0"},
				"west": {"uv": [7, 5, 7.5, 5.5], "texture": "#0"},
				"up": {"uv": [6, 7.5, 5.5, 7], "texture": "#0"},
				"down": {"uv": [7.5, 5.5, 7, 6], "texture": "#0"}
			}
		},
		{
			"from": [6.05, 4.1, 3],
			"to": [7.05, 5.1, 3.6],
			"rotation": {"angle": 0, "axis": "x", "origin": [7, 5, -12]},
			"faces": {
				"north": {"uv": [6, 7, 6.5, 7.5], "texture": "#0"},
				"east": {"uv": [7, 6, 7.5, 6.5], "texture": "#0"},
				"south": {"uv": [6.5, 7, 7, 7.5], "texture": "#0"},
				"west": {"uv": [7, 6.5, 7.5, 7], "texture": "#0"},
				"up": {"uv": [7.5, 7.5, 7, 7], "texture": "#0"},
				"down": {"uv": [1.5, 7.5, 1, 8], "texture": "#0"}
			}
		},
		{
			"from": [6.05, 4.1, 12],
			"to": [7.05, 5.1, 12.2],
			"rotation": {"angle": -22.5, "axis": "y", "origin": [7, 5, 12]},
			"faces": {
				"north": {"uv": [5, 8, 5.5, 8.5], "texture": "#0"},
				"east": {"uv": [8, 5, 8.5, 5.5], "texture": "#0"},
				"south": {"uv": [5.5, 8, 6, 8.5], "texture": "#0"},
				"west": {"uv": [8, 5.5, 8.5, 6], "texture": "#0"},
				"up": {"uv": [6.5, 8.5, 6, 8], "texture": "#0"},
				"down": {"uv": [8.5, 6, 8, 6.5], "texture": "#0"}
			}
		},
		{
			"from": [6.05, 4.1, 11],
			"to": [7.05, 5.1, 11.2],
			"rotation": {"angle": -22.5, "axis": "y", "origin": [7, 5, 11]},
			"faces": {
				"north": {"uv": [5, 8, 5.5, 8.5], "texture": "#0"},
				"east": {"uv": [8, 5, 8.5, 5.5], "texture": "#0"},
				"south": {"uv": [5.5, 8, 6, 8.5], "texture": "#0"},
				"west": {"uv": [8, 5.5, 8.5, 6], "texture": "#0"},
				"up": {"uv": [6.5, 8.5, 6, 8], "texture": "#0"},
				"down": {"uv": [8.5, 6, 8, 6.5], "texture": "#0"}
			}
		},
		{
			"from": [6.05, 4.1, 10],
			"to": [7.05, 5.1, 10.2],
			"rotation": {"angle": -22.5, "axis": "y", "origin": [7, 5, 10]},
			"faces": {
				"north": {"uv": [5, 8, 5.5, 8.5], "texture": "#0"},
				"east": {"uv": [8, 5, 8.5, 5.5], "texture": "#0"},
				"south": {"uv": [5.5, 8, 6, 8.5], "texture": "#0"},
				"west": {"uv": [8, 5.5, 8.5, 6], "texture": "#0"},
				"up": {"uv": [6.5, 8.5, 6, 8], "texture": "#0"},
				"down": {"uv": [8.5, 6, 8, 6.5], "texture": "#0"}
			}
		},
		{
			"from": [6.05, 4.1, 9],
			"to": [7.05, 5.1, 9.2],
			"rotation": {"angle": -22.5, "axis": "y", "origin": [7, 5, 9]},
			"faces": {
				"north": {"uv": [5, 8, 5.5, 8.5], "texture": "#0"},
				"east": {"uv": [8, 5, 8.5, 5.5], "texture": "#0"},
				"south": {"uv": [5.5, 8, 6, 8.5], "texture": "#0"},
				"west": {"uv": [8, 5.5, 8.5, 6], "texture": "#0"},
				"up": {"uv": [6.5, 8.5, 6, 8], "texture": "#0"},
				"down": {"uv": [8.5, 6, 8, 6.5], "texture": "#0"}
			}
		},
		{
			"from": [6.05, 4.1, 8],
			"to": [7.05, 5.1, 8.2],
			"rotation": {"angle": -22.5, "axis": "y", "origin": [7, 5, 8]},
			"faces": {
				"north": {"uv": [5, 8, 5.5, 8.5], "texture": "#0"},
				"east": {"uv": [8, 5, 8.5, 5.5], "texture": "#0"},
				"south": {"uv": [5.5, 8, 6, 8.5], "texture": "#0"},
				"west": {"uv": [8, 5.5, 8.5, 6], "texture": "#0"},
				"up": {"uv": [6.5, 8.5, 6, 8], "texture": "#0"},
				"down": {"uv": [8.5, 6, 8, 6.5], "texture": "#0"}
			}
		},
		{
			"from": [6.05, 4.1, 6],
			"to": [7.05, 5.1, 6.2],
			"rotation": {"angle": -22.5, "axis": "y", "origin": [7, 5, 6]},
			"faces": {
				"north": {"uv": [5, 8, 5.5, 8.5], "texture": "#0"},
				"east": {"uv": [8, 5, 8.5, 5.5], "texture": "#0"},
				"south": {"uv": [5.5, 8, 6, 8.5], "texture": "#0"},
				"west": {"uv": [8, 5.5, 8.5, 6], "texture": "#0"},
				"up": {"uv": [6.5, 8.5, 6, 8], "texture": "#0"},
				"down": {"uv": [8.5, 6, 8, 6.5], "texture": "#0"}
			}
		},
		{
			"from": [6.05, 4.1, 7],
			"to": [7.05, 5.1, 7.2],
			"rotation": {"angle": -22.5, "axis": "y", "origin": [7, 5, 7]},
			"faces": {
				"north": {"uv": [5, 8, 5.5, 8.5], "texture": "#0"},
				"east": {"uv": [8, 5, 8.5, 5.5], "texture": "#0"},
				"south": {"uv": [5.5, 8, 6, 8.5], "texture": "#0"},
				"west": {"uv": [8, 5.5, 8.5, 6], "texture": "#0"},
				"up": {"uv": [6.5, 8.5, 6, 8], "texture": "#0"},
				"down": {"uv": [8.5, 6, 8, 6.5], "texture": "#0"}
			}
		},
		{
			"from": [6.05, 4.1, 5],
			"to": [7.05, 5.1, 5.2],
			"rotation": {"angle": -22.5, "axis": "y", "origin": [7, 5, 5]},
			"faces": {
				"north": {"uv": [5, 8, 5.5, 8.5], "texture": "#0"},
				"east": {"uv": [8, 5, 8.5, 5.5], "texture": "#0"},
				"south": {"uv": [5.5, 8, 6, 8.5], "texture": "#0"},
				"west": {"uv": [8, 5.5, 8.5, 6], "texture": "#0"},
				"up": {"uv": [6.5, 8.5, 6, 8], "texture": "#0"},
				"down": {"uv": [8.5, 6, 8, 6.5], "texture": "#0"}
			}
		},
		{
			"from": [6.05, 4.1, 4],
			"to": [7.05, 5.1, 4.2],
			"rotation": {"angle": -22.5, "axis": "y", "origin": [7, 5, 4]},
			"faces": {
				"north": {"uv": [5, 8, 5.5, 8.5], "texture": "#0"},
				"east": {"uv": [8, 5, 8.5, 5.5], "texture": "#0"},
				"south": {"uv": [5.5, 8, 6, 8.5], "texture": "#0"},
				"west": {"uv": [8, 5.5, 8.5, 6], "texture": "#0"},
				"up": {"uv": [6.5, 8.5, 6, 8], "texture": "#0"},
				"down": {"uv": [8.5, 6, 8, 6.5], "texture": "#0"}
			}
		},
		{
			"from": [6.05, 4.1, -8],
			"to": [7.05, 5.1, -5.4],
			"rotation": {"angle": 0, "axis": "x", "origin": [7, 5, -21]},
			"faces": {
				"north": {"uv": [6.5, 8, 7, 8.5], "texture": "#0"},
				"east": {"uv": [2, 2, 3.5, 2.5], "texture": "#0"},
				"south": {"uv": [8, 6.5, 8.5, 7], "texture": "#0"},
				"west": {"uv": [2.5, 1, 4, 1.5], "texture": "#0"},
				"up": {"uv": [2.5, 4, 2, 2.5], "texture": "#0"},
				"down": {"uv": [3, 2.5, 2.5, 4], "texture": "#0"}
			}
		},
		{
			"from": [6.15, 4.1, 23.6],
			"to": [6.95, 4.2, 24],
			"rotation": {"angle": 0, "axis": "x", "origin": [7, 5, 9]},
			"faces": {
				"north": {"uv": [7, 8, 7.5, 8.5], "texture": "#0"},
				"east": {"uv": [8, 7, 8.5, 7.5], "texture": "#0"},
				"south": {"uv": [7.5, 8, 8, 8.5], "texture": "#0"},
				"west": {"uv": [8, 7.5, 8.5, 8], "texture": "#0"},
				"up": {"uv": [8.5, 8.5, 8, 8], "texture": "#0"},
				"down": {"uv": [1.5, 8.5, 1, 9], "texture": "#0"}
			}
		},
		{
			"from": [6.35, 4.1, 24],
			"to": [6.75, 4.2, 24.4],
			"rotation": {"angle": 0, "axis": "x", "origin": [7, 5, 9]},
			"faces": {
				"north": {"uv": [8.5, 1, 9, 1.5], "texture": "#0"},
				"east": {"uv": [1.5, 8.5, 2, 9], "texture": "#0"},
				"south": {"uv": [8.5, 1.5, 9, 2], "texture": "#0"},
				"west": {"uv": [2, 8.5, 2.5, 9], "texture": "#0"},
				"up": {"uv": [9, 2.5, 8.5, 2], "texture": "#0"},
				"down": {"uv": [3, 8.5, 2.5, 9], "texture": "#0"}
			}
		},
		{
			"from": [6.15, 5, 23.6],
			"to": [6.95, 5.1, 24],
			"rotation": {"angle": 0, "axis": "x", "origin": [7, 6, 9]},
			"faces": {
				"north": {"uv": [8.5, 2.5, 9, 3], "texture": "#0"},
				"east": {"uv": [3, 8.5, 3.5, 9], "texture": "#0"},
				"south": {"uv": [8.5, 3, 9, 3.5], "texture": "#0"},
				"west": {"uv": [3.5, 8.5, 4, 9], "texture": "#0"},
				"up": {"uv": [9, 4, 8.5, 3.5], "texture": "#0"},
				"down": {"uv": [4.5, 8.5, 4, 9], "texture": "#0"}
			}
		},
		{
			"from": [6.35, 5, 24],
			"to": [6.75, 5.1, 24.4],
			"rotation": {"angle": 0, "axis": "x", "origin": [7, 6, 9]},
			"faces": {
				"north": {"uv": [8.5, 4, 9, 4.5], "texture": "#0"},
				"east": {"uv": [4.5, 8.5, 5, 9], "texture": "#0"},
				"south": {"uv": [8.5, 4.5, 9, 5], "texture": "#0"},
				"west": {"uv": [5, 8.5, 5.5, 9], "texture": "#0"},
				"up": {"uv": [9, 5.5, 8.5, 5], "texture": "#0"},
				"down": {"uv": [6, 8.5, 5.5, 9], "texture": "#0"}
			}
		},
		{
			"from": [5.05, 4.2, 26],
			"to": [7.85, 5, 26.2],
			"rotation": {"angle": 0, "axis": "x", "origin": [6, 5, 26]},
			"faces": {
				"north": {"uv": [2.5, 1.5, 4, 2], "texture": "#0"},
				"east": {"uv": [8.5, 5.5, 9, 6], "texture": "#0"},
				"south": {"uv": [3, 2.5, 4.5, 3], "texture": "#0"},
				"west": {"uv": [6, 8.5, 6.5, 9], "texture": "#0"},
				"up": {"uv": [4.5, 3.5, 3, 3], "texture": "#0"},
				"down": {"uv": [5, 2, 3.5, 2.5], "texture": "#0"}
			}
		},
		{
			"from": [5.15, 4.2, 26.2],
			"to": [7.75, 5, 26.4],
			"rotation": {"angle": 0, "axis": "x", "origin": [6, 5, 26]},
			"faces": {
				"north": {"uv": [3, 3.5, 4.5, 4], "texture": "#0"},
				"east": {"uv": [8.5, 6, 9, 6.5], "texture": "#0"},
				"south": {"uv": [1, 4, 2.5, 4.5], "texture": "#0"},
				"west": {"uv": [6.5, 8.5, 7, 9], "texture": "#0"},
				"up": {"uv": [5.5, 1.5, 4, 1], "texture": "#0"},
				"down": {"uv": [5.5, 1.5, 4, 2], "texture": "#0"}
			}
		},
		{
			"from": [5.25, 4.2, 26.4],
			"to": [7.65, 5, 26.6],
			"rotation": {"angle": 0, "axis": "x", "origin": [6, 5, 26]},
			"faces": {
				"north": {"uv": [3, 5, 4, 5.5], "texture": "#0"},
				"east": {"uv": [8.5, 6.5, 9, 7], "texture": "#0"},
				"south": {"uv": [4, 5, 5, 5.5], "texture": "#0"},
				"west": {"uv": [7, 8.5, 7.5, 9], "texture": "#0"},
				"up": {"uv": [6, 5.5, 5, 5], "texture": "#0"},
				"down": {"uv": [2, 5.5, 1, 6], "texture": "#0"}
			}
		},
		{
			"from": [5.35, 4.25, 26.6],
			"to": [7.55, 4.95, 26.8],
			"rotation": {"angle": 0, "axis": "x", "origin": [6, 5, 26]},
			"faces": {
				"north": {"uv": [5.5, 1, 6.5, 1.5], "texture": "#0"},
				"east": {"uv": [8.5, 7, 9, 7.5], "texture": "#0"},
				"south": {"uv": [5.5, 1.5, 6.5, 2], "texture": "#0"},
				"west": {"uv": [7.5, 8.5, 8, 9], "texture": "#0"},
				"up": {"uv": [3, 6, 2, 5.5], "texture": "#0"},
				"down": {"uv": [4, 5.5, 3, 6], "texture": "#0"}
			}
		},
		{
			"from": [5.45, 4.28, 26.8],
			"to": [7.45, 4.88, 27],
			"rotation": {"angle": 0, "axis": "x", "origin": [6, 5, 26]},
			"faces": {
				"north": {"uv": [4, 5.5, 5, 6], "texture": "#0"},
				"east": {"uv": [8.5, 7.5, 9, 8], "texture": "#0"},
				"south": {"uv": [5.5, 4, 6.5, 4.5], "texture": "#0"},
				"west": {"uv": [8, 8.5, 8.5, 9], "texture": "#0"},
				"up": {"uv": [6.5, 5, 5.5, 4.5], "texture": "#0"},
				"down": {"uv": [6, 5.5, 5, 6], "texture": "#0"}
			}
		},
		{
			"from": [5.55, 4.32, 27],
			"to": [7.35, 4.82, 27.2],
			"rotation": {"angle": 0, "axis": "x", "origin": [6, 5, 26]},
			"faces": {
				"north": {"uv": [1, 6, 2, 6.5], "texture": "#0"},
				"east": {"uv": [8.5, 8, 9, 8.5], "texture": "#0"},
				"south": {"uv": [2, 6, 3, 6.5], "texture": "#0"},
				"west": {"uv": [8.5, 8.5, 9, 9], "texture": "#0"},
				"up": {"uv": [7, 2.5, 6, 2], "texture": "#0"},
				"down": {"uv": [7, 2.5, 6, 3], "texture": "#0"}
			}
		},
		{
			"from": [5.65, 4.37, 27.2],
			"to": [7.25, 4.77, 27.4],
			"rotation": {"angle": 0, "axis": "x", "origin": [6, 5, 26]},
			"faces": {
				"north": {"uv": [3, 6, 4, 6.5], "texture": "#0"},
				"east": {"uv": [1, 9, 1.5, 9.5], "texture": "#0"},
				"south": {"uv": [6, 3, 7, 3.5], "texture": "#0"},
				"west": {"uv": [9, 1, 9.5, 1.5], "texture": "#0"},
				"up": {"uv": [7, 4, 6, 3.5], "texture": "#0"},
				"down": {"uv": [5, 6, 4, 6.5], "texture": "#0"}
			}
		},
		{
			"from": [5.75, 4.42, 27.4],
			"to": [7.15, 4.72, 27.6],
			"rotation": {"angle": 0, "axis": "x", "origin": [6, 5, 26]},
			"faces": {
				"north": {"uv": [1.5, 9, 2, 9.5], "texture": "#0"},
				"east": {"uv": [9, 1.5, 9.5, 2], "texture": "#0"},
				"south": {"uv": [2, 9, 2.5, 9.5], "texture": "#0"},
				"west": {"uv": [9, 2, 9.5, 2.5], "texture": "#0"},
				"up": {"uv": [3, 9.5, 2.5, 9], "texture": "#0"},
				"down": {"uv": [9.5, 2.5, 9, 3], "texture": "#0"}
			}
		},
		{
			"from": [5.85, 4.46, 27.6],
			"to": [7.05, 4.66, 27.8],
			"rotation": {"angle": 0, "axis": "x", "origin": [6, 5, 26]},
			"faces": {
				"north": {"uv": [3, 9, 3.5, 9.5], "texture": "#0"},
				"east": {"uv": [9, 3, 9.5, 3.5], "texture": "#0"},
				"south": {"uv": [3.5, 9, 4, 9.5], "texture": "#0"},
				"west": {"uv": [9, 3.5, 9.5, 4], "texture": "#0"},
				"up": {"uv": [4.5, 9.5, 4, 9], "texture": "#0"},
				"down": {"uv": [9.5, 4, 9, 4.5], "texture": "#0"}
			}
		},
		{
			"from": [5.95, 4.46, 27.8],
			"to": [6.95, 4.66, 28],
			"rotation": {"angle": 0, "axis": "x", "origin": [6, 5, 26]},
			"faces": {
				"north": {"uv": [4.5, 9, 5, 9.5], "texture": "#0"},
				"east": {"uv": [9, 4.5, 9.5, 5], "texture": "#0"},
				"south": {"uv": [5, 9, 5.5, 9.5], "texture": "#0"},
				"west": {"uv": [9, 5, 9.5, 5.5], "texture": "#0"},
				"up": {"uv": [6, 9.5, 5.5, 9], "texture": "#0"},
				"down": {"uv": [9.5, 5.5, 9, 6], "texture": "#0"}
			}
		},
		{
			"from": [6.05, 4.48, 28],
			"to": [6.85, 4.63, 28.2],
			"rotation": {"angle": 0, "axis": "x", "origin": [6, 5, 26]},
			"faces": {
				"north": {"uv": [6, 9, 6.5, 9.5], "texture": "#0"},
				"east": {"uv": [9, 6, 9.5, 6.5], "texture": "#0"},
				"south": {"uv": [6.5, 9, 7, 9.5], "texture": "#0"},
				"west": {"uv": [9, 6.5, 9.5, 7], "texture": "#0"},
				"up": {"uv": [7.5, 9.5, 7, 9], "texture": "#0"},
				"down": {"uv": [9.5, 7, 9, 7.5], "texture": "#0"}
			}
		},
		{
			"from": [6.15, 4.48, 28.2],
			"to": [6.75, 4.63, 28.4],
			"rotation": {"angle": 0, "axis": "x", "origin": [6, 5, 26]},
			"faces": {
				"north": {"uv": [7.5, 9, 8, 9.5], "texture": "#0"},
				"east": {"uv": [9, 7.5, 9.5, 8], "texture": "#0"},
				"south": {"uv": [8, 9, 8.5, 9.5], "texture": "#0"},
				"west": {"uv": [9, 8, 9.5, 8.5], "texture": "#0"},
				"up": {"uv": [9, 9.5, 8.5, 9], "texture": "#0"},
				"down": {"uv": [9.5, 8.5, 9, 9], "texture": "#0"}
			}
		},
		{
			"from": [6.25, 4.5, 28.4],
			"to": [6.65, 4.6, 28.6],
			"rotation": {"angle": 0, "axis": "x", "origin": [6, 5, 26]},
			"faces": {
				"north": {"uv": [9, 9, 9.5, 9.5], "texture": "#0"},
				"east": {"uv": [1, 9.5, 1.5, 10], "texture": "#0"},
				"south": {"uv": [9.5, 1, 10, 1.5], "texture": "#0"},
				"west": {"uv": [1.5, 9.5, 2, 10], "texture": "#0"},
				"up": {"uv": [10, 2, 9.5, 1.5], "texture": "#0"},
				"down": {"uv": [2.5, 9.5, 2, 10], "texture": "#0"}
			}
		},
		{
			"from": [6.35, 4.52, 28.6],
			"to": [6.55, 4.57, 28.7],
			"rotation": {"angle": 0, "axis": "x", "origin": [6, 5, 26]},
			"faces": {
				"north": {"uv": [9.5, 2, 10, 2.5], "texture": "#0"},
				"east": {"uv": [2.5, 9.5, 3, 10], "texture": "#0"},
				"south": {"uv": [9.5, 2.5, 10, 3], "texture": "#0"},
				"west": {"uv": [3, 9.5, 3.5, 10], "texture": "#0"},
				"up": {"uv": [10, 3.5, 9.5, 3], "texture": "#0"},
				"down": {"uv": [4, 9.5, 3.5, 10], "texture": "#0"}
			}
		},
		{
			"from": [5.75, 4.2, 23.6],
			"to": [7.35, 5, 24],
			"rotation": {"angle": 0, "axis": "y", "origin": [7, 5, 26]},
			"faces": {
				"north": {"uv": [1, 3.5, 2, 4], "texture": "#0"},
				"east": {"uv": [7, 2, 7.5, 2.5], "texture": "#0"},
				"south": {"uv": [1, 5, 2, 5.5], "texture": "#0"},
				"west": {"uv": [7, 2.5, 7.5, 3], "texture": "#0"},
				"up": {"uv": [3, 5.5, 2, 5], "texture": "#0"},
				"down": {"uv": [6, 2, 5, 2.5], "texture": "#0"}
			}
		},
		{
			"from": [5.65, 4.2, 24],
			"to": [7.45, 5, 24.4],
			"rotation": {"angle": 0, "axis": "y", "origin": [7, 5, 26]},
			"faces": {
				"north": {"uv": [5, 6, 6, 6.5], "texture": "#0"},
				"east": {"uv": [9.5, 3.5, 10, 4], "texture": "#0"},
				"south": {"uv": [6, 5, 7, 5.5], "texture": "#0"},
				"west": {"uv": [4, 9.5, 4.5, 10], "texture": "#0"},
				"up": {"uv": [7, 6, 6, 5.5], "texture": "#0"},
				"down": {"uv": [7, 6, 6, 6.5], "texture": "#0"}
			}
		},
		{
			"from": [5.55, 4.2, 24.4],
			"to": [7.55, 5, 24.8],
			"rotation": {"angle": 0, "axis": "y", "origin": [7, 5, 26]},
			"faces": {
				"north": {"uv": [1, 6.5, 2, 7], "texture": "#0"},
				"east": {"uv": [9.5, 4, 10, 4.5], "texture": "#0"},
				"south": {"uv": [6.5, 1, 7.5, 1.5], "texture": "#0"},
				"west": {"uv": [4.5, 9.5, 5, 10], "texture": "#0"},
				"up": {"uv": [7.5, 2, 6.5, 1.5], "texture": "#0"},
				"down": {"uv": [3, 6.5, 2, 7], "texture": "#0"}
			}
		},
		{
			"from": [5.45, 4.2, 24.8],
			"to": [7.65, 5, 25.2],
			"rotation": {"angle": 0, "axis": "y", "origin": [7, 5, 26]},
			"faces": {
				"north": {"uv": [3, 6.5, 4, 7], "texture": "#0"},
				"east": {"uv": [9.5, 4.5, 10, 5], "texture": "#0"},
				"south": {"uv": [4, 6.5, 5, 7], "texture": "#0"},
				"west": {"uv": [5, 9.5, 5.5, 10], "texture": "#0"},
				"up": {"uv": [7.5, 4.5, 6.5, 4], "texture": "#0"},
				"down": {"uv": [7.5, 4.5, 6.5, 5], "texture": "#0"}
			}
		},
		{
			"from": [5.35, 4.2, 25.2],
			"to": [7.75, 5, 25.6],
			"rotation": {"angle": 0, "axis": "y", "origin": [7, 5, 26]},
			"faces": {
				"north": {"uv": [5, 6.5, 6, 7], "texture": "#0"},
				"east": {"uv": [9.5, 5, 10, 5.5], "texture": "#0"},
				"south": {"uv": [6, 6.5, 7, 7], "texture": "#0"},
				"west": {"uv": [5.5, 9.5, 6, 10], "texture": "#0"},
				"up": {"uv": [2, 7.5, 1, 7], "texture": "#0"},
				"down": {"uv": [3, 7, 2, 7.5], "texture": "#0"}
			}
		},
		{
			"from": [5.25, 4.2, 25.6],
			"to": [7.85, 5, 25.8],
			"rotation": {"angle": 0, "axis": "y", "origin": [7, 5, 26]},
			"faces": {
				"north": {"uv": [2.5, 4, 4, 4.5], "texture": "#0"},
				"east": {"uv": [9.5, 5.5, 10, 6], "texture": "#0"},
				"south": {"uv": [4, 4, 5.5, 4.5], "texture": "#0"},
				"west": {"uv": [6, 9.5, 6.5, 10], "texture": "#0"},
				"up": {"uv": [2.5, 5, 1, 4.5], "texture": "#0"},
				"down": {"uv": [4, 4.5, 2.5, 5], "texture": "#0"}
			}
		},
		{
			"from": [5.15, 4.2, 25.8],
			"to": [7.95, 5, 26],
			"rotation": {"angle": 0, "axis": "y", "origin": [7, 5, 26]},
			"faces": {
				"north": {"uv": [4.5, 2.5, 6, 3], "texture": "#0"},
				"east": {"uv": [9.5, 6, 10, 6.5], "texture": "#0"},
				"south": {"uv": [4.5, 3, 6, 3.5], "texture": "#0"},
				"west": {"uv": [6.5, 9.5, 7, 10], "texture": "#0"},
				"up": {"uv": [6, 4, 4.5, 3.5], "texture": "#0"},
				"down": {"uv": [5.5, 4.5, 4, 5], "texture": "#0"}
			}
		}
	],
	"display": {
		"thirdperson_righthand": {
			"rotation": [-88.25, 0, 0],
			"translation": [1.75, -1.75, -2.25]
		},
		"thirdperson_lefthand": {
			"rotation": [-85.25, 0, 0],
			"translation": [-1.25, -1.75, -2]
		},
		"firstperson_righthand": {
			"rotation": [-91.25, 0, 0],
			"translation": [0, -6, 0]
		},
		"firstperson_lefthand": {
			"rotation": [-91, 0, 0],
			"translation": [-1.25, -6.5, 0]
		},
		"ground": {
			"translation": [0, 5.5, 0]
		},
		"gui": {
			"rotation": [-104.91, -47.52, -146.37],
			"translation": [1, 0, 0],
			"scale": [0.5, 0.5, 0.5]
		},
		"head": {
			"translation": [0, 6.5, 0]
		},
		"fixed": {
			"rotation": [-91.45, 38.94, -35.77],
			"translation": [2.25, -5.75, -3.75],
			"scale": [1.65, 1.65, 1.65]
		}
	},
	"groups": [
		{
			"name": "LanzaDeHielo",
			"origin": [8, 8, 8],
			"color": 0,
			"children": [
				{
					"name": "group",
					"origin": [8.5, 24, 8.5],
					"color": 0,
					"children": [0, 1, 2, 3, 4, 5, 6, 7, 8, 9, 10, 11, 12, 13, 14, 15, 16, 17, 18, 19, 20, 21, 22, 23, 24, 25, 26, 27, 28, 29, 30, 31, 32, 33, 34, 35, 36, 37, 38]
				}
			]
		}
	]
}