{
	"credit": "Made with Blockbench",
	"parent": "minecraft:item/shield",
	"texture_size": [128, 128],
	"textures": {
		"2": "item/murodeescarcha",
		"particle": "item/murodeescarcha"
	},
	"elements": [
		{
			"name": "plate",
			"from": [-4, 0, -4],
			"to": [8, 22, -3],
			"rotation": {"angle": 0, "axis": "y", "origin": [2, 0, -1]},
			"faces": {
				"north": {"uv": [0.125, 0.125, 1.625, 2.875], "texture": "#2"},
				"east": {"uv": [0, 0.125, 0.125, 2.875], "texture": "#2"},
				"south": {"uv": [1.75, 0.125, 3.25, 2.875], "texture": "#2"},
				"west": {"uv": [1.625, 0.125, 1.75, 2.875], "texture": "#2"},
				"up": {"uv": [1.625, 0.125, 0.125, 0], "texture": "#2"},
				"down": {"uv": [3.125, 0, 1.625, 0.125], "texture": "#2"}
			}
		},
		{
			"name": "handle",
			"from": [1, 8, -3],
			"to": [3, 14, 3],
			"rotation": {"angle": 0, "axis": "y", "origin": [2, 0, -1]},
			"faces": {
				"north": {"uv": [4, 0.75, 4.25, 1.5], "texture": "#2"},
				"east": {"uv": [3.25, 0.75, 4, 1.5], "texture": "#2"},
				"south": {"uv": [5, 0.75, 5.25, 1.5], "texture": "#2"},
				"west": {"uv": [4.25, 0.75, 5, 1.5], "texture": "#2"},
				"up": {"uv": [4.25, 0.75, 4, 0], "texture": "#2"},
				"down": {"uv": [4.5, 0, 4.25, 0.75], "texture": "#2"}
			}
		}
	],
	"display": {
		"thirdperson_righthand": {
			"rotation": [-60.28, -86.86, -65.35],
			"translation": [-7.75, -5.25, 9.25]
		},
		"thirdperson_lefthand": {
			"rotation": [96.53, -85.42, 99.45],
			"translation": [-7, -6, -2.5]
		},
		"firstperson_righthand": {
			"rotation": [143.8, -87, 144.89],
			"translation": [-8.25, -9, 4.25]
		},
		"firstperson_lefthand": {
			"rotation": [0, -88.25, 0],
			"translation": [-11, -6.75, 0]
		},
		"gui": {
			"rotation": [-180, 59.75, -180],
			"translation": [6, -2, 0],
			"scale": [0.92578, 0.6875, 0.88477]
		},
		"fixed": {
			"translation": [6.25, -3, 9.25]
		}
	},
	"groups": [
		{
			"name": "plate",
			"origin": [8, 11, 7],
			"color": 0,
			"children": [0]
		},
		{
			"name": "handle",
			"origin": [8, 11, 7],
			"color": 0,
			"children": [1]
		}
	]
}