{
	"format_version": "1.9.0",
	"credit": "Made with Blockbench",
	"parent": "minecraft:armor/orejaselfo1",
	"texture_size": [32, 32],
	"textures": {
		"0": "item/orejascolor1",
		"particle": "item/orejascolor1"
	},
	"elements": [
		{
			"from": [0, 0, -1],
			"to": [1, 2, 1],
			"faces": {
				"north": {"uv": [0, 0, 0.5, 1], "texture": "#0"},
				"east": {"uv": [0, 0, 1, 1], "texture": "#0"},
				"south": {"uv": [0.5, 0, 1, 1], "texture": "#0"},
				"west": {"uv": [0, 0, 1, 1], "texture": "#0"},
				"up": {"uv": [0.5, 0, 1, 1], "texture": "#0"},
				"down": {"uv": [0.5, 0, 1, 1], "texture": "#0"}
			}
		},
		{
			"from": [-0.3, 2, 0],
			"to": [0.7, 3, 2],
			"rotation": {"angle": 0, "axis": "y", "origin": [0, 1, 1]},
			"faces": {
				"north": {"uv": [0, 0, 0.5, 0.5], "texture": "#0"},
				"east": {"uv": [0, 0, 1, 0.5], "texture": "#0"},
				"south": {"uv": [0.5, 0, 1, 0.5], "texture": "#0"},
				"west": {"uv": [0, 0, 1, 0.5], "texture": "#0"},
				"up": {"uv": [0.5, 0, 1, 1], "texture": "#0"},
				"down": {"uv": [0.5, 0, 1, 1], "texture": "#0"}
			}
		},
		{
			"from": [-0.3, 1, 1],
			"to": [0.7, 2, 2],
			"rotation": {"angle": 0, "axis": "y", "origin": [0, 1, 1]},
			"faces": {
				"north": {"uv": [0, 0.5, 0.5, 1], "texture": "#0"},
				"east": {"uv": [0, 0.5, 0.5, 1], "texture": "#0"},
				"south": {"uv": [0.5, 0.5, 1, 1], "texture": "#0"},
				"west": {"uv": [0.5, 0.5, 1, 1], "texture": "#0"},
				"up": {"uv": [0.5, 0.5, 1, 1], "texture": "#0"},
				"down": {"uv": [0.5, 0, 1, 0.5], "texture": "#0"}
			}
		},
		{
			"from": [-0.3, 3, 1],
			"to": [0.7, 4, 3],
			"rotation": {"angle": 0, "axis": "y", "origin": [0, 3, 1]},
			"faces": {
				"north": {"uv": [0, 0.5, 0.5, 1], "texture": "#0"},
				"east": {"uv": [0, 0.5, 1, 1], "texture": "#0"},
				"south": {"uv": [0.5, 0.5, 1, 1], "texture": "#0"},
				"west": {"uv": [0.5, 0.5, 1.5, 1], "texture": "#0"},
				"up": {"uv": [0.5, 0.5, 1, 1.5], "texture": "#0"},
				"down": {"uv": [0.5, 0, 1, 1], "texture": "#0"}
			}
		},
		{
			"from": [0.1, 4, 2.3],
			"to": [0.9, 5.3, 3.3],
			"rotation": {"angle": 0, "axis": "y", "origin": [0, 4, 2]},
			"faces": {
				"north": {"uv": [0.1, 0.35, 0.5, 1], "texture": "#0"},
				"east": {"uv": [0.5, 0.35, 1, 1], "texture": "#0"},
				"south": {"uv": [0.5, 0.35, 0.9, 1], "texture": "#0"},
				"west": {"uv": [0.5, 0.35, 1, 1], "texture": "#0"},
				"up": {"uv": [0.5, 0.5, 0.9, 1], "texture": "#0"},
				"down": {"uv": [0.5, 0.5, 0.9, 1], "texture": "#0"}
			}
		},
		{
			"from": [9.3, 3, 1],
			"to": [10.3, 4, 3],
			"rotation": {"angle": 0, "axis": "y", "origin": [9, 3, 1]},
			"faces": {
				"north": {"uv": [2, 2, 2.5, 2.5], "texture": "#0"},
				"east": {"uv": [0.5, 1, 1.5, 1.5], "texture": "#0"},
				"south": {"uv": [0, 2.5, 0.5, 3], "texture": "#0"},
				"west": {"uv": [1.5, 0, 2.5, 0.5], "texture": "#0"},
				"up": {"uv": [1, 2.5, 0.5, 1.5], "texture": "#0"},
				"down": {"uv": [2, 0.5, 1.5, 1.5], "texture": "#0"}
			}
		},
		{
			"from": [9.3, 1, 1],
			"to": [10.3, 2, 2],
			"rotation": {"angle": 0, "axis": "y", "origin": [9, 1, 1]},
			"faces": {
				"north": {"uv": [0, 2, 0.5, 2.5], "texture": "#0"},
				"east": {"uv": [2, 0.5, 2.5, 1], "texture": "#0"},
				"south": {"uv": [1, 2, 1.5, 2.5], "texture": "#0"},
				"west": {"uv": [2, 1, 2.5, 1.5], "texture": "#0"},
				"up": {"uv": [2, 2.5, 1.5, 2], "texture": "#0"},
				"down": {"uv": [2.5, 1.5, 2, 2], "texture": "#0"}
			}
		},
		{
			"from": [9.3, 2, 0],
			"to": [10.3, 3, 2],
			"rotation": {"angle": 0, "axis": "y", "origin": [9, 1, 1]},
			"faces": {
				"north": {"uv": [1, 1.5, 1.5, 2], "texture": "#0"},
				"east": {"uv": [0, 0, 1, 0.5], "texture": "#0"},
				"south": {"uv": [1.5, 1.5, 2, 2], "texture": "#0"},
				"west": {"uv": [0, 0.5, 1, 1], "texture": "#0"},
				"up": {"uv": [0.5, 2, 0, 1], "texture": "#0"},
				"down": {"uv": [1.5, 0, 1, 1], "texture": "#0"}
			}
		},
		{
			"from": [9, 0, -1],
			"to": [10, 2, 1],
			"rotation": {"angle": 0, "axis": "y", "origin": [9, 0, 0]},
			"faces": {
				"north": {"uv": [0, 0, 0.5, 1], "texture": "#0"},
				"east": {"uv": [0, 0, 1, 1], "texture": "#0"},
				"south": {"uv": [0.5, 0, 1, 1], "texture": "#0"},
				"west": {"uv": [0, 0, 1, 1], "texture": "#0"},
				"up": {"uv": [0.5, 0, 1, 1], "texture": "#0"},
				"down": {"uv": [0.5, 0, 1, 1], "texture": "#0"}
			}
		},
		{
			"from": [9.1, 4, 2.3],
			"to": [9.9, 5.3, 3.3],
			"rotation": {"angle": 0, "axis": "y", "origin": [9, 4, 2]},
			"faces": {
				"north": {"uv": [0.1, 0.35, 0.5, 1], "texture": "#0"},
				"east": {"uv": [0.5, 0.35, 1, 1], "texture": "#0"},
				"south": {"uv": [0.5, 0.35, 0.9, 1], "texture": "#0"},
				"west": {"uv": [0.5, 0.35, 1, 1], "texture": "#0"},
				"up": {"uv": [0.5, 0.5, 0.9, 1], "texture": "#0"},
				"down": {"uv": [0.5, 0.5, 0.9, 1], "texture": "#0"}
			}
		}
	],
	"display": {
		"head": {
			"translation": [3.5, 6.75, 9.5],
			"scale": [1.22, 1.22, 1.22]
		}
	},
	"groups": [
		{
			"name": "head",
			"origin": [0, 0, 0],
			"color": 0,
			"children": [0, 1, 2, 3, 4, 5, 6, 7, 8, 9]
		}
	]
}