{
	"format_version": "1.21.11",
	"credit": "Made with Blockbench",
	"texture_size": [32, 32],
	"textures": {
		"0": "item/orejascolor3",
		"particle": "item/orejascolor3"
	},
	"elements": [
		{
			"name": "armorHead",
			"from": [2.8, 28, 10],
			"to": [3, 30, 10.2],
			"rotation": {"angle": 0, "axis": "y", "origin": [8, 0, 8]},
			"faces": {
				"north": {"uv": [0, 0, 0, 1], "texture": "#2"},
				"east": {"uv": [0, 0, 0, 1], "texture": "#2"},
				"south": {"uv": [0, 0, 0, 1], "texture": "#2"},
				"west": {"uv": [0, 0, 0, 1], "texture": "#2"},
				"up": {"uv": [0, 0, 0, 0], "texture": "#2"},
				"down": {"uv": [0, 0, 0, 0], "texture": "#2"}
			}
		},
		{
			"name": "armorHead",
			"from": [3.2, 29, 8],
			"to": [3.8, 30, 9.2],
			"rotation": {"x": -90, "y": 0, "z": 0, "origin": [4, 29, 9]},
			"faces": {
				"north": {"uv": [2.5, 8.5, 2.5, 9], "texture": "#2"},
				"east": {"uv": [2, 8.5, 2.5, 9], "texture": "#2"},
				"south": {"uv": [3, 8.5, 3, 9], "texture": "#2"},
				"west": {"uv": [2.5, 8.5, 3, 9], "texture": "#2"},
				"up": {"uv": [2.5, 8.5, 2.5, 8], "texture": "#2"},
				"down": {"uv": [2.5, 8, 2.5, 8.5], "texture": "#2"}
			}
		},
		{
			"name": "armorHead",
			"from": [2.8, 30, 9],
			"to": [3, 31, 10.2],
			"rotation": {"x": -90, "y": 0, "z": 0, "origin": [4, 30, 10]},
			"faces": {
				"north": {"uv": [5.5, 8.5, 5.5, 9], "texture": "#2"},
				"east": {"uv": [5, 8.5, 5.5, 9], "texture": "#2"},
				"south": {"uv": [6, 8.5, 6, 9], "texture": "#2"},
				"west": {"uv": [5.5, 8.5, 6, 9], "texture": "#2"},
				"up": {"uv": [5.5, 8.5, 5.5, 8], "texture": "#2"},
				"down": {"uv": [5.5, 8, 5.5, 8.5], "texture": "#2"}
			}
		},
		{
			"name": "armorHead",
			"from": [2.8, 29.8, 8],
			"to": [3, 30, 9],
			"rotation": {"x": -90, "y": 0, "z": 0, "origin": [4, 31, 9]},
			"faces": {
				"north": {"uv": [3.5, 9.5, 3.5, 9.5], "texture": "#2"},
				"east": {"uv": [3, 9.5, 3.5, 9.5], "texture": "#2"},
				"south": {"uv": [4, 9.5, 4, 9.5], "texture": "#2"},
				"west": {"uv": [3.5, 9.5, 4, 9.5], "texture": "#2"},
				"up": {"uv": [3.5, 9.5, 3.5, 9], "texture": "#2"},
				"down": {"uv": [3.5, 9, 3.5, 9.5], "texture": "#2"}
			}
		},
		{
			"name": "armorHead",
			"from": [2.8, 30, 8.2],
			"to": [3, 30.2, 8.7],
			"rotation": {"x": -90, "y": 0, "z": 0, "origin": [4, 31, 9]},
			"faces": {
				"north": {"uv": [0, 0, 0, 0], "texture": "#2"},
				"east": {"uv": [0, 0, 0, 0], "texture": "#2"},
				"south": {"uv": [0, 0, 0, 0], "texture": "#2"},
				"west": {"uv": [0, 0, 0, 0], "texture": "#2"},
				"up": {"uv": [0, 0, 0, 0], "texture": "#2"},
				"down": {"uv": [0, 0, 0, 0], "texture": "#2"}
			}
		},
		{
			"name": "armorHead",
			"from": [3, 28, 10],
			"to": [3.2, 29, 11.2],
			"rotation": {"x": -90, "y": 0, "z": 0, "origin": [4, 28, 10]},
			"faces": {
				"north": {"uv": [3.5, 8.5, 3.5, 9], "texture": "#2"},
				"east": {"uv": [3, 8.5, 3.5, 9], "texture": "#2"},
				"south": {"uv": [4, 8.5, 4, 9], "texture": "#2"},
				"west": {"uv": [3.5, 8.5, 4, 9], "texture": "#2"},
				"up": {"uv": [3.5, 8.5, 3.5, 8], "texture": "#2"},
				"down": {"uv": [3.5, 8, 3.5, 8.5], "texture": "#2"}
			}
		},
		{
			"name": "armorHead",
			"from": [3.4, 26, 8],
			"to": [4.1, 28, 9.2],
			"rotation": {"x": -90, "y": 0, "z": 0, "origin": [4, 27, 8]},
			"faces": {
				"north": {"uv": [0.5, 8.5, 0.5, 9.5], "texture": "#2"},
				"east": {"uv": [0, 8.5, 0.5, 9.5], "texture": "#2"},
				"south": {"uv": [1, 8.5, 1, 9.5], "texture": "#2"},
				"west": {"uv": [0.5, 8.5, 1, 9.5], "texture": "#2"},
				"up": {"uv": [0.5, 8.5, 0.5, 8], "texture": "#2"},
				"down": {"uv": [0.5, 8, 0.5, 8.5], "texture": "#2"}
			}
		},
		{
			"name": "armorHead",
			"from": [12.8, 29, 9],
			"to": [13, 30, 9.2],
			"rotation": {"angle": 0, "axis": "y", "origin": [8, 0, 8]},
			"faces": {
				"north": {"uv": [0, 0, 0, 0.5], "texture": "#2"},
				"east": {"uv": [0, 0, 0, 0.5], "texture": "#2"},
				"south": {"uv": [0, 0, 0, 0.5], "texture": "#2"},
				"west": {"uv": [0, 0, 0, 0.5], "texture": "#2"},
				"up": {"uv": [0, 0, 0, 0], "texture": "#2"},
				"down": {"uv": [0, 0, 0, 0], "texture": "#2"}
			}
		},
		{
			"name": "armorHead",
			"from": [12.2, 29, 8],
			"to": [12.8, 30, 9.2],
			"rotation": {"x": -90, "y": 0, "z": 0, "origin": [14, 29, 9]},
			"faces": {
				"north": {"uv": [8.5, 8.5, 8.5, 9], "texture": "#2"},
				"east": {"uv": [8, 8.5, 8.5, 9], "texture": "#2"},
				"south": {"uv": [9, 8.5, 9, 9], "texture": "#2"},
				"west": {"uv": [8.5, 8.5, 9, 9], "texture": "#2"},
				"up": {"uv": [8.5, 8.5, 8.5, 8], "texture": "#2"},
				"down": {"uv": [8.5, 8, 8.5, 8.5], "texture": "#2"}
			}
		},
		{
			"name": "armorHead",
			"from": [13, 30, 9],
			"to": [13.2, 31, 10.2],
			"rotation": {"x": -90, "y": 0, "z": 0, "origin": [14, 30, 10]},
			"faces": {
				"north": {"uv": [7.5, 8.5, 7.5, 9], "texture": "#2"},
				"east": {"uv": [7, 8.5, 7.5, 9], "texture": "#2"},
				"south": {"uv": [8, 8.5, 8, 9], "texture": "#2"},
				"west": {"uv": [7.5, 8.5, 8, 9], "texture": "#2"},
				"up": {"uv": [7.5, 8.5, 7.5, 8], "texture": "#2"},
				"down": {"uv": [7.5, 8, 7.5, 8.5], "texture": "#2"}
			}
		},
		{
			"name": "armorHead",
			"from": [13, 29.8, 8],
			"to": [13.2, 30, 9],
			"rotation": {"x": -90, "y": 0, "z": 0, "origin": [14, 31, 9]},
			"faces": {
				"north": {"uv": [4.5, 9.5, 4.5, 9.5], "texture": "#2"},
				"east": {"uv": [4, 9.5, 4.5, 9.5], "texture": "#2"},
				"south": {"uv": [5, 9.5, 5, 9.5], "texture": "#2"},
				"west": {"uv": [4.5, 9.5, 5, 9.5], "texture": "#2"},
				"up": {"uv": [4.5, 9.5, 4.5, 9], "texture": "#2"},
				"down": {"uv": [4.5, 9, 4.5, 9.5], "texture": "#2"}
			}
		},
		{
			"name": "armorHead",
			"from": [13, 30, 8.2],
			"to": [13.2, 30.2, 8.7],
			"rotation": {"x": -90, "y": 0, "z": 0, "origin": [14, 31, 9]},
			"faces": {
				"north": {"uv": [0, 0, 0, 0], "texture": "#2"},
				"east": {"uv": [0, 0, 0, 0], "texture": "#2"},
				"south": {"uv": [0, 0, 0, 0], "texture": "#2"},
				"west": {"uv": [0, 0, 0, 0], "texture": "#2"},
				"up": {"uv": [0, 0, 0, 0], "texture": "#2"},
				"down": {"uv": [0, 0, 0, 0], "texture": "#2"}
			}
		},
		{
			"name": "armorHead",
			"from": [12.8, 28, 10],
			"to": [13, 29, 11.2],
			"rotation": {"x": -90, "y": 0, "z": 0, "origin": [14, 28, 10]},
			"faces": {
				"north": {"uv": [6.5, 8.5, 6.5, 9], "texture": "#2"},
				"east": {"uv": [6, 8.5, 6.5, 9], "texture": "#2"},
				"south": {"uv": [7, 8.5, 7, 9], "texture": "#2"},
				"west": {"uv": [6.5, 8.5, 7, 9], "texture": "#2"},
				"up": {"uv": [6.5, 8.5, 6.5, 8], "texture": "#2"},
				"down": {"uv": [6.5, 8, 6.5, 8.5], "texture": "#2"}
			}
		},
		{
			"name": "armorHead",
			"from": [12, 26, 8],
			"to": [12.7, 28, 9.2],
			"rotation": {"x": -90, "y": 0, "z": 0, "origin": [12, 27, 8]},
			"faces": {
				"north": {"uv": [1.5, 8.5, 1.5, 9.5], "texture": "#2"},
				"east": {"uv": [1, 8.5, 1.5, 9.5], "texture": "#2"},
				"south": {"uv": [2, 8.5, 2, 9.5], "texture": "#2"},
				"west": {"uv": [1.5, 8.5, 2, 9.5], "texture": "#2"},
				"up": {"uv": [1.5, 8.5, 1.5, 8], "texture": "#2"},
				"down": {"uv": [1.5, 8, 1.5, 8.5], "texture": "#2"}
			}
		}
	],
	"groups": [
		{
			"name": "bipedHead",
			"origin": [8, 24, 8],
			"color": 0,
			"children": [
				{
					"name": "armorHead",
					"origin": [8, 24, 8],
					"color": 1,
					"children": [0, 1, 2, 3, 4, 5, 6, 7, 8, 9, 10, 11, 12, 13]
				}
			]
		},
		{
			"name": "bipedBody",
			"origin": [8, 24, 8],
			"color": 2,
			"children": [
				{
					"name": "armorBody",
					"origin": [8, 24, 8],
					"color": 3,
					"children": []
				}
			]
		},
		{
			"name": "bipedRightArm",
			"origin": [12, 22, 8],
			"color": 4,
			"children": [
				{
					"name": "armorRightArm",
					"origin": [12, 22, 8],
					"color": 5,
					"children": []
				}
			]
		},
		{
			"name": "bipedLeftArm",
			"origin": [4, 22, 8],
			"color": 6,
			"children": [
				{
					"name": "armorLeftArm",
					"origin": [4, 22, 8],
					"color": 7,
					"children": []
				}
			]
		},
		{
			"name": "bipedLeftLeg",
			"origin": [6, 12, 8],
			"color": 8,
			"children": [
				{
					"name": "armorLeftLeg",
					"origin": [6, 12, 8],
					"color": 9,
					"children": []
				},
				{
					"name": "armorLeftBoot",
					"origin": [6, 12, 8],
					"color": 0,
					"children": []
				}
			]
		},
		{
			"name": "bipedRightLeg",
			"origin": [10, 12, 8],
			"color": 1,
			"children": [
				{
					"name": "armorRightLeg",
					"origin": [10, 12, 8],
					"color": 2,
					"children": []
				},
				{
					"name": "armorRightBoot",
					"origin": [10, 12, 8],
					"color": 3,
					"children": []
				}
			]
		}
	]
}