{
  "parent": "minecraft:item/generated",
  "textures": {
    "layer0": "minecraft:item/paper"
  },
  "overrides": [
    { "predicate": { "custom_model_data": 11001 }, "model": "minecraft:paintings/orcos_no" },
    { "predicate": { "custom_model_data": 11002 }, "model": "minecraft:paintings/aldrion_el_sabio" },
    { "predicate": { "custom_model_data": 11003 }, "model": "minecraft:paintings/rey_kal_ganador" },
    { "predicate": { "custom_model_data": 11004 }, "model": "minecraft:paintings/el_lobo_blanco" },
    { "predicate": { "custom_model_data": 11005 }, "model": "minecraft:paintings/reina_tammy" },
    { "predicate": { "custom_model_data": 11006 }, "model": "minecraft:paintings/enfrentamiento_zrarkad_frostgard" },
    { "predicate": { "custom_model_data": 11007 }, "model": "minecraft:paintings/ciervo" },
    { "predicate": { "custom_model_data": 11008 }, "model": "minecraft:paintings/ciervo_blanco" },
    { "predicate": { "custom_model_data": 11009 }, "model": "minecraft:paintings/acuerdos_comerciales" },
    { "predicate": { "custom_model_data": 11010 }, "model": "minecraft:paintings/rey_kal_de_frostgard" },
    { "predicate": { "custom_model_data": 11011 }, "model": "minecraft:paintings/eliandria_la_armoniosa" },
    { "predicate": { "custom_model_data": 11012 }, "model": "minecraft:paintings/trono_del_end" },
    { "predicate": { "custom_model_data": 11013 }, "model": "minecraft:paintings/el_faro_de_las_mareas" },
    { "predicate": { "custom_model_data": 11014 }, "model": "minecraft:paintings/guardia_de_frostgard" },
    { "predicate": { "custom_model_data": 11015 }, "model": "minecraft:paintings/faelar_el_protector" },
    { "predicate": { "custom_model_data": 11016 }, "model": "minecraft:paintings/rey_darel" },
    { "predicate": { "custom_model_data": 11017 }, "model": "minecraft:paintings/rey_kal_con_su_perro" },
    { "predicate": { "custom_model_data": 11018 }, "model": "minecraft:paintings/reina_elara" },
    { "predicate": { "custom_model_data": 11019 }, "model": "minecraft:paintings/reina_islyn_en_batalla" },
    { "predicate": { "custom_model_data": 11020 }, "model": "minecraft:paintings/rey_leviandor_fundador" },
    { "predicate": { "custom_model_data": 11021 }, "model": "minecraft:paintings/rey_marek_renacido" },
    { "predicate": { "custom_model_data": 11022 }, "model": "minecraft:paintings/reina_nerysia_guardiana_primigenia" },
    { "predicate": { "custom_model_data": 11023 }, "model": "minecraft:paintings/rey_arvin" },
    { "predicate": { "custom_model_data": 11024 }, "model": "minecraft:paintings/rey_tharion" },
    { "predicate": { "custom_model_data": 11025 }, "model": "minecraft:paintings/acuerdo_tregua_frostgard_zrarkad" },
    { "predicate": { "custom_model_data": 11026 }, "model": "minecraft:paintings/reina_elara_delvandor" },
    { "predicate": { "custom_model_data": 11027 }, "model": "minecraft:paintings/retorno_de_rogdul" },
    { "predicate": { "custom_model_data": 11028 }, "model": "minecraft:paintings/rey_frostgard_con_animales" },
    { "predicate": { "custom_model_data": 11029 }, "model": "minecraft:paintings/sylwenia_la_centellante" },
    { "predicate": { "custom_model_data": 11030 }, "model": "minecraft:paintings/rey_thaloryn_el_sabio" },
    { "predicate": { "custom_model_data": 11031 }, "model": "minecraft:paintings/torneo" }
  ]
}
