{
	"texture_size": [64, 64],
	"textures": {
		"0": "item/torso",
		"particle": "item/torso"
	},
	"elements": [
		{
			"name": "Torso",
			"from": [0, 13, 2],
			"to": [8, 25, 6],
			"rotation": {"angle": 0, "axis": "y", "origin": [0, 13, 2]},
			"color": 7,
			"faces": {
				"north": {"uv": [0, 0, 2, 3], "texture": "#missing"},
				"east": {"uv": [0, 0, 1, 3], "texture": "#missing"},
				"south": {"uv": [0, 0, 2, 3], "texture": "#missing"},
				"west": {"uv": [0, 0, 1, 3], "texture": "#missing"},
				"up": {"uv": [0, 0, 2, 1], "texture": "#missing"},
				"down": {"uv": [0, 0, 2, 1], "texture": "#missing"}
			}
		},
		{
			"name": "arm",
			"from": [0, 25, 2],
			"to": [2, 25.2, 6],
			"rotation": {"angle": 0, "axis": "y", "origin": [0, 13, 2]},
			"faces": {
				"north": {"uv": [2.75, 6.75, 3.25, 6.8125], "texture": "#0"},
				"east": {"uv": [6.75, 3.25, 7.75, 3.3125], "texture": "#0"},
				"south": {"uv": [6.75, 4.25, 7.25, 4.3125], "texture": "#0"},
				"west": {"uv": [6.75, 3.5, 7.75, 3.5625], "texture": "#0"},
				"up": {"uv": [4.5, 7, 4, 6], "texture": "#0"},
				"down": {"uv": [5, 6, 4.5, 7], "texture": "#0"}
			}
		},
		{
			"name": "arm",
			"from": [6, 25, 2],
			"to": [8, 25.2, 6],
			"rotation": {"angle": 0, "axis": "y", "origin": [6, 13, 2]},
			"faces": {
				"north": {"uv": [6.75, 4.5, 7.25, 4.5625], "texture": "#0"},
				"east": {"uv": [6.75, 3.75, 7.75, 3.8125], "texture": "#0"},
				"south": {"uv": [6.75, 4.75, 7.25, 4.8125], "texture": "#0"},
				"west": {"uv": [6.75, 4, 7.75, 4.0625], "texture": "#0"},
				"up": {"uv": [5.5, 7, 5, 6], "texture": "#0"},
				"down": {"uv": [6, 6, 5.5, 7], "texture": "#0"}
			}
		},
		{
			"name": "arm",
			"from": [8, 13, 1.8],
			"to": [8.2, 25, 6.2],
			"rotation": {"angle": 0, "axis": "y", "origin": [0, 13, 2]},
			"faces": {
				"north": {"uv": [6, 6, 6.0625, 9], "texture": "#0"},
				"east": {"uv": [4, 0, 5.125, 3], "texture": "#0"},
				"south": {"uv": [6.25, 6, 6.3125, 9], "texture": "#0"},
				"west": {"uv": [4, 3, 5.125, 6], "texture": "#0"},
				"up": {"uv": [1.8125, 7.875, 1.75, 6.75], "texture": "#0"},
				"down": {"uv": [2.0625, 6.75, 2, 7.875], "texture": "#0"}
			}
		},
		{
			"name": "arm",
			"from": [-0.2, 13, 1.8],
			"to": [0, 25, 6.2],
			"rotation": {"angle": 0, "axis": "y", "origin": [-8, 13, 2]},
			"faces": {
				"north": {"uv": [0, 6.5, 0.0625, 9.5], "texture": "#0"},
				"east": {"uv": [5.25, 0, 6.375, 3], "texture": "#0"},
				"south": {"uv": [6.5, 0, 6.5625, 3], "texture": "#0"},
				"west": {"uv": [5.25, 3, 6.375, 6], "texture": "#0"},
				"up": {"uv": [2.3125, 7.875, 2.25, 6.75], "texture": "#0"},
				"down": {"uv": [2.5625, 6.75, 2.5, 7.875], "texture": "#0"}
			}
		},
		{
			"name": "arm",
			"from": [0, 13, 6],
			"to": [8, 25, 6.2],
			"rotation": {"angle": 0, "axis": "y", "origin": [0, 13, 3]},
			"faces": {
				"north": {"uv": [0, 0, 2, 3], "texture": "#0"},
				"east": {"uv": [0.25, 6.5, 0.3125, 9.5], "texture": "#0"},
				"south": {"uv": [2, 0, 4, 3], "texture": "#0"},
				"west": {"uv": [0.5, 6.5, 0.5625, 9.5], "texture": "#0"},
				"up": {"uv": [3.25, 6.5625, 1.25, 6.5], "texture": "#0"},
				"down": {"uv": [8.5, 3, 6.5, 3.0625], "texture": "#0"}
			}
		},
		{
			"name": "arm",
			"from": [0, 23, 6.2],
			"to": [1, 25, 6.4],
			"rotation": {"angle": 0, "axis": "y", "origin": [0, 13, 3]},
			"faces": {
				"north": {"uv": [3.25, 6.5, 3.5, 7], "texture": "#0"},
				"east": {"uv": [6.75, 5, 6.8125, 5.5], "texture": "#0"},
				"south": {"uv": [6.5, 3.25, 6.75, 3.75], "texture": "#0"},
				"west": {"uv": [6.75, 5.5, 6.8125, 6], "texture": "#0"},
				"up": {"uv": [5.25, 7.0625, 5, 7], "texture": "#0"},
				"down": {"uv": [7.25, 5, 7, 5.0625], "texture": "#0"}
			}
		},
		{
			"name": "arm",
			"from": [1, 22, 6.2],
			"to": [2, 24, 6.4],
			"rotation": {"angle": 0, "axis": "y", "origin": [1, 12, 3]},
			"faces": {
				"north": {"uv": [3.5, 6.5, 3.75, 7], "texture": "#0"},
				"east": {"uv": [6.75, 6, 6.8125, 6.5], "texture": "#0"},
				"south": {"uv": [3.75, 6.5, 4, 7], "texture": "#0"},
				"west": {"uv": [6.5, 6.75, 6.5625, 7.25], "texture": "#0"},
				"up": {"uv": [5.5, 7.0625, 5.25, 7], "texture": "#0"},
				"down": {"uv": [7.25, 5.25, 7, 5.3125], "texture": "#0"}
			}
		},
		{
			"name": "arm",
			"from": [2, 21, 6.2],
			"to": [3, 23, 6.4],
			"rotation": {"angle": 0, "axis": "y", "origin": [2, 11, 3]},
			"faces": {
				"north": {"uv": [6.5, 3.75, 6.75, 4.25], "texture": "#0"},
				"east": {"uv": [6.75, 6.5, 6.8125, 7], "texture": "#0"},
				"south": {"uv": [6.5, 4.25, 6.75, 4.75], "texture": "#0"},
				"west": {"uv": [7, 0, 7.0625, 0.5], "texture": "#0"},
				"up": {"uv": [5.75, 7.0625, 5.5, 7], "texture": "#0"},
				"down": {"uv": [7.25, 5.5, 7, 5.5625], "texture": "#0"}
			}
		},
		{
			"name": "arm",
			"from": [3, 20, 6.2],
			"to": [4, 22, 6.4],
			"rotation": {"angle": 0, "axis": "y", "origin": [3, 10, 3]},
			"faces": {
				"north": {"uv": [6.5, 4.75, 6.75, 5.25], "texture": "#0"},
				"east": {"uv": [7, 0.5, 7.0625, 1], "texture": "#0"},
				"south": {"uv": [6.5, 5.25, 6.75, 5.75], "texture": "#0"},
				"west": {"uv": [7, 1, 7.0625, 1.5], "texture": "#0"},
				"up": {"uv": [6, 7.0625, 5.75, 7], "texture": "#0"},
				"down": {"uv": [7.25, 5.75, 7, 5.8125], "texture": "#0"}
			}
		},
		{
			"name": "arm",
			"from": [4, 19, 6.2],
			"to": [5, 21, 6.4],
			"rotation": {"angle": 0, "axis": "y", "origin": [4, 9, 3]},
			"faces": {
				"north": {"uv": [6.5, 5.75, 6.75, 6.25], "texture": "#0"},
				"east": {"uv": [7, 1.5, 7.0625, 2], "texture": "#0"},
				"south": {"uv": [6.5, 6.25, 6.75, 6.75], "texture": "#0"},
				"west": {"uv": [2.75, 7, 2.8125, 7.5], "texture": "#0"},
				"up": {"uv": [7.25, 6.0625, 7, 6], "texture": "#0"},
				"down": {"uv": [7.25, 6.25, 7, 6.3125], "texture": "#0"}
			}
		},
		{
			"name": "arm",
			"from": [5, 18, 6.2],
			"to": [6, 20, 6.4],
			"rotation": {"angle": 0, "axis": "y", "origin": [5, 8, 3]},
			"faces": {
				"north": {"uv": [6.75, 0, 7, 0.5], "texture": "#0"},
				"east": {"uv": [3, 7, 3.0625, 7.5], "texture": "#0"},
				"south": {"uv": [6.75, 0.5, 7, 1], "texture": "#0"},
				"west": {"uv": [3.25, 7, 3.3125, 7.5], "texture": "#0"},
				"up": {"uv": [7.25, 6.5625, 7, 6.5], "texture": "#0"},
				"down": {"uv": [7, 7, 6.75, 7.0625], "texture": "#0"}
			}
		},
		{
			"name": "arm",
			"from": [6, 17, 6.2],
			"to": [7, 19, 6.4],
			"rotation": {"angle": 0, "axis": "y", "origin": [6, 7, 3]},
			"faces": {
				"north": {"uv": [6.75, 1, 7, 1.5], "texture": "#0"},
				"east": {"uv": [3.5, 7, 3.5625, 7.5], "texture": "#0"},
				"south": {"uv": [1.25, 6.75, 1.5, 7.25], "texture": "#0"},
				"west": {"uv": [3.75, 7, 3.8125, 7.5], "texture": "#0"},
				"up": {"uv": [7.25, 6.8125, 7, 6.75], "texture": "#0"},
				"down": {"uv": [7.25, 7, 7, 7.0625], "texture": "#0"}
			}
		},
		{
			"name": "arm",
			"from": [7, 16, 6.2],
			"to": [8, 18, 6.4],
			"rotation": {"angle": 0, "axis": "y", "origin": [7, 6, 3]},
			"faces": {
				"north": {"uv": [1.5, 6.75, 1.75, 7.25], "texture": "#0"},
				"east": {"uv": [4, 7, 4.0625, 7.5], "texture": "#0"},
				"south": {"uv": [6.75, 1.5, 7, 2], "texture": "#0"},
				"west": {"uv": [4.25, 7, 4.3125, 7.5], "texture": "#0"},
				"up": {"uv": [7.5, 0.0625, 7.25, 0], "texture": "#0"},
				"down": {"uv": [7.5, 0.25, 7.25, 0.3125], "texture": "#0"}
			}
		},
		{
			"name": "arm",
			"from": [0, 14, 6.2],
			"to": [8, 16, 6.4],
			"rotation": {"angle": 0, "axis": "y", "origin": [7, 4, 3]},
			"faces": {
				"north": {"uv": [0, 6, 2, 6.5], "texture": "#0"},
				"east": {"uv": [4.5, 7, 4.5625, 7.5], "texture": "#0"},
				"south": {"uv": [2, 6, 4, 6.5], "texture": "#0"},
				"west": {"uv": [4.75, 7, 4.8125, 7.5], "texture": "#0"},
				"up": {"uv": [8.75, 2.0625, 6.75, 2], "texture": "#0"},
				"down": {"uv": [8.75, 2.25, 6.75, 2.3125], "texture": "#0"}
			}
		},
		{
			"name": "arm",
			"from": [0, 13, 1.8],
			"to": [8, 25, 2],
			"rotation": {"angle": 0, "axis": "y", "origin": [0, 13, -1]},
			"faces": {
				"north": {"uv": [0, 3, 2, 6], "texture": "#0"},
				"east": {"uv": [0.75, 6.5, 0.8125, 9.5], "texture": "#0"},
				"south": {"uv": [2, 3, 4, 6], "texture": "#0"},
				"west": {"uv": [1, 6.5, 1.0625, 9.5], "texture": "#0"},
				"up": {"uv": [8.75, 2.5625, 6.75, 2.5], "texture": "#0"},
				"down": {"uv": [8.75, 2.75, 6.75, 2.8125], "texture": "#0"}
			}
		}
	],
	"display": {
		"thirdperson_righthand": {
			"rotation": [90, 0, 0],
			"translation": [-2, -6.25, -4.75]
		},
		"thirdperson_lefthand": {
			"rotation": [90, 0, 0],
			"translation": [-10, -6.25, -4.75]
		},
		"head": {
			"translation": [6.25, -31.25, 6],
			"scale": [1.58, 1.58, 1.58]
		}
	},
	"groups": [
		{
			"name": "torso",
			"origin": [0, 25, 0],
			"color": 0,
			"children": [0, 1, 2, 3, 4, 5, 6, 7, 8, 9, 10, 11, 12, 13, 14, 15]
		}
	]
}