{
  "parent": "item/generated",
  "textures": { "layer0": "item/player_head" },
  "overrides": [
    { "predicate": { "custom_model_data": 101 }, "model": "minecraft:item/cabezajugadororejas1" },
    { "predicate": { "custom_model_data": 102 }, "model": "minecraft:item/cabezajugadororejas2" },
    { "predicate": { "custom_model_data": 103 }, "model": "minecraft:item/cabezajugadororejas3" },
    { "predicate": { "custom_model_data": 104 }, "model": "minecraft:item/cabezajugadororejas4" },
	{ "predicate": { "custom_model_data": 105 }, "model": "minecraft:item/cabezaelfosteve" },
	{ "predicate": { "custom_model_data": 106 }, "model": "minecraft:item/cabezahumanosteve" },
	{ "predicate": { "custom_model_data": 106 }, "model": "minecraft:item/cabezaorco" },
	{ "predicate": { "custom_model_data": 106 }, "model": "minecraft:item/cabezaenano" }
  ]
}
