{
  "parent": "minecraft:item/generated",
  "textures": { "layer0": "minecraft:item/stick" },
  "overrides": [
    { "predicate": { "custom_model_data": 2000 }, "model": "minecraft:block/callvacio" },
    { "predicate": { "custom_model_data": 2001 }, "model": "minecraft:block/calagua" },

    { "predicate": { "custom_model_data": 2010 }, "model": "minecraft:block/caldarkpotion1" },
    { "predicate": { "custom_model_data": 2011 }, "model": "minecraft:block/caldarkpotion2" },

    { "predicate": { "custom_model_data": 2020 }, "model": "minecraft:block/caldolfinpotion1" },
    { "predicate": { "custom_model_data": 2021 }, "model": "minecraft:block/caldolfinpotion2" },

    { "predicate": { "custom_model_data": 2030 }, "model": "minecraft:block/calhastepotion1" },
    { "predicate": { "custom_model_data": 2031 }, "model": "minecraft:block/calhastepotion2" },

    { "predicate": { "custom_model_data": 2040 }, "model": "minecraft:block/calsaturacionpotion1" },
    { "predicate": { "custom_model_data": 2041 }, "model": "minecraft:block/calsaturacionpotion2" },

    { "predicate": { "custom_model_data": 2050 }, "model": "minecraft:block/calparalizantepotion1" },
    { "predicate": { "custom_model_data": 2051 }, "model": "minecraft:block/calparalizantepotion2" },

    { "predicate": { "custom_model_data": 2060 }, "model": "minecraft:block/calregeneracionpotion" },

    { "predicate": { "custom_model_data": 2070 }, "model": "minecraft:block/calluna1potion" },
    { "predicate": { "custom_model_data": 2071 }, "model": "minecraft:block/calluna2potion1" },
    { "predicate": { "custom_model_data": 2072 }, "model": "minecraft:block/calluna2potion2" },

    { "predicate": { "custom_model_data": 2080 }, "model": "minecraft:block/calestofado" },
	
	{ "predicate": { "custom_model_data": 5000 }, "model": "item/silla" },
	{ "predicate": { "custom_model_data": 5001 }, "model": "item/sillaabedul" },
	{ "predicate": { "custom_model_data": 5002 }, "model": "item/sillaabeto" },
	{ "predicate": { "custom_model_data": 5003 }, "model": "item/sillaacacia" },
	{ "predicate": { "custom_model_data": 5004 }, "model": "item/sillacherry" },
	{ "predicate": { "custom_model_data": 5005 }, "model": "item/sillajungla" },
	{ "predicate": { "custom_model_data": 5006 }, "model": "item/sillarobleoscuro" },
	{ "predicate": { "custom_model_data": 5007 }, "model": "item/sillacuarzo" },
	
	{ "predicate": { "custom_model_data": 5008 }, "model": "item/mesaroble" },
	{ "predicate": { "custom_model_data": 5009 }, "model": "item/mesaabedul" },
	{ "predicate": { "custom_model_data": 5010 }, "model": "item/mesaabeto" },
	{ "predicate": { "custom_model_data": 5011 }, "model": "item/mesaacacia" },
	{ "predicate": { "custom_model_data": 5012 }, "model": "item/mesacherry" },
	{ "predicate": { "custom_model_data": 5013 }, "model": "item/mesajungla" },
	{ "predicate": { "custom_model_data": 5014 }, "model": "item/mesarobleoscuro" },
	{ "predicate": { "custom_model_data": 5015 }, "model": "item/mesacuarzo" },
	{ "predicate": { "custom_model_data": 5016 }, "model": "item/mesacartografia" }

	
  ]
}
