{
  "parent": "minecraft:item/generated",
  "textures": { "layer0": "minecraft:item/stick" },
  "overrides": [
    { "predicate": { "custom_model_data": 2000 }, "model": "minecraft:block/callvacio" },
    { "predicate": { "custom_model_data": 2001 }, "model": "minecraft:block/calagua" },

    { "predicate": { "custom_model_data": 2010 }, "model": "minecraft:block/caldarkpotion1" },
    { "predicate": { "custom_model_data": 2011 }, "model": "minecraft:block/caldarkpotion2" },

    { "predicate": { "custom_model_data": 2020 }, "model": "minecraft:block/caldolfinpotion1" },
    { "predicate": { "custom_model_data": 2021 }, "model": "minecraft:block/caldolfinpotion2" },

    { "predicate": { "custom_model_data": 2030 }, "model": "minecraft:block/calhastepotion1" },
    { "predicate": { "custom_model_data": 2031 }, "model": "minecraft:block/calhastepotion2" },

    { "predicate": { "custom_model_data": 2040 }, "model": "minecraft:block/calsaturacionpotion1" },
    { "predicate": { "custom_model_data": 2041 }, "model": "minecraft:block/calsaturacionpotion2" },

    { "predicate": { "custom_model_data": 2050 }, "model": "minecraft:block/calparalizantepotion1" },
    { "predicate": { "custom_model_data": 2051 }, "model": "minecraft:block/calparalizantepotion2" },

    { "predicate": { "custom_model_data": 2060 }, "model": "minecraft:block/calregeneracionpotion" },

    { "predicate": { "custom_model_data": 2070 }, "model": "minecraft:block/calluna1potion" },
    { "predicate": { "custom_model_data": 2071 }, "model": "minecraft:block/calluna2potion1" },
    { "predicate": { "custom_model_data": 2072 }, "model": "minecraft:block/calluna2potion2" },

    { "predicate": { "custom_model_data": 2080 }, "model": "minecraft:block/calestofado" },
	
	{ "predicate": { "custom_model_data": 1212 }, "model": "item/laud" }
  ]
}
