{
	"format_version": "1.21.11",
	"credit": "Made with Blockbench",
	"parent": "block/block",
	"textures": {
		"2": "item/stripped_spruce_log_top",
		"3": "item/spruce_log_top",
		"5": "item/spruce_trapdoor",
		"7": "item/anvil",
		"top": "item/anvil_top",
		"particle": "item/chain"
	},
	"elements": [
		{
			"name": "Anvil top",
			"from": [3, 12, 0],
			"to": [13, 16, 16],
			"faces": {
				"north": {"uv": [3, 0, 13, 4], "texture": "#7"},
				"east": {"uv": [14, 0, 10, 16], "rotation": 270, "texture": "#7"},
				"south": {"uv": [3, 0, 13, 4], "texture": "#7"},
				"west": {"uv": [10, 0, 14, 16], "rotation": 90, "texture": "#7"},
				"up": {"uv": [3, 0, 13, 16], "rotation": 180, "texture": "#top"},
				"down": {"uv": [3, 0, 13, 16], "rotation": 180, "texture": "#7"}
			}
		},
		{
			"from": [1, 0, 1],
			"to": [15, 6, 15],
			"faces": {
				"north": {"uv": [1, 1, 15, 7], "texture": "#3"},
				"east": {"uv": [1, 1, 15, 7], "texture": "#3"},
				"south": {"uv": [1, 1, 15, 7], "texture": "#3"},
				"west": {"uv": [1, 1, 15, 7], "texture": "#3"},
				"up": {"uv": [1, 1, 15, 15], "texture": "#2"},
				"down": {"uv": [1, 1, 15, 15], "texture": "#2"}
			}
		},
		{
			"from": [6, 8, 4],
			"to": [10, 10, 12],
			"faces": {
				"north": {"uv": [5, 5, 9, 7], "texture": "#7"},
				"east": {"uv": [5, 5, 13, 7], "texture": "#7"},
				"south": {"uv": [5, 5, 9, 7], "texture": "#7"},
				"west": {"uv": [5, 5, 13, 7], "texture": "#7"},
				"up": {"uv": [5, 5, 9, 13], "texture": "#7"},
				"down": {"uv": [5, 5, 9, 13], "texture": "#7"}
			}
		},
		{
			"from": [5, 6, 3],
			"to": [11, 8, 13],
			"faces": {
				"north": {"uv": [5, 5, 11, 7], "texture": "#7"},
				"east": {"uv": [5, 5, 15, 7], "texture": "#7"},
				"south": {"uv": [5, 5, 11, 7], "texture": "#7"},
				"west": {"uv": [5, 5, 15, 7], "texture": "#7"},
				"up": {"uv": [5, 5, 11, 15], "texture": "#7"},
				"down": {"uv": [5, 5, 11, 15], "texture": "#7"}
			}
		},
		{
			"from": [5, 10, 2],
			"to": [11, 12, 14],
			"faces": {
				"north": {"uv": [0, 0, 6, 2], "texture": "#7"},
				"east": {"uv": [0, 0, 12, 2], "texture": "#7"},
				"south": {"uv": [0, 0, 6, 2], "texture": "#7"},
				"west": {"uv": [0, 0, 12, 2], "texture": "#7"},
				"up": {"uv": [0, 0, 6, 12], "texture": "#7"},
				"down": {"uv": [0, 0, 6, 12], "texture": "#7"}
			}
		},
		{
			"name": "chain_2",
			"from": [1, 4.86651, -2.84486],
			"to": [2, 7.86651, -1.84486],
			"rotation": {"angle": -45, "axis": "x", "origin": [1.5, 6.54329, -1.27164]},
			"faces": {
				"north": {"uv": [3, 1, 0, 2], "rotation": 270, "texture": "#7"},
				"east": {"uv": [0, 1, 3, 2], "rotation": 90, "texture": "#7"},
				"south": {"uv": [0, 1, 3, 2], "rotation": 90, "texture": "#7"},
				"west": {"uv": [0, 2, 3, 1], "rotation": 90, "texture": "#7"},
				"up": {"uv": [0, 1, 1, 2], "texture": "#7"},
				"down": {"uv": [2, 1, 3, 2], "rotation": 180, "texture": "#7"}
			}
		},
		{
			"name": "chain_4",
			"from": [1, 6.86651, -1.84486],
			"to": [2, 7.86651, 0.15514],
			"rotation": {"angle": -45, "axis": "x", "origin": [1.5, 6.54329, -1.27164]},
			"faces": {
				"north": {"uv": [1, 2, 0, 3], "rotation": 270, "texture": "#7"},
				"east": {"uv": [0, 2, 1, 4], "rotation": 90, "texture": "#7"},
				"south": {"uv": [0, 3, 1, 4], "rotation": 90, "texture": "#7"},
				"west": {"uv": [0, 4, 1, 2], "rotation": 90, "texture": "#7"},
				"up": {"uv": [0, 2, 1, 4], "texture": "#7"},
				"down": {"uv": [0, 2, 1, 4], "rotation": 180, "texture": "#7"}
			}
		},
		{
			"name": "chain_5",
			"from": [1, 4.86651, -1.84486],
			"to": [2, 5.86651, 0.15514],
			"rotation": {"angle": -45, "axis": "x", "origin": [1.5, 6.54329, -1.27164]},
			"faces": {
				"north": {"uv": [3, 2, 2, 3], "rotation": 270, "texture": "#7"},
				"east": {"uv": [2, 2, 3, 4], "rotation": 90, "texture": "#7"},
				"south": {"uv": [2, 3, 3, 4], "rotation": 90, "texture": "#7"},
				"west": {"uv": [2, 4, 3, 2], "rotation": 90, "texture": "#7"},
				"up": {"uv": [2, 2, 3, 4], "texture": "#7"},
				"down": {"uv": [2, 2, 3, 4], "rotation": 180, "texture": "#7"}
			}
		},
		{
			"name": "chain_6",
			"from": [1, 5.86651, -0.84486],
			"to": [2, 6.86651, 0.15514],
			"rotation": {"angle": -45, "axis": "x", "origin": [1.5, 6.54329, -1.27164]},
			"faces": {
				"north": {"uv": [2, 3, 1, 4], "rotation": 270, "texture": "#7"},
				"east": {"uv": [1, 3, 2, 4], "rotation": 90, "texture": "#7"},
				"south": {"uv": [1, 3, 2, 4], "rotation": 90, "texture": "#7"},
				"west": {"uv": [1, 4, 2, 3], "rotation": 90, "texture": "#7"},
				"up": {"uv": [1, 3, 2, 4], "texture": "#7"},
				"down": {"uv": [1, 3, 2, 4], "rotation": 180, "texture": "#7"}
			}
		},
		{
			"name": "chain_7",
			"from": [0, 7, -2],
			"to": [3, 8, -1],
			"rotation": {"angle": -22.5, "axis": "x", "origin": [1.5, 7.5, 1.5]},
			"faces": {
				"north": {"uv": [6, 3, 3, 4], "texture": "#7"},
				"east": {"uv": [5, 3, 6, 4], "rotation": 90, "texture": "#7"},
				"south": {"uv": [3, 3, 6, 4], "texture": "#7"},
				"west": {"uv": [3, 3, 4, 4], "rotation": 270, "texture": "#7"},
				"up": {"uv": [3, 3, 6, 4], "texture": "#7"},
				"down": {"uv": [3, 4, 6, 3], "texture": "#7"}
			}
		},
		{
			"name": "chain_8",
			"from": [0, 7, -1],
			"to": [1, 8, 2],
			"rotation": {"angle": -22.5, "axis": "x", "origin": [1.5, 7.5, 1.5]},
			"faces": {
				"north": {"uv": [4, 4, 3, 5], "texture": "#7"},
				"east": {"uv": [3, 4, 4, 7], "rotation": 90, "texture": "#7"},
				"south": {"uv": [3, 6, 4, 7], "texture": "#7"},
				"west": {"uv": [3, 4, 4, 7], "rotation": 270, "texture": "#7"},
				"up": {"uv": [3, 4, 4, 7], "texture": "#7"},
				"down": {"uv": [3, 7, 4, 4], "texture": "#7"}
			}
		},
		{
			"name": "chain_9",
			"from": [2, 7, -1],
			"to": [3, 8, 2],
			"rotation": {"angle": -22.5, "axis": "x", "origin": [1.5, 7.5, 1.5]},
			"faces": {
				"north": {"uv": [6, 4, 5, 5], "texture": "#7"},
				"east": {"uv": [5, 4, 6, 7], "rotation": 90, "texture": "#7"},
				"south": {"uv": [5, 6, 6, 7], "texture": "#7"},
				"west": {"uv": [5, 4, 6, 7], "rotation": 270, "texture": "#7"},
				"up": {"uv": [5, 4, 6, 7], "texture": "#7"},
				"down": {"uv": [5, 7, 6, 4], "texture": "#7"}
			}
		},
		{
			"name": "chain_10",
			"from": [1, 6, 2],
			"to": [2, 9, 3],
			"rotation": {"angle": 0, "axis": "z", "origin": [-9.5, 0.5, 5]},
			"faces": {
				"north": {"uv": [3, 6, 0, 7], "rotation": 270, "texture": "#7"},
				"east": {"uv": [0, 6, 3, 7], "rotation": 90, "texture": "#7"},
				"south": {"uv": [0, 6, 3, 7], "rotation": 90, "texture": "#7"},
				"west": {"uv": [0, 7, 3, 6], "rotation": 90, "texture": "#7"},
				"up": {"uv": [0, 6, 1, 7], "texture": "#7"},
				"down": {"uv": [2, 6, 3, 7], "rotation": 180, "texture": "#7"}
			}
		},
		{
			"name": "chain_11",
			"from": [1, 7, 1],
			"to": [2, 8, 2],
			"rotation": {"angle": -22.5, "axis": "x", "origin": [1.5, 7.5, 1.5]},
			"faces": {
				"north": {"uv": [5, 6, 4, 7], "texture": "#7"},
				"east": {"uv": [4, 6, 5, 7], "rotation": 90, "texture": "#7"},
				"south": {"uv": [4, 6, 5, 7], "texture": "#7"},
				"west": {"uv": [4, 6, 5, 7], "rotation": 270, "texture": "#7"},
				"up": {"uv": [4, 6, 5, 7], "texture": "#7"},
				"down": {"uv": [4, 7, 5, 6], "texture": "#7"}
			}
		},
		{
			"name": "chain_12",
			"from": [1, 8, 3],
			"to": [2, 9, 6],
			"rotation": {"angle": 0, "axis": "z", "origin": [-9.5, 0.5, 5]},
			"faces": {
				"north": {"uv": [1, 7, 0, 8], "rotation": 270, "texture": "#7"},
				"east": {"uv": [0, 7, 1, 10], "rotation": 90, "texture": "#7"},
				"south": {"uv": [0, 9, 1, 10], "rotation": 90, "texture": "#7"},
				"west": {"uv": [0, 10, 1, 7], "rotation": 90, "texture": "#7"},
				"up": {"uv": [0, 7, 1, 10], "texture": "#7"},
				"down": {"uv": [0, 7, 1, 10], "rotation": 180, "texture": "#7"}
			}
		},
		{
			"name": "chain_13",
			"from": [1, 6, 3],
			"to": [2, 7, 6],
			"rotation": {"angle": 0, "axis": "z", "origin": [-9.5, 0.5, 5]},
			"faces": {
				"north": {"uv": [3, 7, 2, 8], "rotation": 270, "texture": "#7"},
				"east": {"uv": [2, 7, 3, 10], "rotation": 90, "texture": "#7"},
				"south": {"uv": [2, 9, 3, 10], "rotation": 90, "texture": "#7"},
				"west": {"uv": [2, 10, 3, 7], "rotation": 90, "texture": "#7"},
				"up": {"uv": [2, 7, 3, 10], "texture": "#7"},
				"down": {"uv": [2, 7, 3, 10], "rotation": 180, "texture": "#7"}
			}
		},
		{
			"name": "chain_14",
			"from": [1, 7, 5],
			"to": [2, 8, 6],
			"rotation": {"angle": 0, "axis": "z", "origin": [-9.5, 0.5, 5]},
			"faces": {
				"north": {"uv": [2, 9, 1, 10], "rotation": 270, "texture": "#7"},
				"east": {"uv": [1, 9, 2, 10], "rotation": 90, "texture": "#7"},
				"south": {"uv": [1, 9, 2, 10], "rotation": 90, "texture": "#7"},
				"west": {"uv": [1, 10, 2, 9], "rotation": 90, "texture": "#7"},
				"up": {"uv": [1, 9, 2, 10], "texture": "#7"},
				"down": {"uv": [1, 9, 2, 10], "rotation": 180, "texture": "#7"}
			}
		},
		{
			"name": "chain_15",
			"from": [0, 7, 4],
			"to": [3, 8, 5],
			"rotation": {"angle": 0, "axis": "y", "origin": [0, 0, -3]},
			"faces": {
				"north": {"uv": [6, 9, 3, 10], "texture": "#7"},
				"east": {"uv": [5, 9, 6, 10], "rotation": 90, "texture": "#7"},
				"south": {"uv": [3, 9, 6, 10], "texture": "#7"},
				"west": {"uv": [3, 9, 4, 10], "rotation": 270, "texture": "#7"},
				"up": {"uv": [3, 9, 6, 10], "texture": "#7"},
				"down": {"uv": [3, 10, 6, 9], "texture": "#7"}
			}
		},
		{
			"name": "chain_16",
			"from": [0, 7, 5],
			"to": [1, 8, 8],
			"rotation": {"angle": 0, "axis": "y", "origin": [0, 0, -3]},
			"faces": {
				"north": {"uv": [4, 10, 3, 11], "texture": "#7"},
				"east": {"uv": [3, 10, 4, 13], "rotation": 90, "texture": "#7"},
				"south": {"uv": [3, 12, 4, 13], "texture": "#7"},
				"west": {"uv": [3, 10, 4, 13], "rotation": 270, "texture": "#7"},
				"up": {"uv": [3, 10, 4, 13], "texture": "#7"},
				"down": {"uv": [3, 13, 4, 10], "texture": "#7"}
			}
		},
		{
			"name": "chain_17",
			"from": [2, 7, 5],
			"to": [3, 8, 8],
			"rotation": {"angle": 0, "axis": "y", "origin": [0, 0, -3]},
			"faces": {
				"north": {"uv": [6, 10, 5, 11], "texture": "#7"},
				"east": {"uv": [5, 10, 6, 13], "rotation": 90, "texture": "#7"},
				"south": {"uv": [5, 12, 6, 13], "texture": "#7"},
				"west": {"uv": [5, 10, 6, 13], "rotation": 270, "texture": "#7"},
				"up": {"uv": [5, 10, 6, 13], "texture": "#7"},
				"down": {"uv": [5, 13, 6, 10], "texture": "#7"}
			}
		},
		{
			"name": "chain_18",
			"from": [1, 6, 8],
			"to": [2, 9, 9],
			"rotation": {"angle": 0, "axis": "z", "origin": [-9.5, 0.5, 5]},
			"faces": {
				"north": {"uv": [3, 12, 0, 13], "rotation": 270, "texture": "#7"},
				"east": {"uv": [0, 12, 3, 13], "rotation": 90, "texture": "#7"},
				"south": {"uv": [0, 12, 3, 13], "rotation": 90, "texture": "#7"},
				"west": {"uv": [0, 13, 3, 12], "rotation": 90, "texture": "#7"},
				"up": {"uv": [0, 12, 1, 13], "texture": "#7"},
				"down": {"uv": [2, 12, 3, 13], "rotation": 180, "texture": "#7"}
			}
		},
		{
			"name": "chain_19",
			"from": [1, 7, 7],
			"to": [2, 8, 8],
			"rotation": {"angle": 0, "axis": "y", "origin": [0, 0, -3]},
			"faces": {
				"north": {"uv": [5, 12, 4, 13], "texture": "#7"},
				"east": {"uv": [4, 12, 5, 13], "rotation": 90, "texture": "#7"},
				"south": {"uv": [4, 12, 5, 13], "texture": "#7"},
				"west": {"uv": [4, 12, 5, 13], "rotation": 270, "texture": "#7"},
				"up": {"uv": [4, 12, 5, 13], "texture": "#7"},
				"down": {"uv": [4, 13, 5, 12], "texture": "#7"}
			}
		},
		{
			"name": "chain_20",
			"from": [1, 8, 9],
			"to": [2, 9, 11],
			"rotation": {"angle": 0, "axis": "z", "origin": [-9.5, 0.5, 5]},
			"faces": {
				"north": {"uv": [1, 13, 0, 14], "rotation": 270, "texture": "#7"},
				"east": {"uv": [0, 13, 1, 15], "rotation": 90, "texture": "#7"},
				"south": {"uv": [0, 14, 1, 15], "rotation": 90, "texture": "#7"},
				"west": {"uv": [0, 15, 1, 13], "rotation": 90, "texture": "#7"},
				"up": {"uv": [0, 13, 1, 15], "texture": "#7"},
				"down": {"uv": [0, 13, 1, 15], "rotation": 180, "texture": "#7"}
			}
		},
		{
			"name": "chain_21",
			"from": [1, 6, 9],
			"to": [2, 7, 11],
			"rotation": {"angle": 0, "axis": "z", "origin": [-9.5, 0.5, 5]},
			"faces": {
				"north": {"uv": [3, 13, 2, 14], "rotation": 270, "texture": "#7"},
				"east": {"uv": [2, 13, 3, 15], "rotation": 90, "texture": "#7"},
				"south": {"uv": [2, 14, 3, 15], "rotation": 90, "texture": "#7"},
				"west": {"uv": [2, 15, 3, 13], "rotation": 90, "texture": "#7"},
				"up": {"uv": [2, 13, 3, 15], "texture": "#7"},
				"down": {"uv": [2, 13, 3, 15], "rotation": 180, "texture": "#7"}
			}
		},
		{
			"name": "chain_22",
			"from": [1, 7, 10],
			"to": [2, 8, 11],
			"rotation": {"angle": 0, "axis": "z", "origin": [-9.5, 0.5, 5]},
			"faces": {
				"north": {"uv": [2, 14, 1, 15], "rotation": 270, "texture": "#7"},
				"east": {"uv": [1, 14, 2, 15], "rotation": 90, "texture": "#7"},
				"south": {"uv": [1, 14, 2, 15], "rotation": 90, "texture": "#7"},
				"west": {"uv": [1, 15, 2, 14], "rotation": 90, "texture": "#7"},
				"up": {"uv": [1, 14, 2, 15], "texture": "#7"},
				"down": {"uv": [1, 14, 2, 15], "rotation": 180, "texture": "#7"}
			}
		},
		{
			"name": "chain_8",
			"from": [0, 7, 9],
			"to": [3, 8, 10],
			"rotation": {"angle": 0, "axis": "y", "origin": [0, 0, -3]},
			"faces": {
				"north": {"uv": [6, 3, 3, 4], "texture": "#7"},
				"east": {"uv": [5, 3, 6, 4], "rotation": 90, "texture": "#7"},
				"south": {"uv": [3, 3, 6, 4], "texture": "#7"},
				"west": {"uv": [3, 3, 4, 4], "rotation": 270, "texture": "#7"},
				"up": {"uv": [3, 3, 6, 4], "texture": "#7"},
				"down": {"uv": [3, 4, 6, 3], "texture": "#7"}
			}
		},
		{
			"name": "chain_9",
			"from": [0, 7, 10],
			"to": [1, 8, 13],
			"rotation": {"angle": 0, "axis": "y", "origin": [0, 0, -3]},
			"faces": {
				"north": {"uv": [4, 4, 3, 5], "texture": "#7"},
				"east": {"uv": [3, 4, 4, 7], "rotation": 90, "texture": "#7"},
				"south": {"uv": [3, 6, 4, 7], "texture": "#7"},
				"west": {"uv": [3, 4, 4, 7], "rotation": 270, "texture": "#7"},
				"up": {"uv": [3, 4, 4, 7], "texture": "#7"},
				"down": {"uv": [3, 7, 4, 4], "texture": "#7"}
			}
		},
		{
			"name": "chain_10",
			"from": [2, 7, 10],
			"to": [3, 8, 13],
			"rotation": {"angle": 0, "axis": "y", "origin": [0, 0, -3]},
			"faces": {
				"north": {"uv": [6, 4, 5, 5], "texture": "#7"},
				"east": {"uv": [5, 4, 6, 7], "rotation": 90, "texture": "#7"},
				"south": {"uv": [5, 6, 6, 7], "texture": "#7"},
				"west": {"uv": [5, 4, 6, 7], "rotation": 270, "texture": "#7"},
				"up": {"uv": [5, 4, 6, 7], "texture": "#7"},
				"down": {"uv": [5, 7, 6, 4], "texture": "#7"}
			}
		},
		{
			"name": "chain_11",
			"from": [1.5, 6, 12.5],
			"to": [2.5, 9, 13.5],
			"rotation": {"angle": -45, "axis": "y", "origin": [1.5, 7.5, 13]},
			"faces": {
				"north": {"uv": [0, 6, 3, 7], "rotation": 90, "texture": "#7"},
				"east": {"uv": [0, 6, 3, 7], "rotation": 90, "texture": "#7"},
				"south": {"uv": [0, 7, 3, 6], "rotation": 90, "texture": "#7"},
				"west": {"uv": [3, 6, 0, 7], "rotation": 270, "texture": "#7"},
				"up": {"uv": [0, 6, 1, 7], "rotation": 270, "texture": "#7"},
				"down": {"uv": [2, 6, 3, 7], "rotation": 270, "texture": "#7"}
			}
		},
		{
			"name": "chain_12",
			"from": [1, 7, 12],
			"to": [2, 8, 13],
			"rotation": {"angle": 0, "axis": "y", "origin": [0, 0, -3]},
			"faces": {
				"north": {"uv": [5, 6, 4, 7], "texture": "#7"},
				"east": {"uv": [4, 6, 5, 7], "rotation": 90, "texture": "#7"},
				"south": {"uv": [4, 6, 5, 7], "texture": "#7"},
				"west": {"uv": [4, 6, 5, 7], "rotation": 270, "texture": "#7"},
				"up": {"uv": [4, 6, 5, 7], "texture": "#7"},
				"down": {"uv": [4, 7, 5, 6], "texture": "#7"}
			}
		},
		{
			"name": "chain_13",
			"from": [2.5, 8, 12.5],
			"to": [5.5, 9, 13.5],
			"rotation": {"angle": -45, "axis": "y", "origin": [1.5, 7.5, 13]},
			"faces": {
				"north": {"uv": [0, 7, 1, 10], "rotation": 90, "texture": "#7"},
				"east": {"uv": [0, 9, 1, 10], "rotation": 90, "texture": "#7"},
				"south": {"uv": [0, 10, 1, 7], "rotation": 90, "texture": "#7"},
				"west": {"uv": [1, 7, 0, 8], "rotation": 270, "texture": "#7"},
				"up": {"uv": [0, 7, 1, 10], "rotation": 270, "texture": "#7"},
				"down": {"uv": [0, 7, 1, 10], "rotation": 270, "texture": "#7"}
			}
		},
		{
			"name": "chain_14",
			"from": [2.5, 6, 12.5],
			"to": [5.5, 7, 13.5],
			"rotation": {"angle": -45, "axis": "y", "origin": [1.5, 7.5, 13]},
			"faces": {
				"north": {"uv": [2, 7, 3, 10], "rotation": 90, "texture": "#7"},
				"east": {"uv": [2, 9, 3, 10], "rotation": 90, "texture": "#7"},
				"south": {"uv": [2, 10, 3, 7], "rotation": 90, "texture": "#7"},
				"west": {"uv": [3, 7, 2, 8], "rotation": 270, "texture": "#7"},
				"up": {"uv": [2, 7, 3, 10], "rotation": 270, "texture": "#7"},
				"down": {"uv": [2, 7, 3, 10], "rotation": 270, "texture": "#7"}
			}
		},
		{
			"name": "chain_15",
			"from": [4.5, 7, 12.5],
			"to": [5.5, 8, 13.5],
			"rotation": {"angle": -45, "axis": "y", "origin": [1.5, 7.5, 13]},
			"faces": {
				"north": {"uv": [1, 9, 2, 10], "rotation": 90, "texture": "#7"},
				"east": {"uv": [1, 9, 2, 10], "rotation": 90, "texture": "#7"},
				"south": {"uv": [1, 10, 2, 9], "rotation": 90, "texture": "#7"},
				"west": {"uv": [2, 9, 1, 10], "rotation": 270, "texture": "#7"},
				"up": {"uv": [1, 9, 2, 10], "rotation": 270, "texture": "#7"},
				"down": {"uv": [1, 9, 2, 10], "rotation": 270, "texture": "#7"}
			}
		},
		{
			"name": "chain_16",
			"from": [2.67157, 7, 13.5],
			"to": [3.67157, 8, 16.5],
			"rotation": {"angle": 0, "axis": "y", "origin": [3.5, 7.5, 15]},
			"faces": {
				"north": {"uv": [5, 9, 6, 10], "rotation": 90, "texture": "#7"},
				"east": {"uv": [3, 9, 6, 10], "texture": "#7"},
				"south": {"uv": [3, 9, 4, 10], "rotation": 270, "texture": "#7"},
				"west": {"uv": [6, 9, 3, 10], "texture": "#7"},
				"up": {"uv": [3, 9, 6, 10], "rotation": 270, "texture": "#7"},
				"down": {"uv": [3, 10, 6, 9], "rotation": 90, "texture": "#7"}
			}
		},
		{
			"name": "chain_17",
			"from": [3.67157, 7, 15.5],
			"to": [6.67157, 8, 16.5],
			"rotation": {"angle": 0, "axis": "y", "origin": [3.5, 7.5, 15]},
			"faces": {
				"north": {"uv": [3, 10, 4, 13], "rotation": 90, "texture": "#7"},
				"east": {"uv": [3, 12, 4, 13], "texture": "#7"},
				"south": {"uv": [3, 10, 4, 13], "rotation": 270, "texture": "#7"},
				"west": {"uv": [4, 10, 3, 11], "texture": "#7"},
				"up": {"uv": [3, 10, 4, 13], "rotation": 270, "texture": "#7"},
				"down": {"uv": [3, 13, 4, 10], "rotation": 90, "texture": "#7"}
			}
		},
		{
			"name": "chain_18",
			"from": [3.67157, 7, 13.5],
			"to": [6.67157, 8, 14.5],
			"rotation": {"angle": 0, "axis": "y", "origin": [3.5, 7.5, 15]},
			"faces": {
				"north": {"uv": [5, 10, 6, 13], "rotation": 90, "texture": "#7"},
				"east": {"uv": [5, 12, 6, 13], "texture": "#7"},
				"south": {"uv": [5, 10, 6, 13], "rotation": 270, "texture": "#7"},
				"west": {"uv": [6, 10, 5, 11], "texture": "#7"},
				"up": {"uv": [5, 10, 6, 13], "rotation": 270, "texture": "#7"},
				"down": {"uv": [5, 13, 6, 10], "rotation": 90, "texture": "#7"}
			}
		},
		{
			"name": "chain_19",
			"from": [6.67157, 6, 14.5],
			"to": [7.67157, 9, 15.5],
			"rotation": {"angle": 0, "axis": "y", "origin": [3.5, 7.5, 15]},
			"faces": {
				"north": {"uv": [0, 12, 3, 13], "rotation": 90, "texture": "#7"},
				"east": {"uv": [0, 12, 3, 13], "rotation": 90, "texture": "#7"},
				"south": {"uv": [0, 13, 3, 12], "rotation": 90, "texture": "#7"},
				"west": {"uv": [3, 12, 0, 13], "rotation": 270, "texture": "#7"},
				"up": {"uv": [0, 12, 1, 13], "rotation": 270, "texture": "#7"},
				"down": {"uv": [2, 12, 3, 13], "rotation": 270, "texture": "#7"}
			}
		},
		{
			"name": "chain_20",
			"from": [5.67157, 7, 14.5],
			"to": [6.67157, 8, 15.5],
			"rotation": {"angle": 0, "axis": "y", "origin": [3.5, 7.5, 15]},
			"faces": {
				"north": {"uv": [4, 12, 5, 13], "rotation": 90, "texture": "#7"},
				"east": {"uv": [4, 12, 5, 13], "texture": "#7"},
				"south": {"uv": [4, 12, 5, 13], "rotation": 270, "texture": "#7"},
				"west": {"uv": [5, 12, 4, 13], "texture": "#7"},
				"up": {"uv": [4, 12, 5, 13], "rotation": 270, "texture": "#7"},
				"down": {"uv": [4, 13, 5, 12], "rotation": 90, "texture": "#7"}
			}
		},
		{
			"name": "chain_21",
			"from": [7.67157, 8, 14.5],
			"to": [9.67157, 9, 15.5],
			"rotation": {"angle": 0, "axis": "y", "origin": [3.5, 7.5, 15]},
			"faces": {
				"north": {"uv": [0, 13, 1, 15], "rotation": 90, "texture": "#7"},
				"east": {"uv": [0, 14, 1, 15], "rotation": 90, "texture": "#7"},
				"south": {"uv": [0, 15, 1, 13], "rotation": 90, "texture": "#7"},
				"west": {"uv": [1, 13, 0, 14], "rotation": 270, "texture": "#7"},
				"up": {"uv": [0, 13, 1, 15], "rotation": 270, "texture": "#7"},
				"down": {"uv": [0, 13, 1, 15], "rotation": 270, "texture": "#7"}
			}
		},
		{
			"name": "chain_22",
			"from": [7.67157, 6, 14.5],
			"to": [9.67157, 7, 15.5],
			"rotation": {"angle": 0, "axis": "y", "origin": [3.5, 7.5, 15]},
			"faces": {
				"north": {"uv": [2, 13, 3, 15], "rotation": 90, "texture": "#7"},
				"east": {"uv": [2, 14, 3, 15], "rotation": 90, "texture": "#7"},
				"south": {"uv": [2, 15, 3, 13], "rotation": 90, "texture": "#7"},
				"west": {"uv": [3, 13, 2, 14], "rotation": 270, "texture": "#7"},
				"up": {"uv": [2, 13, 3, 15], "rotation": 270, "texture": "#7"},
				"down": {"uv": [2, 13, 3, 15], "rotation": 270, "texture": "#7"}
			}
		},
		{
			"name": "chain_23",
			"from": [8.67157, 7, 14.5],
			"to": [9.67157, 8, 15.5],
			"rotation": {"angle": 0, "axis": "y", "origin": [3.5, 7.5, 15]},
			"faces": {
				"north": {"uv": [1, 14, 2, 15], "rotation": 90, "texture": "#7"},
				"east": {"uv": [1, 14, 2, 15], "rotation": 90, "texture": "#7"},
				"south": {"uv": [1, 15, 2, 14], "rotation": 90, "texture": "#7"},
				"west": {"uv": [2, 14, 1, 15], "rotation": 270, "texture": "#7"},
				"up": {"uv": [1, 14, 2, 15], "rotation": 270, "texture": "#7"},
				"down": {"uv": [1, 14, 2, 15], "rotation": 270, "texture": "#7"}
			}
		},
		{
			"name": "chain_24",
			"from": [16.38388, 2.12348, 14.5],
			"to": [17.38388, 3.12348, 15.5],
			"rotation": {"angle": 0, "axis": "z", "origin": [16.88388, 4.78769, 15]},
			"faces": {
				"north": {"uv": [1, 14, 2, 15], "texture": "#7"},
				"east": {"uv": [1, 14, 2, 15], "texture": "#7"},
				"south": {"uv": [1, 15, 2, 14], "rotation": 180, "texture": "#7"},
				"west": {"uv": [1, 14, 2, 15], "texture": "#7"},
				"up": {"uv": [2, 14, 1, 15], "texture": "#7"},
				"down": {"uv": [1, 14, 2, 15], "rotation": 180, "texture": "#7"}
			}
		},
		{
			"name": "chain_23",
			"from": [15.38388, 2.12348, 14.5],
			"to": [16.38388, 4.12348, 15.5],
			"rotation": {"angle": 0, "axis": "z", "origin": [16.88388, 4.78769, 15]},
			"faces": {
				"north": {"uv": [2, 13, 3, 15], "texture": "#7"},
				"east": {"uv": [2, 13, 3, 15], "texture": "#7"},
				"south": {"uv": [2, 15, 3, 13], "rotation": 180, "texture": "#7"},
				"west": {"uv": [2, 13, 3, 15], "texture": "#7"},
				"up": {"uv": [3, 13, 2, 14], "texture": "#7"},
				"down": {"uv": [2, 14, 3, 15], "rotation": 180, "texture": "#7"}
			}
		},
		{
			"name": "chain_22",
			"from": [17.38388, 2.12348, 14.5],
			"to": [18.38388, 4.12348, 15.5],
			"rotation": {"angle": 0, "axis": "z", "origin": [16.88388, 4.78769, 15]},
			"faces": {
				"north": {"uv": [0, 13, 1, 15], "texture": "#7"},
				"east": {"uv": [0, 13, 1, 15], "texture": "#7"},
				"south": {"uv": [0, 15, 1, 13], "rotation": 180, "texture": "#7"},
				"west": {"uv": [0, 13, 1, 15], "texture": "#7"},
				"up": {"uv": [1, 13, 0, 14], "texture": "#7"},
				"down": {"uv": [0, 14, 1, 15], "rotation": 180, "texture": "#7"}
			}
		},
		{
			"name": "chain_21",
			"from": [16.67157, 7, 14.5],
			"to": [17.67157, 8, 15.5],
			"rotation": {"angle": -45, "axis": "z", "origin": [14.17157, 7.5, 15]},
			"faces": {
				"north": {"uv": [4, 12, 5, 13], "rotation": 90, "texture": "#7"},
				"east": {"uv": [4, 12, 5, 13], "texture": "#7"},
				"south": {"uv": [4, 12, 5, 13], "rotation": 270, "texture": "#7"},
				"west": {"uv": [5, 12, 4, 13], "texture": "#7"},
				"up": {"uv": [4, 12, 5, 13], "rotation": 270, "texture": "#7"},
				"down": {"uv": [4, 13, 5, 12], "rotation": 90, "texture": "#7"}
			}
		},
		{
			"name": "chain_20",
			"from": [15.38388, 4.12348, 14.5],
			"to": [18.38388, 5.12348, 15.5],
			"rotation": {"angle": 0, "axis": "z", "origin": [16.88388, 4.78769, 15]},
			"faces": {
				"north": {"uv": [0, 12, 3, 13], "texture": "#7"},
				"east": {"uv": [0, 12, 1, 13], "texture": "#7"},
				"south": {"uv": [0, 13, 3, 12], "rotation": 180, "texture": "#7"},
				"west": {"uv": [2, 12, 3, 13], "texture": "#7"},
				"up": {"uv": [3, 12, 0, 13], "texture": "#7"},
				"down": {"uv": [0, 12, 3, 13], "rotation": 180, "texture": "#7"}
			}
		},
		{
			"name": "chain_19",
			"from": [14.67157, 7, 13.5],
			"to": [17.67157, 8, 14.5],
			"rotation": {"angle": -45, "axis": "z", "origin": [14.17157, 7.5, 15]},
			"faces": {
				"north": {"uv": [5, 10, 6, 13], "rotation": 90, "texture": "#7"},
				"east": {"uv": [5, 12, 6, 13], "texture": "#7"},
				"south": {"uv": [5, 10, 6, 13], "rotation": 270, "texture": "#7"},
				"west": {"uv": [6, 10, 5, 11], "texture": "#7"},
				"up": {"uv": [5, 10, 6, 13], "rotation": 270, "texture": "#7"},
				"down": {"uv": [5, 13, 6, 10], "rotation": 90, "texture": "#7"}
			}
		},
		{
			"name": "chain_18",
			"from": [14.67157, 7, 15.5],
			"to": [17.67157, 8, 16.5],
			"rotation": {"angle": -45, "axis": "z", "origin": [14.17157, 7.5, 15]},
			"faces": {
				"north": {"uv": [3, 10, 4, 13], "rotation": 90, "texture": "#7"},
				"east": {"uv": [3, 12, 4, 13], "texture": "#7"},
				"south": {"uv": [3, 10, 4, 13], "rotation": 270, "texture": "#7"},
				"west": {"uv": [4, 10, 3, 11], "texture": "#7"},
				"up": {"uv": [3, 10, 4, 13], "rotation": 270, "texture": "#7"},
				"down": {"uv": [3, 13, 4, 10], "rotation": 90, "texture": "#7"}
			}
		},
		{
			"name": "chain_17",
			"from": [13.67157, 7, 13.5],
			"to": [14.67157, 8, 16.5],
			"rotation": {"angle": -45, "axis": "z", "origin": [14.17157, 7.5, 15]},
			"faces": {
				"north": {"uv": [5, 9, 6, 10], "rotation": 90, "texture": "#7"},
				"east": {"uv": [3, 9, 6, 10], "texture": "#7"},
				"south": {"uv": [3, 9, 4, 10], "rotation": 270, "texture": "#7"},
				"west": {"uv": [6, 9, 3, 10], "texture": "#7"},
				"up": {"uv": [3, 9, 6, 10], "rotation": 270, "texture": "#7"},
				"down": {"uv": [3, 10, 6, 9], "rotation": 90, "texture": "#7"}
			}
		},
		{
			"name": "chain_16",
			"from": [14.67157, 7, 14.5],
			"to": [15.67157, 8, 15.5],
			"rotation": {"angle": 0, "axis": "y", "origin": [3.5, 7.5, 15]},
			"faces": {
				"north": {"uv": [1, 9, 2, 10], "rotation": 90, "texture": "#7"},
				"east": {"uv": [1, 9, 2, 10], "rotation": 90, "texture": "#7"},
				"south": {"uv": [1, 10, 2, 9], "rotation": 90, "texture": "#7"},
				"west": {"uv": [2, 9, 1, 10], "rotation": 270, "texture": "#7"},
				"up": {"uv": [1, 9, 2, 10], "rotation": 270, "texture": "#7"},
				"down": {"uv": [1, 9, 2, 10], "rotation": 270, "texture": "#7"}
			}
		},
		{
			"name": "chain_15",
			"from": [12.67157, 6, 14.5],
			"to": [15.67157, 7, 15.5],
			"rotation": {"angle": 0, "axis": "y", "origin": [3.5, 7.5, 15]},
			"faces": {
				"north": {"uv": [2, 7, 3, 10], "rotation": 90, "texture": "#7"},
				"east": {"uv": [2, 9, 3, 10], "rotation": 90, "texture": "#7"},
				"south": {"uv": [2, 10, 3, 7], "rotation": 90, "texture": "#7"},
				"west": {"uv": [3, 7, 2, 8], "rotation": 270, "texture": "#7"},
				"up": {"uv": [2, 7, 3, 10], "rotation": 270, "texture": "#7"},
				"down": {"uv": [2, 7, 3, 10], "rotation": 270, "texture": "#7"}
			}
		},
		{
			"name": "chain_14",
			"from": [12.67157, 8, 14.5],
			"to": [15.67157, 9, 15.5],
			"rotation": {"angle": 0, "axis": "y", "origin": [3.5, 7.5, 15]},
			"faces": {
				"north": {"uv": [0, 7, 1, 10], "rotation": 90, "texture": "#7"},
				"east": {"uv": [0, 9, 1, 10], "rotation": 90, "texture": "#7"},
				"south": {"uv": [0, 10, 1, 7], "rotation": 90, "texture": "#7"},
				"west": {"uv": [1, 7, 0, 8], "rotation": 270, "texture": "#7"},
				"up": {"uv": [0, 7, 1, 10], "rotation": 270, "texture": "#7"},
				"down": {"uv": [0, 7, 1, 10], "rotation": 270, "texture": "#7"}
			}
		},
		{
			"name": "chain_13",
			"from": [10.67157, 7, 14.5],
			"to": [11.67157, 8, 15.5],
			"rotation": {"angle": 0, "axis": "y", "origin": [3.5, 7.5, 15]},
			"faces": {
				"north": {"uv": [4, 6, 5, 7], "rotation": 90, "texture": "#7"},
				"east": {"uv": [4, 6, 5, 7], "texture": "#7"},
				"south": {"uv": [4, 6, 5, 7], "rotation": 270, "texture": "#7"},
				"west": {"uv": [5, 6, 4, 7], "texture": "#7"},
				"up": {"uv": [4, 6, 5, 7], "rotation": 270, "texture": "#7"},
				"down": {"uv": [4, 7, 5, 6], "rotation": 90, "texture": "#7"}
			}
		},
		{
			"name": "chain_12",
			"from": [11.67157, 6, 14.5],
			"to": [12.67157, 9, 15.5],
			"rotation": {"angle": 0, "axis": "y", "origin": [3.5, 7.5, 15]},
			"faces": {
				"north": {"uv": [0, 6, 3, 7], "rotation": 90, "texture": "#7"},
				"east": {"uv": [0, 6, 3, 7], "rotation": 90, "texture": "#7"},
				"south": {"uv": [0, 7, 3, 6], "rotation": 90, "texture": "#7"},
				"west": {"uv": [3, 6, 0, 7], "rotation": 270, "texture": "#7"},
				"up": {"uv": [0, 6, 1, 7], "rotation": 270, "texture": "#7"},
				"down": {"uv": [2, 6, 3, 7], "rotation": 270, "texture": "#7"}
			}
		},
		{
			"name": "chain_11",
			"from": [8.67157, 7, 13.5],
			"to": [11.67157, 8, 14.5],
			"rotation": {"angle": 0, "axis": "y", "origin": [3.5, 7.5, 15]},
			"faces": {
				"north": {"uv": [5, 4, 6, 7], "rotation": 90, "texture": "#7"},
				"east": {"uv": [5, 6, 6, 7], "texture": "#7"},
				"south": {"uv": [5, 4, 6, 7], "rotation": 270, "texture": "#7"},
				"west": {"uv": [6, 4, 5, 5], "texture": "#7"},
				"up": {"uv": [5, 4, 6, 7], "rotation": 270, "texture": "#7"},
				"down": {"uv": [5, 7, 6, 4], "rotation": 90, "texture": "#7"}
			}
		},
		{
			"name": "chain_10",
			"from": [8.67157, 7, 15.5],
			"to": [11.67157, 8, 16.5],
			"rotation": {"angle": 0, "axis": "y", "origin": [3.5, 7.5, 15]},
			"faces": {
				"north": {"uv": [3, 4, 4, 7], "rotation": 90, "texture": "#7"},
				"east": {"uv": [3, 6, 4, 7], "texture": "#7"},
				"south": {"uv": [3, 4, 4, 7], "rotation": 270, "texture": "#7"},
				"west": {"uv": [4, 4, 3, 5], "texture": "#7"},
				"up": {"uv": [3, 4, 4, 7], "rotation": 270, "texture": "#7"},
				"down": {"uv": [3, 7, 4, 4], "rotation": 90, "texture": "#7"}
			}
		},
		{
			"name": "chain_9",
			"from": [7.67157, 7, 13.5],
			"to": [8.67157, 8, 16.5],
			"rotation": {"angle": 0, "axis": "y", "origin": [3.5, 7.5, 15]},
			"faces": {
				"north": {"uv": [5, 3, 6, 4], "rotation": 90, "texture": "#7"},
				"east": {"uv": [3, 3, 6, 4], "texture": "#7"},
				"south": {"uv": [3, 3, 4, 4], "rotation": 270, "texture": "#7"},
				"west": {"uv": [6, 3, 3, 4], "texture": "#7"},
				"up": {"uv": [3, 3, 6, 4], "rotation": 270, "texture": "#7"},
				"down": {"uv": [3, 4, 6, 3], "rotation": 90, "texture": "#7"}
			}
		},
		{
			"from": [2, 6, 2],
			"to": [5, 7, 6],
			"faces": {
				"north": {"uv": [0, 0, 3, 1], "texture": "#7"},
				"east": {"uv": [0, 0, 4, 1], "texture": "#7"},
				"south": {"uv": [0, 0, 3, 1], "texture": "#7"},
				"west": {"uv": [0, 0, 4, 1], "texture": "#7"},
				"up": {"uv": [0, 0, 3, 4], "texture": "#7"},
				"down": {"uv": [0, 0, 3, 4], "texture": "#7"}
			}
		},
		{
			"from": [2, 6, 10],
			"to": [5, 7, 14],
			"faces": {
				"north": {"uv": [0, 0, 3, 1], "texture": "#7"},
				"east": {"uv": [0, 0, 4, 1], "texture": "#7"},
				"south": {"uv": [0, 0, 3, 1], "texture": "#7"},
				"west": {"uv": [0, 0, 4, 1], "texture": "#7"},
				"up": {"uv": [0, 0, 3, 4], "texture": "#7"},
				"down": {"uv": [0, 0, 3, 4], "texture": "#7"}
			}
		},
		{
			"from": [11, 6, 10],
			"to": [14, 7, 14],
			"faces": {
				"north": {"uv": [0, 0, 3, 1], "texture": "#7"},
				"east": {"uv": [0, 0, 4, 1], "texture": "#7"},
				"south": {"uv": [0, 0, 3, 1], "texture": "#7"},
				"west": {"uv": [0, 0, 4, 1], "texture": "#7"},
				"up": {"uv": [0, 0, 3, 4], "texture": "#7"},
				"down": {"uv": [0, 0, 3, 4], "texture": "#7"}
			}
		},
		{
			"from": [11, 6, 2],
			"to": [14, 7, 6],
			"faces": {
				"north": {"uv": [0, 0, 3, 1], "texture": "#7"},
				"east": {"uv": [0, 0, 4, 1], "texture": "#7"},
				"south": {"uv": [0, 0, 3, 1], "texture": "#7"},
				"west": {"uv": [0, 0, 4, 1], "texture": "#7"},
				"up": {"uv": [0, 0, 3, 4], "texture": "#7"},
				"down": {"uv": [0, 0, 3, 4], "texture": "#7"}
			}
		},
		{
			"from": [5, 16, 9],
			"to": [11, 19, 12],
			"rotation": {"angle": -22.5, "axis": "y", "origin": [8, 17.5, 8]},
			"faces": {
				"north": {"uv": [0, 0, 4, 1], "texture": "#7"},
				"east": {"uv": [0, 0, 3, 1], "texture": "#7"},
				"south": {"uv": [0, 0, 4, 1], "texture": "#7"},
				"west": {"uv": [0, 0, 3, 1], "texture": "#7"},
				"up": {"uv": [0, 0, 3, 4], "rotation": 270, "texture": "#7"},
				"down": {"uv": [0, 0, 3, 4], "rotation": 90, "texture": "#7"}
			}
		},
		{
			"from": [7, 16.5, 1],
			"to": [9, 18.5, 9],
			"rotation": {"angle": -22.5, "axis": "y", "origin": [8, 17.5, 8]},
			"faces": {
				"north": {"uv": [5, 6, 7, 8], "texture": "#5"},
				"east": {"uv": [5, 6, 13, 8], "texture": "#5"},
				"south": {"uv": [5, 6, 7, 8], "texture": "#5"},
				"west": {"uv": [5, 6, 13, 8], "texture": "#5"},
				"up": {"uv": [5, 6, 13, 8], "rotation": 270, "texture": "#5"},
				"down": {"uv": [5, 6, 13, 8], "rotation": 90, "texture": "#5"}
			}
		}
	],
	"display": {
		"fixed": {
			"rotation": [0, 90, 0],
			"scale": [0.5, 0.5, 0.5]
		}
	},
	"groups": [
		0,
		1,
		2,
		3,
		4,
		{
			"name": "chain",
			"origin": [8, 8, 8],
			"color": 0,
			"children": [
				5,
				6,
				7,
				8,
				9,
				10,
				11,
				12,
				13,
				14,
				15,
				16,
				17,
				18,
				19,
				20,
				21,
				22,
				23,
				24,
				25,
				26,
				27,
				28,
				29,
				30,
				31,
				32,
				33,
				34,
				35,
				36,
				37,
				38,
				39,
				40,
				41,
				42,
				43,
				44,
				45,
				46,
				47,
				48,
				49,
				50,
				51,
				52,
				53,
				54,
				55,
				56
			]
		},
		57,
		58,
		59,
		60,
		61,
		62
	]
}