{
	"format_version": "1.21.11",
	"credit": "Made with Blockbench",
	"textures": {
		"1": "item/estanteriapociones",
		"particle": "item/estanteriapociones"
	},
	"elements": [
		{
			"from": [0, 0, 10],
			"to": [16, 1, 16],
			"rotation": {"angle": 0, "axis": "y", "origin": [7, 0, 9]},
			"faces": {
				"north": {"uv": [5.25, 0, 9.25, 0.25], "texture": "#1"},
				"east": {"uv": [5.25, 4, 6.75, 4.25], "texture": "#1"},
				"south": {"uv": [5.25, 0, 9.25, 0.25], "texture": "#1"},
				"west": {"uv": [5.25, 4, 6.75, 4.25], "texture": "#1"},
				"up": {"uv": [4, 5.25, 0, 3.75], "texture": "#1"},
				"down": {"uv": [4, 3.75, 0, 5.25], "texture": "#1"}
			}
		},
		{
			"from": [1, 8, 11],
			"to": [15, 9, 15],
			"rotation": {"angle": 0, "axis": "y", "origin": [7, 8, 9]},
			"faces": {
				"north": {"uv": [5.25, 0.25, 5.5, 4], "texture": "#1"},
				"east": {"uv": [5.25, 4.25, 6.25, 4.5], "texture": "#1"},
				"south": {"uv": [5.25, 0.25, 5.5, 4], "texture": "#1"},
				"west": {"uv": [5.25, 4.25, 6.25, 4.5], "texture": "#1"},
				"up": {"uv": [3.75, 6.25, 0, 5.25], "texture": "#1"},
				"down": {"uv": [3.75, 5.25, 0, 6.25], "texture": "#1"}
			}
		},
		{
			"from": [0, 16, 10],
			"to": [16, 17, 16],
			"rotation": {"angle": 0, "axis": "y", "origin": [7, 16, 9]},
			"faces": {
				"north": {"uv": [5.25, 0, 9.25, 0.25], "texture": "#1"},
				"east": {"uv": [5.25, 4, 6.75, 4.25], "texture": "#1"},
				"south": {"uv": [5.25, 0, 9.25, 0.25], "texture": "#1"},
				"west": {"uv": [5.25, 4, 6.75, 4.25], "texture": "#1"},
				"up": {"uv": [4, 5.25, 0, 3.75], "texture": "#1"},
				"down": {"uv": [4, 3.75, 0, 5.25], "texture": "#1"}
			}
		},
		{
			"from": [15, 1, 10],
			"to": [16, 16, 16],
			"rotation": {"angle": 0, "axis": "y", "origin": [16, 8, 9]},
			"faces": {
				"north": {"uv": [5.25, 0.25, 5.5, 4], "texture": "#1"},
				"east": {"uv": [3.75, 0, 5.25, 3.75], "texture": "#1"},
				"south": {"uv": [5.25, 0.25, 5.5, 4], "texture": "#1"},
				"west": {"uv": [3.75, 0, 5.25, 3.75], "texture": "#1"},
				"up": {"uv": [6.75, 4.25, 5.25, 4], "texture": "#1"},
				"down": {"uv": [6.75, 4, 5.25, 4.25], "texture": "#1"}
			}
		},
		{
			"from": [0, 1, 10],
			"to": [1, 16, 15],
			"rotation": {"angle": 0, "axis": "y", "origin": [1, 8, 9]},
			"faces": {
				"north": {"uv": [5.25, 0.25, 5.5, 4], "texture": "#1"},
				"east": {"uv": [4, 3.75, 5.25, 7.5], "texture": "#1"},
				"south": {"uv": [5.25, 0.25, 5.5, 4], "texture": "#1"},
				"west": {"uv": [4, 3.75, 5.25, 7.5], "texture": "#1"},
				"up": {"uv": [4, 6.5, 3.75, 5.25], "texture": "#1"},
				"down": {"uv": [4, 5.25, 3.75, 6.5], "texture": "#1"}
			}
		},
		{
			"from": [0, 1, 15],
			"to": [15, 16, 16],
			"rotation": {"angle": 0, "axis": "y", "origin": [7, 8, 16]},
			"faces": {
				"north": {"uv": [0, 0, 3.75, 3.75], "texture": "#1"},
				"east": {"uv": [5.25, 0.25, 5.5, 4], "texture": "#1"},
				"south": {"uv": [0, 0, 3.75, 3.75], "texture": "#1"},
				"west": {"uv": [5.25, 0.25, 5.5, 4], "texture": "#1"},
				"up": {"uv": [5.5, 4, 5.25, 0.25], "texture": "#1"},
				"down": {"uv": [5.5, 0.25, 5.25, 4], "texture": "#1"}
			}
		}
	],
	"display": {
		"thirdperson_righthand": {
			"rotation": [0, -180, 0],
			"translation": [0, 0, 1.25],
			"scale": [0.22, 0.22, 0.22]
		},
		"thirdperson_lefthand": {
			"rotation": [0, -180, 0],
			"translation": [1, 0.5, 1.75],
			"scale": [0.25, 0.25, 0.25]
		},
		"firstperson_righthand": {
			"rotation": [0, 94, 0],
			"scale": [0.39, 0.39, 0.39]
		},
		"firstperson_lefthand": {
			"rotation": [0, 97, 0],
			"scale": [0.3, 0.3, 0.3]
		},
		"ground": {
			"translation": [0, 2, 0],
			"scale": [0.36, 0.36, 0.36]
		},
		"gui": {
			"rotation": [31, 138, 0],
			"translation": [-2.25, -1.75, -2.5],
			"scale": [0.62, 0.62, 0.62]
		},
		"head": {
			"rotation": [0, -86, 0]
		},
		"fixed": {
			"rotation": [-90, 0, 0],
			"translation": [-0.25, -6, -6.5],
			"scale": [0.98, 0.98, 0.98]
		}
	},
	"groups": [
		{
			"name": "group2",
			"origin": [7, 8, 1],
			"color": 0,
			"children": [0, 1, 2, 3, 4, 5]
		}
	]
}