{
	"format_version": "1.21.11",
	"credit": "Made with Blockbench",
	"texture_size": [128, 128],
	"textures": {
		"0": "entity/bed/purple",
		"particle": "entity/bed/purple"
	},
	"elements": [
		{
			"from": [0.25, 2, 16],
			"to": [14.75, 6, 31],
			"rotation": {"angle": 0, "axis": "y", "origin": [0, 0, 16]},
			"faces": {
				"north": {"uv": [0, 7, 1.8125, 7.5], "texture": "#0"},
				"east": {"uv": [0, 6.5, 1.875, 7], "texture": "#0"},
				"south": {"uv": [1.875, 7, 3.6875, 7.5], "texture": "#0"},
				"west": {"uv": [1.875, 6.5, 3.75, 7], "texture": "#0"},
				"up": {"uv": [3.6875, 6, 1.875, 4.125], "texture": "#0"},
				"down": {"uv": [7.4375, 0, 5.625, 1.875], "texture": "#0"}
			}
		},
		{
			"from": [0, 0, 16],
			"to": [15, 2, 31],
			"rotation": {"angle": 0, "axis": "y", "origin": [0, -2, 16]},
			"faces": {
				"north": {"uv": [7.25, 2.375, 9.125, 2.625], "texture": "#0"},
				"east": {"uv": [7.25, 2.625, 9.125, 2.875], "texture": "#0"},
				"south": {"uv": [7.25, 2.875, 9.125, 3.125], "texture": "#0"},
				"west": {"uv": [7.25, 3.125, 9.125, 3.375], "texture": "#0"},
				"up": {"uv": [5.625, 5.875, 3.75, 4], "texture": "#0"},
				"down": {"uv": [1.875, 4.125, 0, 6], "texture": "#0"}
			}
		},
		{
			"from": [0.25, 6, 25],
			"to": [14.75, 7, 31],
			"rotation": {"angle": 0, "axis": "y", "origin": [0, 6, 16]},
			"faces": {
				"north": {"uv": [7.25, 4, 9.0625, 4.125], "texture": "#0"},
				"east": {"uv": [7.375, 6.5, 8.125, 6.625], "texture": "#0"},
				"south": {"uv": [7.25, 5.625, 9.0625, 5.75], "texture": "#0"},
				"west": {"uv": [7.375, 6.625, 8.125, 6.75], "texture": "#0"},
				"up": {"uv": [7.4375, 4.875, 5.625, 4.125], "texture": "#0"},
				"down": {"uv": [7.4375, 4.875, 5.625, 5.625], "texture": "#0"}
			}
		},
		{
			"from": [1, 7, 26],
			"to": [14, 7.5, 31],
			"rotation": {"angle": 0, "axis": "y", "origin": [0, 7, 16]},
			"faces": {
				"north": {"uv": [2, 6.25, 3.625, 6.3125], "texture": "#0"},
				"east": {"uv": [7.5, 1.75, 8.125, 1.8125], "texture": "#0"},
				"south": {"uv": [2, 6.375, 3.625, 6.4375], "texture": "#0"},
				"west": {"uv": [2.75, 7.5, 3.375, 7.5625], "texture": "#0"},
				"up": {"uv": [7.25, 6.25, 5.625, 5.625], "texture": "#0"},
				"down": {"uv": [5.375, 5.875, 3.75, 6.5], "texture": "#0"}
			}
		},
		{
			"from": [0, -3, 29],
			"to": [3, 0, 31],
			"rotation": {"angle": 0, "axis": "y", "origin": [0, -3, 17]},
			"faces": {
				"north": {"uv": [7.25, 5.75, 7.625, 6.125], "texture": "#0"},
				"east": {"uv": [5.375, 5.875, 5.625, 6.25], "texture": "#0"},
				"south": {"uv": [6.125, 7.25, 6.5, 7.625], "texture": "#0"},
				"west": {"uv": [2, 7.5, 2.25, 7.875], "texture": "#0"},
				"up": {"uv": [4.125, 6.75, 3.75, 6.5], "texture": "#0"},
				"down": {"uv": [4.5, 6.5, 4.125, 6.75], "texture": "#0"}
			}
		},
		{
			"from": [12, -3, 29],
			"to": [15, 0, 31],
			"rotation": {"angle": 0, "axis": "y", "origin": [12, -3, 17]},
			"faces": {
				"north": {"uv": [6.5, 7.25, 6.875, 7.625], "texture": "#0"},
				"east": {"uv": [2.25, 7.5, 2.5, 7.875], "texture": "#0"},
				"south": {"uv": [6.875, 7.25, 7.25, 7.625], "texture": "#0"},
				"west": {"uv": [2.5, 7.5, 2.75, 7.875], "texture": "#0"},
				"up": {"uv": [4.875, 6.75, 4.5, 6.5], "texture": "#0"},
				"down": {"uv": [5.25, 6.5, 4.875, 6.75], "texture": "#0"}
			}
		},
		{
			"from": [4, -3, 31],
			"to": [11, 14, 32],
			"rotation": {"angle": 0, "axis": "y", "origin": [0, 0, 17]},
			"faces": {
				"north": {"uv": [0, 0, 1.875, 2.125], "texture": "#0"},
				"east": {"uv": [3.75, 7.25, 3.875, 9.375], "texture": "#0"},
				"south": {"uv": [1.875, 0, 3.75, 2.125], "texture": "#0"},
				"west": {"uv": [3.875, 7.25, 4, 9.375], "texture": "#0"},
				"up": {"uv": [9.125, 4, 7.25, 3.875], "texture": "#0"},
				"down": {"uv": [5.875, 7.25, 4, 7.375], "texture": "#0"}
			}
		},
		{
			"from": [11, -3, 31],
			"to": [13, 13, 32],
			"rotation": {"angle": 0, "axis": "y", "origin": [4, 0, 17]},
			"faces": {
				"north": {"uv": [0, 0, 1.875, 2.125], "texture": "#0"},
				"east": {"uv": [3.75, 7.25, 3.875, 9.375], "texture": "#0"},
				"south": {"uv": [1.875, 0, 3.75, 2.125], "texture": "#0"},
				"west": {"uv": [3.875, 7.25, 4, 9.375], "texture": "#0"},
				"up": {"uv": [9.125, 4, 7.25, 3.875], "texture": "#0"},
				"down": {"uv": [5.875, 7.25, 4, 7.375], "texture": "#0"}
			}
		},
		{
			"from": [13, -3, 31],
			"to": [15, 11, 32],
			"rotation": {"angle": 0, "axis": "y", "origin": [6, 0, 17]},
			"faces": {
				"north": {"uv": [0, 0, 1.875, 2.125], "texture": "#0"},
				"east": {"uv": [3.75, 7.25, 3.875, 9.375], "texture": "#0"},
				"south": {"uv": [1.875, 0, 3.75, 2.125], "texture": "#0"},
				"west": {"uv": [3.875, 7.25, 4, 9.375], "texture": "#0"},
				"up": {"uv": [9.125, 4, 7.25, 3.875], "texture": "#0"},
				"down": {"uv": [5.875, 7.25, 4, 7.375], "texture": "#0"}
			}
		},
		{
			"from": [0, -3, 31],
			"to": [2, 11, 32],
			"rotation": {"angle": 0, "axis": "y", "origin": [-7, 0, 17]},
			"faces": {
				"north": {"uv": [0, 0, 1.875, 2.125], "texture": "#0"},
				"east": {"uv": [3.75, 7.25, 3.875, 9.375], "texture": "#0"},
				"south": {"uv": [1.875, 0, 3.75, 2.125], "texture": "#0"},
				"west": {"uv": [3.875, 7.25, 4, 9.375], "texture": "#0"},
				"up": {"uv": [9.125, 4, 7.25, 3.875], "texture": "#0"},
				"down": {"uv": [5.875, 7.25, 4, 7.375], "texture": "#0"}
			}
		},
		{
			"from": [2, -3, 31],
			"to": [4, 13, 32],
			"rotation": {"angle": 0, "axis": "y", "origin": [-5, 0, 17]},
			"faces": {
				"north": {"uv": [0, 0, 1.875, 2.125], "texture": "#0"},
				"east": {"uv": [3.75, 7.25, 3.875, 9.375], "texture": "#0"},
				"south": {"uv": [1.875, 0, 3.75, 2.125], "texture": "#0"},
				"west": {"uv": [3.875, 7.25, 4, 9.375], "texture": "#0"},
				"up": {"uv": [9.125, 4, 7.25, 3.875], "texture": "#0"},
				"down": {"uv": [5.875, 7.25, 4, 7.375], "texture": "#0"}
			}
		}
	],
	"display": {
		"thirdperson_righthand": {
			"translation": [0, 1, -2.25],
			"scale": [0.23, 0.23, 0.23]
		},
		"thirdperson_lefthand": {
			"translation": [0, 1, -2.25],
			"scale": [0.23, 0.23, 0.23]
		},
		"firstperson_righthand": {
			"translation": [0.75, 0, 0],
			"scale": [0.58, 0.58, 0.58]
		},
		"firstperson_lefthand": {
			"translation": [0.75, 0, 0],
			"scale": [0.58, 0.58, 0.58]
		},
		"ground": {
			"translation": [0, 3.5, 0],
			"scale": [0.46, 0.46, 0.46]
		},
		"gui": {
			"rotation": [28, 149, 0],
			"translation": [-1.75, -0.25, 0],
			"scale": [0.46, 0.46, 0.46]
		}
	}
}