{
	"format_version": "1.21.11",
	"credit": "Made with Blockbench",
	"texture_size": [64, 64],
	"textures": {
		"0": "minecraft:item/phantomdesplegado"
	},
	"elements": [
		{
			"name": "armorBody",
			"from": [10, 14, 5],
			"to": [11, 26, 6],
			"rotation": {"angle": 0, "axis": "y", "origin": [8, 0, 8]},
			"faces": {
				"north": {"uv": [0.25, 5.75, 0.5, 8.75], "texture": "#0"},
				"east": {"uv": [0, 5.75, 0.25, 8.75], "texture": "#0"},
				"south": {"uv": [0.75, 5.75, 1, 8.75], "texture": "#0"},
				"west": {"uv": [0.5, 5.75, 0.75, 8.75], "texture": "#0"},
				"up": {"uv": [0.5, 5.75, 0.25, 5.5], "texture": "#0"},
				"down": {"uv": [0.75, 5.5, 0.5, 5.75], "texture": "#0"}
			}
		},
		{
			"name": "armorBody",
			"from": [9, 14, 5.2],
			"to": [10, 26, 6],
			"rotation": {"angle": 0, "axis": "y", "origin": [8, 0, 8]},
			"faces": {
				"north": {"uv": [6.5, 5, 6.75, 8], "texture": "#0"},
				"east": {"uv": [6.5, 5, 6.5, 8], "texture": "#0"},
				"south": {"uv": [6.75, 5, 7, 8], "texture": "#0"},
				"west": {"uv": [6.75, 5, 6.75, 8], "texture": "#0"},
				"up": {"uv": [6.75, 5, 6.5, 5], "texture": "#0"},
				"down": {"uv": [7, 5, 6.75, 5], "texture": "#0"}
			}
		},
		{
			"name": "armorBody",
			"from": [8, 14, 5.5],
			"to": [9, 26, 6],
			"rotation": {"angle": 0, "axis": "y", "origin": [8, 0, 8]},
			"faces": {
				"north": {"uv": [3, 5.5, 3.25, 8.5], "texture": "#0"},
				"east": {"uv": [3, 5.5, 3, 8.5], "texture": "#0"},
				"south": {"uv": [3.25, 5.5, 3.5, 8.5], "texture": "#0"},
				"west": {"uv": [3.25, 5.5, 3.25, 8.5], "texture": "#0"},
				"up": {"uv": [3.25, 5.5, 3, 5.5], "texture": "#0"},
				"down": {"uv": [3.5, 5.5, 3.25, 5.5], "texture": "#0"}
			}
		},
		{
			"name": "armorBody",
			"from": [20, 6, 4.5],
			"to": [21, 15, 6],
			"rotation": {"angle": 0, "axis": "y", "origin": [8, 0, 8]},
			"faces": {
				"north": {"uv": [6.75, 2.75, 7, 5], "texture": "#0"},
				"east": {"uv": [6.5, 2.75, 6.75, 5], "texture": "#0"},
				"south": {"uv": [7.25, 2.75, 7.5, 5], "texture": "#0"},
				"west": {"uv": [7, 2.75, 7.25, 5], "texture": "#0"},
				"up": {"uv": [7, 2.75, 6.75, 2.5], "texture": "#0"},
				"down": {"uv": [7.25, 2.5, 7, 2.75], "texture": "#0"}
			}
		},
		{
			"name": "armorBody",
			"from": [19, 10, 4.7],
			"to": [20, 16, 6],
			"rotation": {"angle": 0, "axis": "y", "origin": [8, 0, 8]},
			"faces": {
				"north": {"uv": [4.75, 8, 5, 9.5], "texture": "#0"},
				"east": {"uv": [4.5, 8, 4.75, 9.5], "texture": "#0"},
				"south": {"uv": [5.25, 8, 5.5, 9.5], "texture": "#0"},
				"west": {"uv": [5, 8, 5.25, 9.5], "texture": "#0"},
				"up": {"uv": [5, 8, 4.75, 7.75], "texture": "#0"},
				"down": {"uv": [5.25, 7.75, 5, 8], "texture": "#0"}
			}
		},
		{
			"name": "armorBody",
			"from": [18, 12, 5],
			"to": [19, 17, 6],
			"rotation": {"angle": 0, "axis": "y", "origin": [8, 0, 8]},
			"faces": {
				"north": {"uv": [8.75, 2, 9, 3.25], "texture": "#0"},
				"east": {"uv": [8.5, 2, 8.75, 3.25], "texture": "#0"},
				"south": {"uv": [9.25, 2, 9.5, 3.25], "texture": "#0"},
				"west": {"uv": [9, 2, 9.25, 3.25], "texture": "#0"},
				"up": {"uv": [9, 2, 8.75, 1.75], "texture": "#0"},
				"down": {"uv": [9.25, 1.75, 9, 2], "texture": "#0"}
			}
		},
		{
			"name": "armorBody",
			"from": [19, 9, 5],
			"to": [20, 10, 6],
			"rotation": {"angle": 0, "axis": "y", "origin": [8, 0, 8]},
			"faces": {
				"north": {"uv": [8.75, 3.5, 9, 3.75], "texture": "#0"},
				"east": {"uv": [8.5, 3.5, 8.75, 3.75], "texture": "#0"},
				"south": {"uv": [9.25, 3.5, 9.5, 3.75], "texture": "#0"},
				"west": {"uv": [9, 3.5, 9.25, 3.75], "texture": "#0"},
				"up": {"uv": [9, 3.5, 8.75, 3.25], "texture": "#0"},
				"down": {"uv": [9.25, 3.25, 9, 3.5], "texture": "#0"}
			}
		},
		{
			"name": "armorBody",
			"from": [17, 13, 5],
			"to": [18, 18, 6],
			"rotation": {"angle": 0, "axis": "y", "origin": [8, 0, 8]},
			"faces": {
				"north": {"uv": [8.25, 8, 8.5, 9.25], "texture": "#0"},
				"east": {"uv": [8, 8, 8.25, 9.25], "texture": "#0"},
				"south": {"uv": [8.75, 8, 9, 9.25], "texture": "#0"},
				"west": {"uv": [8.5, 8, 8.75, 9.25], "texture": "#0"},
				"up": {"uv": [8.5, 8, 8.25, 7.75], "texture": "#0"},
				"down": {"uv": [8.75, 7.75, 8.5, 8], "texture": "#0"}
			}
		},
		{
			"name": "armorBody",
			"from": [16, 14, 5],
			"to": [17, 19, 6],
			"rotation": {"angle": 0, "axis": "y", "origin": [8, 0, 8]},
			"faces": {
				"north": {"uv": [8.25, 6.5, 8.5, 7.75], "texture": "#0"},
				"east": {"uv": [8, 6.5, 8.25, 7.75], "texture": "#0"},
				"south": {"uv": [8.75, 6.5, 9, 7.75], "texture": "#0"},
				"west": {"uv": [8.5, 6.5, 8.75, 7.75], "texture": "#0"},
				"up": {"uv": [8.5, 6.5, 8.25, 6.25], "texture": "#0"},
				"down": {"uv": [8.75, 6.25, 8.5, 6.5], "texture": "#0"}
			}
		},
		{
			"name": "armorBody",
			"from": [15, 14, 5],
			"to": [16, 20, 6],
			"rotation": {"angle": 0, "axis": "y", "origin": [8, 0, 8]},
			"faces": {
				"north": {"uv": [3.75, 8, 4, 9.5], "texture": "#0"},
				"east": {"uv": [3.5, 8, 3.75, 9.5], "texture": "#0"},
				"south": {"uv": [4.25, 8, 4.5, 9.5], "texture": "#0"},
				"west": {"uv": [4, 8, 4.25, 9.5], "texture": "#0"},
				"up": {"uv": [4, 8, 3.75, 7.75], "texture": "#0"},
				"down": {"uv": [4.25, 7.75, 4, 8], "texture": "#0"}
			}
		},
		{
			"name": "armorBody",
			"from": [14, 14, 5],
			"to": [15, 21, 6],
			"rotation": {"angle": 0, "axis": "y", "origin": [8, 0, 8]},
			"faces": {
				"north": {"uv": [7.75, 2.75, 8, 4.5], "texture": "#0"},
				"east": {"uv": [7.5, 2.75, 7.75, 4.5], "texture": "#0"},
				"south": {"uv": [8.25, 2.75, 8.5, 4.5], "texture": "#0"},
				"west": {"uv": [8, 2.75, 8.25, 4.5], "texture": "#0"},
				"up": {"uv": [8, 2.75, 7.75, 2.5], "texture": "#0"},
				"down": {"uv": [8.25, 2.5, 8, 2.75], "texture": "#0"}
			}
		},
		{
			"name": "armorBody",
			"from": [14, 13, 5.2],
			"to": [15, 14, 6],
			"rotation": {"angle": 0, "axis": "y", "origin": [8, 0, 8]},
			"faces": {
				"north": {"uv": [6, 2.5, 6.25, 2.75], "texture": "#0"},
				"east": {"uv": [6, 2.5, 6, 2.75], "texture": "#0"},
				"south": {"uv": [6.25, 2.5, 6.5, 2.75], "texture": "#0"},
				"west": {"uv": [6.25, 2.5, 6.25, 2.75], "texture": "#0"},
				"up": {"uv": [6.25, 2.5, 6, 2.5], "texture": "#0"},
				"down": {"uv": [6.5, 2.5, 6.25, 2.5], "texture": "#0"}
			}
		},
		{
			"name": "armorBody",
			"from": [14, 12, 5.5],
			"to": [15, 13, 6],
			"rotation": {"angle": 0, "axis": "y", "origin": [8, 0, 8]},
			"faces": {
				"north": {"uv": [6, 2.75, 6.25, 3], "texture": "#0"},
				"east": {"uv": [6, 2.75, 6, 3], "texture": "#0"},
				"south": {"uv": [6.25, 2.75, 6.5, 3], "texture": "#0"},
				"west": {"uv": [6.25, 2.75, 6.25, 3], "texture": "#0"},
				"up": {"uv": [6.25, 2.75, 6, 2.75], "texture": "#0"},
				"down": {"uv": [6.5, 2.75, 6.25, 2.75], "texture": "#0"}
			}
		},
		{
			"name": "armorBody",
			"from": [15, 13, 5.2],
			"to": [16, 14, 6],
			"rotation": {"angle": 0, "axis": "y", "origin": [8, 0, 8]},
			"faces": {
				"north": {"uv": [6, 3.25, 6.25, 3.5], "texture": "#0"},
				"east": {"uv": [6, 3.25, 6, 3.5], "texture": "#0"},
				"south": {"uv": [6.25, 3.25, 6.5, 3.5], "texture": "#0"},
				"west": {"uv": [6.25, 3.25, 6.25, 3.5], "texture": "#0"},
				"up": {"uv": [6.25, 3.25, 6, 3.25], "texture": "#0"},
				"down": {"uv": [6.5, 3.25, 6.25, 3.25], "texture": "#0"}
			}
		},
		{
			"name": "armorBody",
			"from": [15, 12, 5.5],
			"to": [16, 13, 6],
			"rotation": {"angle": 0, "axis": "y", "origin": [8, 0, 8]},
			"faces": {
				"north": {"uv": [6, 3, 6.25, 3.25], "texture": "#0"},
				"east": {"uv": [6, 3, 6, 3.25], "texture": "#0"},
				"south": {"uv": [6.25, 3, 6.5, 3.25], "texture": "#0"},
				"west": {"uv": [6.25, 3, 6.25, 3.25], "texture": "#0"},
				"up": {"uv": [6.25, 3, 6, 3], "texture": "#0"},
				"down": {"uv": [6.5, 3, 6.25, 3], "texture": "#0"}
			}
		},
		{
			"name": "armorBody",
			"from": [16, 12, 5.5],
			"to": [17, 13, 6],
			"rotation": {"angle": 0, "axis": "y", "origin": [8, 0, 8]},
			"faces": {
				"north": {"uv": [6, 3.75, 6.25, 4], "texture": "#0"},
				"east": {"uv": [6, 3.75, 6, 4], "texture": "#0"},
				"south": {"uv": [6.25, 3.75, 6.5, 4], "texture": "#0"},
				"west": {"uv": [6.25, 3.75, 6.25, 4], "texture": "#0"},
				"up": {"uv": [6.25, 3.75, 6, 3.75], "texture": "#0"},
				"down": {"uv": [6.5, 3.75, 6.25, 3.75], "texture": "#0"}
			}
		},
		{
			"name": "armorBody",
			"from": [16, 13, 5.2],
			"to": [17, 14, 6],
			"rotation": {"angle": 0, "axis": "y", "origin": [8, 0, 8]},
			"faces": {
				"north": {"uv": [6, 3.5, 6.25, 3.75], "texture": "#0"},
				"east": {"uv": [6, 3.5, 6, 3.75], "texture": "#0"},
				"south": {"uv": [6.25, 3.5, 6.5, 3.75], "texture": "#0"},
				"west": {"uv": [6.25, 3.5, 6.25, 3.75], "texture": "#0"},
				"up": {"uv": [6.25, 3.5, 6, 3.5], "texture": "#0"},
				"down": {"uv": [6.5, 3.5, 6.25, 3.5], "texture": "#0"}
			}
		},
		{
			"name": "armorBody",
			"from": [10, 12, 5.5],
			"to": [11, 13, 6],
			"rotation": {"angle": 0, "axis": "y", "origin": [8, 0, 8]},
			"faces": {
				"north": {"uv": [9, 1.5, 9.25, 1.75], "texture": "#0"},
				"east": {"uv": [9, 1.5, 9, 1.75], "texture": "#0"},
				"south": {"uv": [9.25, 1.5, 9.5, 1.75], "texture": "#0"},
				"west": {"uv": [9.25, 1.5, 9.25, 1.75], "texture": "#0"},
				"up": {"uv": [9.25, 1.5, 9, 1.5], "texture": "#0"},
				"down": {"uv": [9.5, 1.5, 9.25, 1.5], "texture": "#0"}
			}
		},
		{
			"name": "armorBody",
			"from": [10, 13, 5.2],
			"to": [11, 14, 6],
			"rotation": {"angle": 0, "axis": "y", "origin": [8, 0, 8]},
			"faces": {
				"north": {"uv": [3, 8.75, 3.25, 9], "texture": "#0"},
				"east": {"uv": [3, 8.75, 3, 9], "texture": "#0"},
				"south": {"uv": [3.25, 8.75, 3.5, 9], "texture": "#0"},
				"west": {"uv": [3.25, 8.75, 3.25, 9], "texture": "#0"},
				"up": {"uv": [3.25, 8.75, 3, 8.75], "texture": "#0"},
				"down": {"uv": [3.5, 8.75, 3.25, 8.75], "texture": "#0"}
			}
		},
		{
			"name": "armorBody",
			"from": [9, 13, 5.3],
			"to": [10, 14, 6],
			"rotation": {"angle": 0, "axis": "y", "origin": [8, 0, 8]},
			"faces": {
				"north": {"uv": [9, 4.75, 9.25, 5], "texture": "#0"},
				"east": {"uv": [9, 4.75, 9, 5], "texture": "#0"},
				"south": {"uv": [9.25, 4.75, 9.5, 5], "texture": "#0"},
				"west": {"uv": [9.25, 4.75, 9.25, 5], "texture": "#0"},
				"up": {"uv": [9.25, 4.75, 9, 4.75], "texture": "#0"},
				"down": {"uv": [9.5, 4.75, 9.25, 4.75], "texture": "#0"}
			}
		},
		{
			"name": "armorBody",
			"from": [9, 12, 5.5],
			"to": [10, 13, 6],
			"rotation": {"angle": 0, "axis": "y", "origin": [8, 0, 8]},
			"faces": {
				"north": {"uv": [3, 9, 3.25, 9.25], "texture": "#0"},
				"east": {"uv": [3, 9, 3, 9.25], "texture": "#0"},
				"south": {"uv": [3.25, 9, 3.5, 9.25], "texture": "#0"},
				"west": {"uv": [3.25, 9, 3.25, 9.25], "texture": "#0"},
				"up": {"uv": [3.25, 9, 3, 9], "texture": "#0"},
				"down": {"uv": [3.5, 9, 3.25, 9], "texture": "#0"}
			}
		},
		{
			"name": "armorBody",
			"from": [8, 13, 5.6],
			"to": [9, 14, 6],
			"rotation": {"angle": 0, "axis": "y", "origin": [8, 0, 8]},
			"faces": {
				"north": {"uv": [9, 5.25, 9.25, 5.5], "texture": "#0"},
				"east": {"uv": [9, 5.25, 9, 5.5], "texture": "#0"},
				"south": {"uv": [9.25, 5.25, 9.5, 5.5], "texture": "#0"},
				"west": {"uv": [9.25, 5.25, 9.25, 5.5], "texture": "#0"},
				"up": {"uv": [9.25, 5.25, 9, 5.25], "texture": "#0"},
				"down": {"uv": [9.5, 5.25, 9.25, 5.25], "texture": "#0"}
			}
		},
		{
			"name": "armorBody",
			"from": [8, 12, 5.8],
			"to": [9, 13, 6],
			"rotation": {"angle": 0, "axis": "y", "origin": [8, 0, 8]},
			"faces": {
				"north": {"uv": [9, 5, 9.25, 5.25], "texture": "#0"},
				"east": {"uv": [9, 5, 9, 5.25], "texture": "#0"},
				"south": {"uv": [9.25, 5, 9.5, 5.25], "texture": "#0"},
				"west": {"uv": [9.25, 5, 9.25, 5.25], "texture": "#0"},
				"up": {"uv": [9.25, 5, 9, 5], "texture": "#0"},
				"down": {"uv": [9.5, 5, 9.25, 5], "texture": "#0"}
			}
		},
		{
			"name": "armorBody",
			"from": [17, 11, 5.5],
			"to": [18, 12, 6],
			"rotation": {"angle": 0, "axis": "y", "origin": [8, 0, 8]},
			"faces": {
				"north": {"uv": [7.5, 4.75, 7.75, 5], "texture": "#0"},
				"east": {"uv": [7.5, 4.75, 7.5, 5], "texture": "#0"},
				"south": {"uv": [7.75, 4.75, 8, 5], "texture": "#0"},
				"west": {"uv": [7.75, 4.75, 7.75, 5], "texture": "#0"},
				"up": {"uv": [7.75, 4.75, 7.5, 4.75], "texture": "#0"},
				"down": {"uv": [8, 4.75, 7.75, 4.75], "texture": "#0"}
			}
		},
		{
			"name": "armorBody",
			"from": [17, 12, 5.2],
			"to": [18, 13, 6],
			"rotation": {"angle": 0, "axis": "y", "origin": [8, 0, 8]},
			"faces": {
				"north": {"uv": [7.5, 4.5, 7.75, 4.75], "texture": "#0"},
				"east": {"uv": [7.5, 4.5, 7.5, 4.75], "texture": "#0"},
				"south": {"uv": [7.75, 4.5, 8, 4.75], "texture": "#0"},
				"west": {"uv": [7.75, 4.5, 7.75, 4.75], "texture": "#0"},
				"up": {"uv": [7.75, 4.5, 7.5, 4.5], "texture": "#0"},
				"down": {"uv": [8, 4.5, 7.75, 4.5], "texture": "#0"}
			}
		},
		{
			"name": "armorBody",
			"from": [18, 11, 5.2],
			"to": [19, 12, 6],
			"rotation": {"angle": 0, "axis": "y", "origin": [8, 0, 8]},
			"faces": {
				"north": {"uv": [8, 2, 8.25, 2.25], "texture": "#0"},
				"east": {"uv": [8, 2, 8, 2.25], "texture": "#0"},
				"south": {"uv": [8.25, 2, 8.5, 2.25], "texture": "#0"},
				"west": {"uv": [8.25, 2, 8.25, 2.25], "texture": "#0"},
				"up": {"uv": [8.25, 2, 8, 2], "texture": "#0"},
				"down": {"uv": [8.5, 2, 8.25, 2], "texture": "#0"}
			}
		},
		{
			"name": "armorBody",
			"from": [19, 8, 5.2],
			"to": [20, 9, 6],
			"rotation": {"angle": 0, "axis": "y", "origin": [8, 0, 8]},
			"faces": {
				"north": {"uv": [8, 2.25, 8.25, 2.5], "texture": "#0"},
				"east": {"uv": [8, 2.25, 8, 2.5], "texture": "#0"},
				"south": {"uv": [8.25, 2.25, 8.5, 2.5], "texture": "#0"},
				"west": {"uv": [8.25, 2.25, 8.25, 2.5], "texture": "#0"},
				"up": {"uv": [8.25, 2.25, 8, 2.25], "texture": "#0"},
				"down": {"uv": [8.5, 2.25, 8.25, 2.25], "texture": "#0"}
			}
		},
		{
			"name": "armorBody",
			"from": [13, 12, 5],
			"to": [14, 13, 6],
			"rotation": {"angle": 0, "axis": "y", "origin": [8, 0, 8]},
			"faces": {
				"north": {"uv": [8.75, 4, 9, 4.25], "texture": "#0"},
				"east": {"uv": [8.5, 4, 8.75, 4.25], "texture": "#0"},
				"south": {"uv": [9.25, 4, 9.5, 4.25], "texture": "#0"},
				"west": {"uv": [9, 4, 9.25, 4.25], "texture": "#0"},
				"up": {"uv": [9, 4, 8.75, 3.75], "texture": "#0"},
				"down": {"uv": [9.25, 3.75, 9, 4], "texture": "#0"}
			}
		},
		{
			"name": "armorBody",
			"from": [13, 11, 5.2],
			"to": [14, 12, 6],
			"rotation": {"angle": 0, "axis": "y", "origin": [8, 0, 8]},
			"faces": {
				"north": {"uv": [3, 8.5, 3.25, 8.75], "texture": "#0"},
				"east": {"uv": [3, 8.5, 3, 8.75], "texture": "#0"},
				"south": {"uv": [3.25, 8.5, 3.5, 8.75], "texture": "#0"},
				"west": {"uv": [3.25, 8.5, 3.25, 8.75], "texture": "#0"},
				"up": {"uv": [3.25, 8.5, 3, 8.5], "texture": "#0"},
				"down": {"uv": [3.5, 8.5, 3.25, 8.5], "texture": "#0"}
			}
		},
		{
			"name": "armorBody",
			"from": [11, 12, 5],
			"to": [12, 13, 6],
			"rotation": {"angle": 0, "axis": "y", "origin": [8, 0, 8]},
			"faces": {
				"north": {"uv": [9.25, 0.25, 9.5, 0.5], "texture": "#0"},
				"east": {"uv": [9, 0.25, 9.25, 0.5], "texture": "#0"},
				"south": {"uv": [9.75, 0.25, 10, 0.5], "texture": "#0"},
				"west": {"uv": [9.5, 0.25, 9.75, 0.5], "texture": "#0"},
				"up": {"uv": [9.5, 0.25, 9.25, 0], "texture": "#0"},
				"down": {"uv": [9.75, 0, 9.5, 0.25], "texture": "#0"}
			}
		},
		{
			"name": "armorBody",
			"from": [11, 11, 5.2],
			"to": [12, 12, 6],
			"rotation": {"angle": 0, "axis": "y", "origin": [8, 0, 8]},
			"faces": {
				"north": {"uv": [8.5, 4.25, 8.75, 4.5], "texture": "#0"},
				"east": {"uv": [8.5, 4.25, 8.5, 4.5], "texture": "#0"},
				"south": {"uv": [8.75, 4.25, 9, 4.5], "texture": "#0"},
				"west": {"uv": [8.75, 4.25, 8.75, 4.5], "texture": "#0"},
				"up": {"uv": [8.75, 4.25, 8.5, 4.25], "texture": "#0"},
				"down": {"uv": [9, 4.25, 8.75, 4.25], "texture": "#0"}
			}
		},
		{
			"name": "armorBody",
			"from": [18, 10, 5.5],
			"to": [19, 11, 6],
			"rotation": {"angle": 0, "axis": "y", "origin": [8, 0, 8]},
			"faces": {
				"north": {"uv": [8, 1.75, 8.25, 2], "texture": "#0"},
				"east": {"uv": [8, 1.75, 8, 2], "texture": "#0"},
				"south": {"uv": [8.25, 1.75, 8.5, 2], "texture": "#0"},
				"west": {"uv": [8.25, 1.75, 8.25, 2], "texture": "#0"},
				"up": {"uv": [8.25, 1.75, 8, 1.75], "texture": "#0"},
				"down": {"uv": [8.5, 1.75, 8.25, 1.75], "texture": "#0"}
			}
		},
		{
			"name": "armorBody",
			"from": [13, 13, 4.7],
			"to": [14, 22, 6],
			"rotation": {"angle": 0, "axis": "y", "origin": [8, 0, 8]},
			"faces": {
				"north": {"uv": [6.25, 0.25, 6.5, 2.5], "texture": "#0"},
				"east": {"uv": [6, 0.25, 6.25, 2.5], "texture": "#0"},
				"south": {"uv": [6.75, 0.25, 7, 2.5], "texture": "#0"},
				"west": {"uv": [6.5, 0.25, 6.75, 2.5], "texture": "#0"},
				"up": {"uv": [6.5, 0.25, 6.25, 0], "texture": "#0"},
				"down": {"uv": [6.75, 0, 6.5, 0.25], "texture": "#0"}
			}
		},
		{
			"name": "armorBody",
			"from": [12, 9, 4.5],
			"to": [13, 23, 6],
			"rotation": {"angle": 0, "axis": "y", "origin": [8, 0, 8]},
			"faces": {
				"north": {"uv": [3.75, 4.25, 4, 7.75], "texture": "#0"},
				"east": {"uv": [3.5, 4.25, 3.75, 7.75], "texture": "#0"},
				"south": {"uv": [4.25, 4.25, 4.5, 7.75], "texture": "#0"},
				"west": {"uv": [4, 4.25, 4.25, 7.75], "texture": "#0"},
				"up": {"uv": [4, 4.25, 3.75, 4], "texture": "#0"},
				"down": {"uv": [4.25, 4, 4, 4.25], "texture": "#0"}
			}
		},
		{
			"name": "armorBody",
			"from": [11, 13, 4.7],
			"to": [12, 24, 6],
			"rotation": {"angle": 0, "axis": "y", "origin": [8, 0, 8]},
			"faces": {
				"north": {"uv": [2.25, 5.75, 2.5, 8.5], "texture": "#0"},
				"east": {"uv": [2, 5.75, 2.25, 8.5], "texture": "#0"},
				"south": {"uv": [2.75, 5.75, 3, 8.5], "texture": "#0"},
				"west": {"uv": [2.5, 5.75, 2.75, 8.5], "texture": "#0"},
				"up": {"uv": [2.5, 5.75, 2.25, 5.5], "texture": "#0"},
				"down": {"uv": [2.75, 5.5, 2.5, 5.75], "texture": "#0"}
			}
		},
		{
			"name": "armorBody",
			"from": [10, 14, 4],
			"to": [11, 26, 5],
			"rotation": {"x": 0, "y": -180, "z": 0, "origin": [8, 25, 5]},
			"faces": {
				"north": {"uv": [1.25, 5.75, 1.5, 8.75], "texture": "#0"},
				"east": {"uv": [1, 5.75, 1.25, 8.75], "texture": "#0"},
				"south": {"uv": [1.75, 5.75, 2, 8.75], "texture": "#0"},
				"west": {"uv": [1.5, 5.75, 1.75, 8.75], "texture": "#0"},
				"up": {"uv": [1.5, 5.75, 1.25, 5.5], "texture": "#0"},
				"down": {"uv": [1.75, 5.5, 1.5, 5.75], "texture": "#0"}
			}
		},
		{
			"name": "armorBody",
			"from": [9, 14, 4],
			"to": [10, 26, 4.8],
			"rotation": {"x": 0, "y": -180, "z": 0, "origin": [8, 25, 5]},
			"faces": {
				"north": {"uv": [6, 7, 6.25, 10], "texture": "#0"},
				"east": {"uv": [6, 7, 6, 10], "texture": "#0"},
				"south": {"uv": [6.25, 7, 6.5, 10], "texture": "#0"},
				"west": {"uv": [6.25, 7, 6.25, 10], "texture": "#0"},
				"up": {"uv": [6.25, 7, 6, 7], "texture": "#0"},
				"down": {"uv": [6.5, 7, 6.25, 7], "texture": "#0"}
			}
		},
		{
			"name": "armorBody",
			"from": [8, 14, 4],
			"to": [9, 26, 4.5],
			"rotation": {"x": 0, "y": -180, "z": 0, "origin": [8, 25, 5]},
			"faces": {
				"north": {"uv": [5.5, 7, 5.75, 10], "texture": "#0"},
				"east": {"uv": [5.5, 7, 5.5, 10], "texture": "#0"},
				"south": {"uv": [5.75, 7, 6, 10], "texture": "#0"},
				"west": {"uv": [5.75, 7, 5.75, 10], "texture": "#0"},
				"up": {"uv": [5.75, 7, 5.5, 7], "texture": "#0"},
				"down": {"uv": [6, 7, 5.75, 7], "texture": "#0"}
			}
		},
		{
			"name": "armorBody",
			"from": [20, 6, 4],
			"to": [21, 15, 5.5],
			"rotation": {"x": 0, "y": -180, "z": 0, "origin": [8, 25, 5]},
			"faces": {
				"north": {"uv": [7.25, 5.25, 7.5, 7.5], "texture": "#0"},
				"east": {"uv": [7, 5.25, 7.25, 7.5], "texture": "#0"},
				"south": {"uv": [7.75, 5.25, 8, 7.5], "texture": "#0"},
				"west": {"uv": [7.5, 5.25, 7.75, 7.5], "texture": "#0"},
				"up": {"uv": [7.5, 5.25, 7.25, 5], "texture": "#0"},
				"down": {"uv": [7.75, 5, 7.5, 5.25], "texture": "#0"}
			}
		},
		{
			"name": "armorBody",
			"from": [19, 10, 4],
			"to": [20, 16, 5.3],
			"rotation": {"x": 0, "y": -180, "z": 0, "origin": [8, 25, 5]},
			"faces": {
				"north": {"uv": [8.25, 4.75, 8.5, 6.25], "texture": "#0"},
				"east": {"uv": [8, 4.75, 8.25, 6.25], "texture": "#0"},
				"south": {"uv": [8.75, 4.75, 9, 6.25], "texture": "#0"},
				"west": {"uv": [8.5, 4.75, 8.75, 6.25], "texture": "#0"},
				"up": {"uv": [8.5, 4.75, 8.25, 4.5], "texture": "#0"},
				"down": {"uv": [8.75, 4.5, 8.5, 4.75], "texture": "#0"}
			}
		},
		{
			"name": "armorBody",
			"from": [18, 12, 4],
			"to": [19, 17, 5],
			"rotation": {"x": 0, "y": -180, "z": 0, "origin": [8, 25, 5]},
			"faces": {
				"north": {"uv": [1.25, 9, 1.5, 10.25], "texture": "#0"},
				"east": {"uv": [1, 9, 1.25, 10.25], "texture": "#0"},
				"south": {"uv": [1.75, 9, 2, 10.25], "texture": "#0"},
				"west": {"uv": [1.5, 9, 1.75, 10.25], "texture": "#0"},
				"up": {"uv": [1.5, 9, 1.25, 8.75], "texture": "#0"},
				"down": {"uv": [1.75, 8.75, 1.5, 9], "texture": "#0"}
			}
		},
		{
			"name": "armorBody",
			"from": [19, 9, 4],
			"to": [20, 10, 5],
			"rotation": {"x": 0, "y": -180, "z": 0, "origin": [8, 25, 5]},
			"faces": {
				"north": {"uv": [9.25, 4.5, 9.5, 4.75], "texture": "#0"},
				"east": {"uv": [9, 4.5, 9.25, 4.75], "texture": "#0"},
				"south": {"uv": [9.75, 4.5, 10, 4.75], "texture": "#0"},
				"west": {"uv": [9.5, 4.5, 9.75, 4.75], "texture": "#0"},
				"up": {"uv": [9.5, 4.5, 9.25, 4.25], "texture": "#0"},
				"down": {"uv": [9.75, 4.25, 9.5, 4.5], "texture": "#0"}
			}
		},
		{
			"name": "armorBody",
			"from": [17, 13, 4],
			"to": [18, 18, 5],
			"rotation": {"x": 0, "y": -180, "z": 0, "origin": [8, 25, 5]},
			"faces": {
				"north": {"uv": [0.25, 9, 0.5, 10.25], "texture": "#0"},
				"east": {"uv": [0, 9, 0.25, 10.25], "texture": "#0"},
				"south": {"uv": [0.75, 9, 1, 10.25], "texture": "#0"},
				"west": {"uv": [0.5, 9, 0.75, 10.25], "texture": "#0"},
				"up": {"uv": [0.5, 9, 0.25, 8.75], "texture": "#0"},
				"down": {"uv": [0.75, 8.75, 0.5, 9], "texture": "#0"}
			}
		},
		{
			"name": "armorBody",
			"from": [16, 14, 4],
			"to": [17, 19, 5],
			"rotation": {"x": 0, "y": -180, "z": 0, "origin": [8, 25, 5]},
			"faces": {
				"north": {"uv": [2.25, 8.75, 2.5, 10], "texture": "#0"},
				"east": {"uv": [2, 8.75, 2.25, 10], "texture": "#0"},
				"south": {"uv": [2.75, 8.75, 3, 10], "texture": "#0"},
				"west": {"uv": [2.5, 8.75, 2.75, 10], "texture": "#0"},
				"up": {"uv": [2.5, 8.75, 2.25, 8.5], "texture": "#0"},
				"down": {"uv": [2.75, 8.5, 2.5, 8.75], "texture": "#0"}
			}
		},
		{
			"name": "armorBody",
			"from": [15, 14, 4],
			"to": [16, 20, 5],
			"rotation": {"x": 0, "y": -180, "z": 0, "origin": [8, 25, 5]},
			"faces": {
				"north": {"uv": [8.25, 0.25, 8.5, 1.75], "texture": "#0"},
				"east": {"uv": [8, 0.25, 8.25, 1.75], "texture": "#0"},
				"south": {"uv": [8.75, 0.25, 9, 1.75], "texture": "#0"},
				"west": {"uv": [8.5, 0.25, 8.75, 1.75], "texture": "#0"},
				"up": {"uv": [8.5, 0.25, 8.25, 0], "texture": "#0"},
				"down": {"uv": [8.75, 0, 8.5, 0.25], "texture": "#0"}
			}
		},
		{
			"name": "armorBody",
			"from": [14, 14, 4],
			"to": [15, 21, 5],
			"rotation": {"x": 0, "y": -180, "z": 0, "origin": [8, 25, 5]},
			"faces": {
				"north": {"uv": [7.25, 7.75, 7.5, 9.5], "texture": "#0"},
				"east": {"uv": [7, 7.75, 7.25, 9.5], "texture": "#0"},
				"south": {"uv": [7.75, 7.75, 8, 9.5], "texture": "#0"},
				"west": {"uv": [7.5, 7.75, 7.75, 9.5], "texture": "#0"},
				"up": {"uv": [7.5, 7.75, 7.25, 7.5], "texture": "#0"},
				"down": {"uv": [7.75, 7.5, 7.5, 7.75], "texture": "#0"}
			}
		},
		{
			"name": "armorBody",
			"from": [14, 13, 4],
			"to": [15, 14, 4.8],
			"rotation": {"x": 0, "y": -180, "z": 0, "origin": [8, 25, 5]},
			"faces": {
				"north": {"uv": [9, 9.25, 9.25, 9.5], "texture": "#0"},
				"east": {"uv": [9, 9.25, 9, 9.5], "texture": "#0"},
				"south": {"uv": [9.25, 9.25, 9.5, 9.5], "texture": "#0"},
				"west": {"uv": [9.25, 9.25, 9.25, 9.5], "texture": "#0"},
				"up": {"uv": [9.25, 9.25, 9, 9.25], "texture": "#0"},
				"down": {"uv": [9.5, 9.25, 9.25, 9.25], "texture": "#0"}
			}
		},
		{
			"name": "armorBody",
			"from": [14, 12, 4],
			"to": [15, 13, 4.5],
			"rotation": {"x": 0, "y": -180, "z": 0, "origin": [8, 25, 5]},
			"faces": {
				"north": {"uv": [8.5, 9.25, 8.75, 9.5], "texture": "#0"},
				"east": {"uv": [8.5, 9.25, 8.5, 9.5], "texture": "#0"},
				"south": {"uv": [8.75, 9.25, 9, 9.5], "texture": "#0"},
				"west": {"uv": [8.75, 9.25, 8.75, 9.5], "texture": "#0"},
				"up": {"uv": [8.75, 9.25, 8.5, 9.25], "texture": "#0"},
				"down": {"uv": [9, 9.25, 8.75, 9.25], "texture": "#0"}
			}
		},
		{
			"name": "armorBody",
			"from": [15, 13, 4],
			"to": [16, 14, 4.8],
			"rotation": {"x": 0, "y": -180, "z": 0, "origin": [8, 25, 5]},
			"faces": {
				"north": {"uv": [8, 9.25, 8.25, 9.5], "texture": "#0"},
				"east": {"uv": [8, 9.25, 8, 9.5], "texture": "#0"},
				"south": {"uv": [8.25, 9.25, 8.5, 9.5], "texture": "#0"},
				"west": {"uv": [8.25, 9.25, 8.25, 9.5], "texture": "#0"},
				"up": {"uv": [8.25, 9.25, 8, 9.25], "texture": "#0"},
				"down": {"uv": [8.5, 9.25, 8.25, 9.25], "texture": "#0"}
			}
		},
		{
			"name": "armorBody",
			"from": [15, 12, 4],
			"to": [16, 13, 4.5],
			"rotation": {"x": 0, "y": -180, "z": 0, "origin": [8, 25, 5]},
			"faces": {
				"north": {"uv": [3, 9.25, 3.25, 9.5], "texture": "#0"},
				"east": {"uv": [3, 9.25, 3, 9.5], "texture": "#0"},
				"south": {"uv": [3.25, 9.25, 3.5, 9.5], "texture": "#0"},
				"west": {"uv": [3.25, 9.25, 3.25, 9.5], "texture": "#0"},
				"up": {"uv": [3.25, 9.25, 3, 9.25], "texture": "#0"},
				"down": {"uv": [3.5, 9.25, 3.25, 9.25], "texture": "#0"}
			}
		},
		{
			"name": "armorBody",
			"from": [16, 12, 4],
			"to": [17, 13, 4.5],
			"rotation": {"x": 0, "y": -180, "z": 0, "origin": [8, 25, 5]},
			"faces": {
				"north": {"uv": [9, 9, 9.25, 9.25], "texture": "#0"},
				"east": {"uv": [9, 9, 9, 9.25], "texture": "#0"},
				"south": {"uv": [9.25, 9, 9.5, 9.25], "texture": "#0"},
				"west": {"uv": [9.25, 9, 9.25, 9.25], "texture": "#0"},
				"up": {"uv": [9.25, 9, 9, 9], "texture": "#0"},
				"down": {"uv": [9.5, 9, 9.25, 9], "texture": "#0"}
			}
		},
		{
			"name": "armorBody",
			"from": [16, 13, 4],
			"to": [17, 14, 4.8],
			"rotation": {"x": 0, "y": -180, "z": 0, "origin": [8, 25, 5]},
			"faces": {
				"north": {"uv": [9, 8.75, 9.25, 9], "texture": "#0"},
				"east": {"uv": [9, 8.75, 9, 9], "texture": "#0"},
				"south": {"uv": [9.25, 8.75, 9.5, 9], "texture": "#0"},
				"west": {"uv": [9.25, 8.75, 9.25, 9], "texture": "#0"},
				"up": {"uv": [9.25, 8.75, 9, 8.75], "texture": "#0"},
				"down": {"uv": [9.5, 8.75, 9.25, 8.75], "texture": "#0"}
			}
		},
		{
			"name": "armorBody",
			"from": [10, 12, 4],
			"to": [11, 13, 4.5],
			"rotation": {"x": 0, "y": -180, "z": 0, "origin": [8, 25, 5]},
			"faces": {
				"north": {"uv": [9, 8.5, 9.25, 8.75], "texture": "#0"},
				"east": {"uv": [9, 8.5, 9, 8.75], "texture": "#0"},
				"south": {"uv": [9.25, 8.5, 9.5, 8.75], "texture": "#0"},
				"west": {"uv": [9.25, 8.5, 9.25, 8.75], "texture": "#0"},
				"up": {"uv": [9.25, 8.5, 9, 8.5], "texture": "#0"},
				"down": {"uv": [9.5, 8.5, 9.25, 8.5], "texture": "#0"}
			}
		},
		{
			"name": "armorBody",
			"from": [10, 13, 4],
			"to": [11, 14, 4.8],
			"rotation": {"x": 0, "y": -180, "z": 0, "origin": [8, 25, 5]},
			"faces": {
				"north": {"uv": [9, 8.25, 9.25, 8.5], "texture": "#0"},
				"east": {"uv": [9, 8.25, 9, 8.5], "texture": "#0"},
				"south": {"uv": [9.25, 8.25, 9.5, 8.5], "texture": "#0"},
				"west": {"uv": [9.25, 8.25, 9.25, 8.5], "texture": "#0"},
				"up": {"uv": [9.25, 8.25, 9, 8.25], "texture": "#0"},
				"down": {"uv": [9.5, 8.25, 9.25, 8.25], "texture": "#0"}
			}
		},
		{
			"name": "armorBody",
			"from": [9, 13, 4],
			"to": [10, 14, 4.7],
			"rotation": {"x": 0, "y": -180, "z": 0, "origin": [8, 25, 5]},
			"faces": {
				"north": {"uv": [9, 8, 9.25, 8.25], "texture": "#0"},
				"east": {"uv": [9, 8, 9, 8.25], "texture": "#0"},
				"south": {"uv": [9.25, 8, 9.5, 8.25], "texture": "#0"},
				"west": {"uv": [9.25, 8, 9.25, 8.25], "texture": "#0"},
				"up": {"uv": [9.25, 8, 9, 8], "texture": "#0"},
				"down": {"uv": [9.5, 8, 9.25, 8], "texture": "#0"}
			}
		},
		{
			"name": "armorBody",
			"from": [9, 12, 4],
			"to": [10, 13, 4.5],
			"rotation": {"x": 0, "y": -180, "z": 0, "origin": [8, 25, 5]},
			"faces": {
				"north": {"uv": [9, 7.75, 9.25, 8], "texture": "#0"},
				"east": {"uv": [9, 7.75, 9, 8], "texture": "#0"},
				"south": {"uv": [9.25, 7.75, 9.5, 8], "texture": "#0"},
				"west": {"uv": [9.25, 7.75, 9.25, 8], "texture": "#0"},
				"up": {"uv": [9.25, 7.75, 9, 7.75], "texture": "#0"},
				"down": {"uv": [9.5, 7.75, 9.25, 7.75], "texture": "#0"}
			}
		},
		{
			"name": "armorBody",
			"from": [8, 13, 4],
			"to": [9, 14, 4.4],
			"rotation": {"x": 0, "y": -180, "z": 0, "origin": [8, 25, 5]},
			"faces": {
				"north": {"uv": [9, 7.5, 9.25, 7.75], "texture": "#0"},
				"east": {"uv": [9, 7.5, 9, 7.75], "texture": "#0"},
				"south": {"uv": [9.25, 7.5, 9.5, 7.75], "texture": "#0"},
				"west": {"uv": [9.25, 7.5, 9.25, 7.75], "texture": "#0"},
				"up": {"uv": [9.25, 7.5, 9, 7.5], "texture": "#0"},
				"down": {"uv": [9.5, 7.5, 9.25, 7.5], "texture": "#0"}
			}
		},
		{
			"name": "armorBody",
			"from": [8, 12, 4],
			"to": [9, 13, 4.2],
			"rotation": {"x": 0, "y": -180, "z": 0, "origin": [8, 25, 5]},
			"faces": {
				"north": {"uv": [9, 7.25, 9.25, 7.5], "texture": "#0"},
				"east": {"uv": [9, 7.25, 9, 7.5], "texture": "#0"},
				"south": {"uv": [9.25, 7.25, 9.5, 7.5], "texture": "#0"},
				"west": {"uv": [9.25, 7.25, 9.25, 7.5], "texture": "#0"},
				"up": {"uv": [9.25, 7.25, 9, 7.25], "texture": "#0"},
				"down": {"uv": [9.5, 7.25, 9.25, 7.25], "texture": "#0"}
			}
		},
		{
			"name": "armorBody",
			"from": [7.5, 5, 3.2],
			"to": [8.5, 13, 4.2],
			"rotation": {"x": 167.5, "y": 0, "z": 180, "origin": [8, 13, 5]},
			"faces": {
				"north": {"uv": [6.75, 8.25, 7, 10.25], "texture": "#0"},
				"east": {"uv": [6.5, 8.25, 6.75, 10.25], "texture": "#0"},
				"south": {"uv": [7.25, 8.25, 7.5, 10.25], "texture": "#0"},
				"west": {"uv": [7, 8.25, 7.25, 10.25], "texture": "#0"},
				"up": {"uv": [7, 8.25, 6.75, 8], "texture": "#0"},
				"down": {"uv": [7.25, 8, 7, 8.25], "texture": "#0"}
			}
		},
		{
			"name": "armorBody",
			"from": [17, 11, 4],
			"to": [18, 12, 4.5],
			"rotation": {"x": 0, "y": -180, "z": 0, "origin": [8, 25, 5]},
			"faces": {
				"north": {"uv": [9, 7, 9.25, 7.25], "texture": "#0"},
				"east": {"uv": [9, 7, 9, 7.25], "texture": "#0"},
				"south": {"uv": [9.25, 7, 9.5, 7.25], "texture": "#0"},
				"west": {"uv": [9.25, 7, 9.25, 7.25], "texture": "#0"},
				"up": {"uv": [9.25, 7, 9, 7], "texture": "#0"},
				"down": {"uv": [9.5, 7, 9.25, 7], "texture": "#0"}
			}
		},
		{
			"name": "armorBody",
			"from": [17, 12, 4],
			"to": [18, 13, 4.8],
			"rotation": {"x": 0, "y": -180, "z": 0, "origin": [8, 25, 5]},
			"faces": {
				"north": {"uv": [9, 6.75, 9.25, 7], "texture": "#0"},
				"east": {"uv": [9, 6.75, 9, 7], "texture": "#0"},
				"south": {"uv": [9.25, 6.75, 9.5, 7], "texture": "#0"},
				"west": {"uv": [9.25, 6.75, 9.25, 7], "texture": "#0"},
				"up": {"uv": [9.25, 6.75, 9, 6.75], "texture": "#0"},
				"down": {"uv": [9.5, 6.75, 9.25, 6.75], "texture": "#0"}
			}
		},
		{
			"name": "armorBody",
			"from": [18, 11, 4],
			"to": [19, 12, 4.8],
			"rotation": {"x": 0, "y": -180, "z": 0, "origin": [8, 25, 5]},
			"faces": {
				"north": {"uv": [9, 6.5, 9.25, 6.75], "texture": "#0"},
				"east": {"uv": [9, 6.5, 9, 6.75], "texture": "#0"},
				"south": {"uv": [9.25, 6.5, 9.5, 6.75], "texture": "#0"},
				"west": {"uv": [9.25, 6.5, 9.25, 6.75], "texture": "#0"},
				"up": {"uv": [9.25, 6.5, 9, 6.5], "texture": "#0"},
				"down": {"uv": [9.5, 6.5, 9.25, 6.5], "texture": "#0"}
			}
		},
		{
			"name": "armorBody",
			"from": [19, 8, 4],
			"to": [20, 9, 4.8],
			"rotation": {"x": 0, "y": -180, "z": 0, "origin": [8, 25, 5]},
			"faces": {
				"north": {"uv": [9, 6.25, 9.25, 6.5], "texture": "#0"},
				"east": {"uv": [9, 6.25, 9, 6.5], "texture": "#0"},
				"south": {"uv": [9.25, 6.25, 9.5, 6.5], "texture": "#0"},
				"west": {"uv": [9.25, 6.25, 9.25, 6.5], "texture": "#0"},
				"up": {"uv": [9.25, 6.25, 9, 6.25], "texture": "#0"},
				"down": {"uv": [9.5, 6.25, 9.25, 6.25], "texture": "#0"}
			}
		},
		{
			"name": "armorBody",
			"from": [13, 12, 4],
			"to": [14, 13, 5],
			"rotation": {"x": 0, "y": -180, "z": 0, "origin": [8, 25, 5]},
			"faces": {
				"north": {"uv": [9.25, 1.25, 9.5, 1.5], "texture": "#0"},
				"east": {"uv": [9, 1.25, 9.25, 1.5], "texture": "#0"},
				"south": {"uv": [9.75, 1.25, 10, 1.5], "texture": "#0"},
				"west": {"uv": [9.5, 1.25, 9.75, 1.5], "texture": "#0"},
				"up": {"uv": [9.5, 1.25, 9.25, 1], "texture": "#0"},
				"down": {"uv": [9.75, 1, 9.5, 1.25], "texture": "#0"}
			}
		},
		{
			"name": "armorBody",
			"from": [13, 11, 4],
			"to": [14, 12, 4.8],
			"rotation": {"x": 0, "y": -180, "z": 0, "origin": [8, 25, 5]},
			"faces": {
				"north": {"uv": [9, 6, 9.25, 6.25], "texture": "#0"},
				"east": {"uv": [9, 6, 9, 6.25], "texture": "#0"},
				"south": {"uv": [9.25, 6, 9.5, 6.25], "texture": "#0"},
				"west": {"uv": [9.25, 6, 9.25, 6.25], "texture": "#0"},
				"up": {"uv": [9.25, 6, 9, 6], "texture": "#0"},
				"down": {"uv": [9.5, 6, 9.25, 6], "texture": "#0"}
			}
		},
		{
			"name": "armorBody",
			"from": [11, 12, 4],
			"to": [12, 13, 5],
			"rotation": {"x": 0, "y": -180, "z": 0, "origin": [8, 25, 5]},
			"faces": {
				"north": {"uv": [9.25, 0.75, 9.5, 1], "texture": "#0"},
				"east": {"uv": [9, 0.75, 9.25, 1], "texture": "#0"},
				"south": {"uv": [9.75, 0.75, 10, 1], "texture": "#0"},
				"west": {"uv": [9.5, 0.75, 9.75, 1], "texture": "#0"},
				"up": {"uv": [9.5, 0.75, 9.25, 0.5], "texture": "#0"},
				"down": {"uv": [9.75, 0.5, 9.5, 0.75], "texture": "#0"}
			}
		},
		{
			"name": "armorBody",
			"from": [11, 11, 4],
			"to": [12, 12, 4.8],
			"rotation": {"x": 0, "y": -180, "z": 0, "origin": [8, 25, 5]},
			"faces": {
				"north": {"uv": [9, 5.75, 9.25, 6], "texture": "#0"},
				"east": {"uv": [9, 5.75, 9, 6], "texture": "#0"},
				"south": {"uv": [9.25, 5.75, 9.5, 6], "texture": "#0"},
				"west": {"uv": [9.25, 5.75, 9.25, 6], "texture": "#0"},
				"up": {"uv": [9.25, 5.75, 9, 5.75], "texture": "#0"},
				"down": {"uv": [9.5, 5.75, 9.25, 5.75], "texture": "#0"}
			}
		},
		{
			"name": "armorBody",
			"from": [18, 10, 4],
			"to": [19, 11, 4.5],
			"rotation": {"x": 0, "y": -180, "z": 0, "origin": [8, 25, 5]},
			"faces": {
				"north": {"uv": [9, 5.5, 9.25, 5.75], "texture": "#0"},
				"east": {"uv": [9, 5.5, 9, 5.75], "texture": "#0"},
				"south": {"uv": [9.25, 5.5, 9.5, 5.75], "texture": "#0"},
				"west": {"uv": [9.25, 5.5, 9.25, 5.75], "texture": "#0"},
				"up": {"uv": [9.25, 5.5, 9, 5.5], "texture": "#0"},
				"down": {"uv": [9.5, 5.5, 9.25, 5.5], "texture": "#0"}
			}
		},
		{
			"name": "armorBody",
			"from": [13, 13, 4],
			"to": [14, 22, 5.3],
			"rotation": {"x": 0, "y": -180, "z": 0, "origin": [8, 25, 5]},
			"faces": {
				"north": {"uv": [7.25, 0.25, 7.5, 2.5], "texture": "#0"},
				"east": {"uv": [7, 0.25, 7.25, 2.5], "texture": "#0"},
				"south": {"uv": [7.75, 0.25, 8, 2.5], "texture": "#0"},
				"west": {"uv": [7.5, 0.25, 7.75, 2.5], "texture": "#0"},
				"up": {"uv": [7.5, 0.25, 7.25, 0], "texture": "#0"},
				"down": {"uv": [7.75, 0, 7.5, 0.25], "texture": "#0"}
			}
		},
		{
			"name": "armorBody",
			"from": [12, 9, 4],
			"to": [13, 23, 5.5],
			"rotation": {"x": 0, "y": -180, "z": 0, "origin": [8, 25, 5]},
			"faces": {
				"north": {"uv": [4.75, 4.25, 5, 7.75], "texture": "#0"},
				"east": {"uv": [4.5, 4.25, 4.75, 7.75], "texture": "#0"},
				"south": {"uv": [5.25, 4.25, 5.5, 7.75], "texture": "#0"},
				"west": {"uv": [5, 4.25, 5.25, 7.75], "texture": "#0"},
				"up": {"uv": [5, 4.25, 4.75, 4], "texture": "#0"},
				"down": {"uv": [5.25, 4, 5, 4.25], "texture": "#0"}
			}
		},
		{
			"name": "armorBody",
			"from": [11, 13, 4],
			"to": [12, 24, 5.3],
			"rotation": {"x": 0, "y": -180, "z": 0, "origin": [8, 25, 5]},
			"faces": {
				"north": {"uv": [5.75, 4.25, 6, 7], "texture": "#0"},
				"east": {"uv": [5.5, 4.25, 5.75, 7], "texture": "#0"},
				"south": {"uv": [6.25, 4.25, 6.5, 7], "texture": "#0"},
				"west": {"uv": [6, 4.25, 6.25, 7], "texture": "#0"},
				"up": {"uv": [6, 4.25, 5.75, 4], "texture": "#0"},
				"down": {"uv": [6.25, 4, 6, 4.25], "texture": "#0"}
			}
		},
		{
			"name": "armorBody",
			"from": [5.5, 25, 3],
			"to": [10.5, 29, 5],
			"rotation": {"angle": 0, "axis": "y", "origin": [8, 0, 8]},
			"faces": {
				"north": {"uv": [0.5, 4.5, 1.75, 5.5], "texture": "#0"},
				"east": {"uv": [0, 4.5, 0.5, 5.5], "texture": "#0"},
				"south": {"uv": [2.25, 4.5, 3.5, 5.5], "texture": "#0"},
				"west": {"uv": [1.75, 4.5, 2.25, 5.5], "texture": "#0"},
				"up": {"uv": [1.75, 4.5, 0.5, 4], "texture": "#0"},
				"down": {"uv": [3, 4, 1.75, 4.5], "texture": "#0"}
			}
		}
	],
	"display": {
		"thirdperson_righthand": {
			"rotation": [90, -180, 0],
			"translation": [-6.25, -2.25, -2],
			"scale": [0.87, 0.87, 0.87]
		},
		"firstperson_righthand": {
			"translation": [0, -2.5, 3.5],
			"scale": [0.39, 0.39, 0.39]
		},
		"firstperson_lefthand": {
			"translation": [0.5, -2.5, 2.75],
			"scale": [0.33, 0.33, 0.33]
		},
		"ground": {
			"rotation": [90, 0, 0],
			"translation": [0, -3.75, 0]
		},
		"gui": {
			"rotation": [0, -180, 0],
			"translation": [0, -5.75, 0],
			"scale": [0.59, 0.59, 0.59]
		},
		"fixed": {
			"translation": [0, -15.25, 1.75],
			"scale": [1.38, 1.38, 1.38]
		}
	},
	"groups": [
		{
			"name": "bipedHead",
			"origin": [8, 24, 8],
			"color": 0,
			"children": [
				{
					"name": "armorHead",
					"origin": [8, 24, 8],
					"color": 1,
					"children": []
				}
			]
		},
		{
			"name": "bipedBody",
			"origin": [8, 24, 8],
			"color": 2,
			"children": [
				{
					"name": "armorBody",
					"origin": [8, 26, 8],
					"color": 3,
					"children": [
						0,
						1,
						2,
						3,
						4,
						5,
						6,
						7,
						8,
						9,
						10,
						11,
						12,
						13,
						14,
						15,
						16,
						17,
						18,
						19,
						20,
						21,
						22,
						23,
						24,
						25,
						26,
						27,
						28,
						29,
						30,
						31,
						32,
						33,
						34,
						35,
						36,
						37,
						38,
						39,
						40,
						41,
						42,
						43,
						44,
						45,
						46,
						47,
						48,
						49,
						50,
						51,
						52,
						53,
						54,
						55,
						56,
						57,
						58,
						59,
						60,
						61,
						62,
						63,
						64,
						65,
						66,
						67,
						68,
						69,
						70,
						71
					]
				}
			]
		},
		{
			"name": "bipedRightArm",
			"origin": [12, 22, 8],
			"color": 4,
			"children": [
				{
					"name": "armorRightArm",
					"origin": [12, 22, 8],
					"color": 5,
					"children": []
				}
			]
		},
		{
			"name": "bipedLeftArm",
			"origin": [4, 22, 8],
			"color": 6,
			"children": [
				{
					"name": "armorLeftArm",
					"origin": [4, 22, 8],
					"color": 7,
					"children": []
				}
			]
		},
		{
			"name": "bipedLeftLeg",
			"origin": [6, 12, 8],
			"color": 8,
			"children": [
				{
					"name": "armorLeftLeg",
					"origin": [6, 12, 8],
					"color": 9,
					"children": []
				},
				{
					"name": "armorLeftBoot",
					"origin": [6, 12, 8],
					"color": 0,
					"children": []
				}
			]
		},
		{
			"name": "bipedRightLeg",
			"origin": [10, 12, 8],
			"color": 1,
			"children": [
				{
					"name": "armorRightLeg",
					"origin": [10, 12, 8],
					"color": 2,
					"children": []
				},
				{
					"name": "armorRightBoot",
					"origin": [10, 12, 8],
					"color": 3,
					"children": []
				}
			]
		}
	]
}