{
	"credit": "Made with Blockbench",
	"texture_size": [32, 32],
	"textures": {
		"0": "item/bonesword",
		"particle": "item/bonesword"
	},
	"elements": [
		{
			"from": [5.6, 0.5, 7],
			"to": [7.9, 0.7, 8],
			"rotation": {"angle": 0, "axis": "y", "origin": [6, 0, 6]},
			"faces": {
				"north": {"uv": [6.5, 6.5, 7.625, 6.625], "texture": "#0"},
				"east": {"uv": [2, 9, 2.5, 9.125], "texture": "#0"},
				"south": {"uv": [0, 7, 1.125, 7.125], "texture": "#0"},
				"west": {"uv": [2.5, 9, 3, 9.125], "texture": "#0"},
				"up": {"uv": [1.125, 2.5, 0, 2], "texture": "#0"},
				"down": {"uv": [2.625, 2, 1.5, 2.5], "texture": "#0"}
			}
		},
		{
			"from": [6.6, 0.5, 8],
			"to": [8.9, 0.7, 9],
			"rotation": {"angle": 0, "axis": "y", "origin": [7, 0, 7]},
			"faces": {
				"north": {"uv": [1.5, 7, 2.625, 7.125], "texture": "#0"},
				"east": {"uv": [9, 2.5, 9.5, 2.625], "texture": "#0"},
				"south": {"uv": [7, 2, 8.125, 2.125], "texture": "#0"},
				"west": {"uv": [3, 9, 3.5, 9.125], "texture": "#0"},
				"up": {"uv": [1.125, 3, 0, 2.5], "texture": "#0"},
				"down": {"uv": [2.625, 2.5, 1.5, 3], "texture": "#0"}
			}
		},
		{
			"from": [7.6, 0.5, 9],
			"to": [9.9, 0.7, 10],
			"rotation": {"angle": 0, "axis": "y", "origin": [8, 0, 8]},
			"faces": {
				"north": {"uv": [3, 7, 4.125, 7.125], "texture": "#0"},
				"east": {"uv": [9, 3, 9.5, 3.125], "texture": "#0"},
				"south": {"uv": [7, 4, 8.125, 4.125], "texture": "#0"},
				"west": {"uv": [3.5, 9, 4, 9.125], "texture": "#0"},
				"up": {"uv": [1.125, 3.5, 0, 3], "texture": "#0"},
				"down": {"uv": [2.625, 3, 1.5, 3.5], "texture": "#0"}
			}
		},
		{
			"from": [8.6, 0.5, 10],
			"to": [10.9, 0.7, 11],
			"rotation": {"angle": 0, "axis": "y", "origin": [9, 0, 9]},
			"faces": {
				"north": {"uv": [4.5, 7, 5.625, 7.125], "texture": "#0"},
				"east": {"uv": [9, 3.5, 9.5, 3.625], "texture": "#0"},
				"south": {"uv": [7, 4.5, 8.125, 4.625], "texture": "#0"},
				"west": {"uv": [4, 9, 4.5, 9.125], "texture": "#0"},
				"up": {"uv": [4.125, 2.5, 3, 2], "texture": "#0"},
				"down": {"uv": [4.125, 2.5, 3, 3], "texture": "#0"}
			}
		},
		{
			"from": [9.6, 0.5, 11],
			"to": [11.9, 0.7, 12],
			"rotation": {"angle": 0, "axis": "y", "origin": [10, 0, 10]},
			"faces": {
				"north": {"uv": [7, 5, 8.125, 5.125], "texture": "#0"},
				"east": {"uv": [4.5, 9, 5, 9.125], "texture": "#0"},
				"south": {"uv": [7, 5.5, 8.125, 5.625], "texture": "#0"},
				"west": {"uv": [5, 9, 5.5, 9.125], "texture": "#0"},
				"up": {"uv": [4.125, 3.5, 3, 3], "texture": "#0"},
				"down": {"uv": [1.125, 3.5, 0, 4], "texture": "#0"}
			}
		},
		{
			"from": [10.6, 0.5, 12],
			"to": [12.9, 0.7, 13],
			"rotation": {"angle": 0, "axis": "y", "origin": [11, 0, 11]},
			"faces": {
				"north": {"uv": [6, 7, 7.125, 7.125], "texture": "#0"},
				"east": {"uv": [5.5, 9, 6, 9.125], "texture": "#0"},
				"south": {"uv": [7, 6, 8.125, 6.125], "texture": "#0"},
				"west": {"uv": [6, 9, 6.5, 9.125], "texture": "#0"},
				"up": {"uv": [2.625, 4, 1.5, 3.5], "texture": "#0"},
				"down": {"uv": [4.125, 3.5, 3, 4], "texture": "#0"}
			}
		},
		{
			"from": [11.6, 0.5, 13],
			"to": [13.9, 0.7, 14],
			"rotation": {"angle": 0, "axis": "y", "origin": [12, 0, 12]},
			"faces": {
				"north": {"uv": [0, 7.5, 1.125, 7.625], "texture": "#0"},
				"east": {"uv": [6.5, 9, 7, 9.125], "texture": "#0"},
				"south": {"uv": [1.5, 7.5, 2.625, 7.625], "texture": "#0"},
				"west": {"uv": [9, 6.5, 9.5, 6.625], "texture": "#0"},
				"up": {"uv": [1.125, 4.5, 0, 4], "texture": "#0"},
				"down": {"uv": [2.625, 4, 1.5, 4.5], "texture": "#0"}
			}
		},
		{
			"from": [12.6, 0.5, 14],
			"to": [14.9, 0.7, 15],
			"rotation": {"angle": 0, "axis": "y", "origin": [13, 0, 13]},
			"faces": {
				"north": {"uv": [7.5, 2.5, 8.625, 2.625], "texture": "#0"},
				"east": {"uv": [7, 9, 7.5, 9.125], "texture": "#0"},
				"south": {"uv": [3, 7.5, 4.125, 7.625], "texture": "#0"},
				"west": {"uv": [7.5, 9, 8, 9.125], "texture": "#0"},
				"up": {"uv": [4.125, 4.5, 3, 4], "texture": "#0"},
				"down": {"uv": [1.125, 4.5, 0, 5], "texture": "#0"}
			}
		},
		{
			"from": [13.6, 0.5, 15],
			"to": [15.9, 0.7, 16],
			"rotation": {"angle": 0, "axis": "y", "origin": [14, 0, 14]},
			"faces": {
				"north": {"uv": [7.5, 3, 8.625, 3.125], "texture": "#0"},
				"east": {"uv": [8, 9, 8.5, 9.125], "texture": "#0"},
				"south": {"uv": [7.5, 3.5, 8.625, 3.625], "texture": "#0"},
				"west": {"uv": [9, 8, 9.5, 8.125], "texture": "#0"},
				"up": {"uv": [2.625, 5, 1.5, 4.5], "texture": "#0"},
				"down": {"uv": [5.625, 2, 4.5, 2.5], "texture": "#0"}
			}
		},
		{
			"from": [14.6, 0, 16],
			"to": [15.9, 1, 17],
			"rotation": {"angle": 0, "axis": "y", "origin": [14, 0, 15]},
			"faces": {
				"north": {"uv": [4.5, 7.5, 5.125, 7.625], "texture": "#0"},
				"east": {"uv": [8.5, 9, 9, 9.125], "texture": "#0"},
				"south": {"uv": [5.5, 7.5, 6.125, 7.625], "texture": "#0"},
				"west": {"uv": [9, 8.5, 9.5, 8.625], "texture": "#0"},
				"up": {"uv": [4.625, 5, 4, 4.5], "texture": "#0"},
				"down": {"uv": [5.125, 4, 4.5, 4.5], "texture": "#0"}
			}
		},
		{
			"from": [5.6, 0.7, 7],
			"to": [6.9, 0.9, 8],
			"rotation": {"angle": 0, "axis": "y", "origin": [5, 0, 6]},
			"faces": {
				"north": {"uv": [6.5, 7.5, 7.125, 7.625], "texture": "#0"},
				"east": {"uv": [9, 9, 9.5, 9.125], "texture": "#0"},
				"south": {"uv": [7.5, 7, 8.125, 7.125], "texture": "#0"},
				"west": {"uv": [0, 9.5, 0.5, 9.625], "texture": "#0"},
				"up": {"uv": [0.625, 5.5, 0, 5], "texture": "#0"},
				"down": {"uv": [1.625, 5, 1, 5.5], "texture": "#0"}
			}
		},
		{
			"from": [6.6, 0.7, 8],
			"to": [7.9, 0.9, 9],
			"rotation": {"angle": 0, "axis": "y", "origin": [6, 0, 7]},
			"faces": {
				"north": {"uv": [7.5, 7.5, 8.125, 7.625], "texture": "#0"},
				"east": {"uv": [9.5, 0, 10, 0.125], "texture": "#0"},
				"south": {"uv": [0, 8, 0.625, 8.125], "texture": "#0"},
				"west": {"uv": [0.5, 9.5, 1, 9.625], "texture": "#0"},
				"up": {"uv": [2.625, 5.5, 2, 5], "texture": "#0"},
				"down": {"uv": [3.625, 5, 3, 5.5], "texture": "#0"}
			}
		},
		{
			"from": [7.6, 0.7, 9],
			"to": [8.9, 0.9, 10],
			"rotation": {"angle": 0, "axis": "y", "origin": [7, 0, 8]},
			"faces": {
				"north": {"uv": [1, 8, 1.625, 8.125], "texture": "#0"},
				"east": {"uv": [9.5, 0.5, 10, 0.625], "texture": "#0"},
				"south": {"uv": [2, 8, 2.625, 8.125], "texture": "#0"},
				"west": {"uv": [1, 9.5, 1.5, 9.625], "texture": "#0"},
				"up": {"uv": [4.625, 5.5, 4, 5], "texture": "#0"},
				"down": {"uv": [5.625, 4.5, 5, 5], "texture": "#0"}
			}
		},
		{
			"from": [8.6, 0.7, 10],
			"to": [9.9, 0.9, 11],
			"rotation": {"angle": 0, "axis": "y", "origin": [8, 0, 9]},
			"faces": {
				"north": {"uv": [3, 8, 3.625, 8.125], "texture": "#0"},
				"east": {"uv": [9.5, 1, 10, 1.125], "texture": "#0"},
				"south": {"uv": [4, 8, 4.625, 8.125], "texture": "#0"},
				"west": {"uv": [1.5, 9.5, 2, 9.625], "texture": "#0"},
				"up": {"uv": [5.625, 5.5, 5, 5], "texture": "#0"},
				"down": {"uv": [0.625, 5.5, 0, 6], "texture": "#0"}
			}
		},
		{
			"from": [9.6, 0.7, 11],
			"to": [10.9, 0.9, 12],
			"rotation": {"angle": 0, "axis": "y", "origin": [9, 0, 10]},
			"faces": {
				"north": {"uv": [5, 8, 5.625, 8.125], "texture": "#0"},
				"east": {"uv": [9.5, 1.5, 10, 1.625], "texture": "#0"},
				"south": {"uv": [6, 8, 6.625, 8.125], "texture": "#0"},
				"west": {"uv": [2, 9.5, 2.5, 9.625], "texture": "#0"},
				"up": {"uv": [1.625, 6, 1, 5.5], "texture": "#0"},
				"down": {"uv": [2.625, 5.5, 2, 6], "texture": "#0"}
			}
		},
		{
			"from": [10.6, 0.7, 12],
			"to": [11.9, 0.9, 13],
			"rotation": {"angle": 0, "axis": "y", "origin": [10, 0, 11]},
			"faces": {
				"north": {"uv": [8, 6.5, 8.625, 6.625], "texture": "#0"},
				"east": {"uv": [9.5, 2, 10, 2.125], "texture": "#0"},
				"south": {"uv": [7, 8, 7.625, 8.125], "texture": "#0"},
				"west": {"uv": [2.5, 9.5, 3, 9.625], "texture": "#0"},
				"up": {"uv": [6.125, 3, 5.5, 2.5], "texture": "#0"},
				"down": {"uv": [3.625, 5.5, 3, 6], "texture": "#0"}
			}
		},
		{
			"from": [11.6, 0.7, 13],
			"to": [12.9, 0.9, 14],
			"rotation": {"angle": 0, "axis": "y", "origin": [11, 0, 12]},
			"faces": {
				"north": {"uv": [8, 8, 8.625, 8.125], "texture": "#0"},
				"east": {"uv": [9.5, 2.5, 10, 2.625], "texture": "#0"},
				"south": {"uv": [0, 8.5, 0.625, 8.625], "texture": "#0"},
				"west": {"uv": [3, 9.5, 3.5, 9.625], "texture": "#0"},
				"up": {"uv": [6.125, 3.5, 5.5, 3], "texture": "#0"},
				"down": {"uv": [6.125, 3.5, 5.5, 4], "texture": "#0"}
			}
		},
		{
			"from": [12.6, 0.7, 14],
			"to": [13.9, 0.9, 15],
			"rotation": {"angle": 0, "axis": "y", "origin": [12, 0, 13]},
			"faces": {
				"north": {"uv": [8.5, 0, 9.125, 0.125], "texture": "#0"},
				"east": {"uv": [9.5, 3, 10, 3.125], "texture": "#0"},
				"south": {"uv": [8.5, 0.5, 9.125, 0.625], "texture": "#0"},
				"west": {"uv": [3.5, 9.5, 4, 9.625], "texture": "#0"},
				"up": {"uv": [4.625, 6, 4, 5.5], "texture": "#0"},
				"down": {"uv": [6.125, 4, 5.5, 4.5], "texture": "#0"}
			}
		},
		{
			"from": [13.6, 0.7, 15],
			"to": [14.9, 0.9, 16],
			"rotation": {"angle": 0, "axis": "y", "origin": [13, 0, 14]},
			"faces": {
				"north": {"uv": [1, 8.5, 1.625, 8.625], "texture": "#0"},
				"east": {"uv": [9.5, 3.5, 10, 3.625], "texture": "#0"},
				"south": {"uv": [8.5, 1, 9.125, 1.125], "texture": "#0"},
				"west": {"uv": [4, 9.5, 4.5, 9.625], "texture": "#0"},
				"up": {"uv": [5.625, 6, 5, 5.5], "texture": "#0"},
				"down": {"uv": [0.625, 6, 0, 6.5], "texture": "#0"}
			}
		},
		{
			"from": [7.6, 0.3, 9],
			"to": [8.9, 0.5, 10],
			"rotation": {"angle": 0, "axis": "y", "origin": [7, -1, 8]},
			"faces": {
				"north": {"uv": [8.5, 1.5, 9.125, 1.625], "texture": "#0"},
				"east": {"uv": [9.5, 4, 10, 4.125], "texture": "#0"},
				"south": {"uv": [2, 8.5, 2.625, 8.625], "texture": "#0"},
				"west": {"uv": [4.5, 9.5, 5, 9.625], "texture": "#0"},
				"up": {"uv": [1.625, 6.5, 1, 6], "texture": "#0"},
				"down": {"uv": [2.625, 6, 2, 6.5], "texture": "#0"}
			}
		},
		{
			"from": [6.6, 0.3, 8],
			"to": [7.9, 0.5, 9],
			"rotation": {"angle": 0, "axis": "y", "origin": [6, -1, 7]},
			"faces": {
				"north": {"uv": [8.5, 2, 9.125, 2.125], "texture": "#0"},
				"east": {"uv": [9.5, 4.5, 10, 4.625], "texture": "#0"},
				"south": {"uv": [3, 8.5, 3.625, 8.625], "texture": "#0"},
				"west": {"uv": [5, 9.5, 5.5, 9.625], "texture": "#0"},
				"up": {"uv": [6.625, 2.5, 6, 2], "texture": "#0"},
				"down": {"uv": [3.625, 6, 3, 6.5], "texture": "#0"}
			}
		},
		{
			"from": [5.6, 0.3, 7],
			"to": [6.9, 0.5, 8],
			"rotation": {"angle": 0, "axis": "y", "origin": [5, -1, 6]},
			"faces": {
				"north": {"uv": [4, 8.5, 4.625, 8.625], "texture": "#0"},
				"east": {"uv": [9.5, 5, 10, 5.125], "texture": "#0"},
				"south": {"uv": [8.5, 4, 9.125, 4.125], "texture": "#0"},
				"west": {"uv": [5.5, 9.5, 6, 9.625], "texture": "#0"},
				"up": {"uv": [4.625, 6.5, 4, 6], "texture": "#0"},
				"down": {"uv": [6.625, 4.5, 6, 5], "texture": "#0"}
			}
		},
		{
			"from": [8.6, 0.3, 10],
			"to": [9.9, 0.5, 11],
			"rotation": {"angle": 0, "axis": "y", "origin": [8, -1, 9]},
			"faces": {
				"north": {"uv": [8.5, 4.5, 9.125, 4.625], "texture": "#0"},
				"east": {"uv": [9.5, 5.5, 10, 5.625], "texture": "#0"},
				"south": {"uv": [5, 8.5, 5.625, 8.625], "texture": "#0"},
				"west": {"uv": [6, 9.5, 6.5, 9.625], "texture": "#0"},
				"up": {"uv": [5.625, 6.5, 5, 6], "texture": "#0"},
				"down": {"uv": [6.625, 5, 6, 5.5], "texture": "#0"}
			}
		},
		{
			"from": [9.6, 0.3, 11],
			"to": [10.9, 0.5, 12],
			"rotation": {"angle": 0, "axis": "y", "origin": [9, -1, 10]},
			"faces": {
				"north": {"uv": [8.5, 5, 9.125, 5.125], "texture": "#0"},
				"east": {"uv": [9.5, 6, 10, 6.125], "texture": "#0"},
				"south": {"uv": [8.5, 5.5, 9.125, 5.625], "texture": "#0"},
				"west": {"uv": [6.5, 9.5, 7, 9.625], "texture": "#0"},
				"up": {"uv": [6.625, 6, 6, 5.5], "texture": "#0"},
				"down": {"uv": [6.625, 6, 6, 6.5], "texture": "#0"}
			}
		},
		{
			"from": [10.6, 0.3, 12],
			"to": [11.9, 0.5, 13],
			"rotation": {"angle": 0, "axis": "y", "origin": [10, -1, 11]},
			"faces": {
				"north": {"uv": [6, 8.5, 6.625, 8.625], "texture": "#0"},
				"east": {"uv": [9.5, 6.5, 10, 6.625], "texture": "#0"},
				"south": {"uv": [8.5, 6, 9.125, 6.125], "texture": "#0"},
				"west": {"uv": [7, 9.5, 7.5, 9.625], "texture": "#0"},
				"up": {"uv": [0.625, 7, 0, 6.5], "texture": "#0"},
				"down": {"uv": [1.625, 6.5, 1, 7], "texture": "#0"}
			}
		},
		{
			"from": [11.6, 0.3, 13],
			"to": [12.9, 0.5, 14],
			"rotation": {"angle": 0, "axis": "y", "origin": [11, -1, 12]},
			"faces": {
				"north": {"uv": [7, 8.5, 7.625, 8.625], "texture": "#0"},
				"east": {"uv": [9.5, 7, 10, 7.125], "texture": "#0"},
				"south": {"uv": [8.5, 7, 9.125, 7.125], "texture": "#0"},
				"west": {"uv": [7.5, 9.5, 8, 9.625], "texture": "#0"},
				"up": {"uv": [2.625, 7, 2, 6.5], "texture": "#0"},
				"down": {"uv": [7.125, 2.5, 6.5, 3], "texture": "#0"}
			}
		},
		{
			"from": [12.6, 0.3, 14],
			"to": [13.9, 0.5, 15],
			"rotation": {"angle": 0, "axis": "y", "origin": [12, -1, 13]},
			"faces": {
				"north": {"uv": [8.5, 7.5, 9.125, 7.625], "texture": "#0"},
				"east": {"uv": [9.5, 7.5, 10, 7.625], "texture": "#0"},
				"south": {"uv": [8, 8.5, 8.625, 8.625], "texture": "#0"},
				"west": {"uv": [8, 9.5, 8.5, 9.625], "texture": "#0"},
				"up": {"uv": [3.625, 7, 3, 6.5], "texture": "#0"},
				"down": {"uv": [7.125, 3, 6.5, 3.5], "texture": "#0"}
			}
		},
		{
			"from": [13.6, 0.3, 15],
			"to": [14.9, 0.5, 16],
			"rotation": {"angle": 0, "axis": "y", "origin": [13, -1, 14]},
			"faces": {
				"north": {"uv": [0, 9, 0.625, 9.125], "texture": "#0"},
				"east": {"uv": [9.5, 8, 10, 8.125], "texture": "#0"},
				"south": {"uv": [1, 9, 1.625, 9.125], "texture": "#0"},
				"west": {"uv": [8.5, 9.5, 9, 9.625], "texture": "#0"},
				"up": {"uv": [7.125, 4, 6.5, 3.5], "texture": "#0"},
				"down": {"uv": [4.625, 6.5, 4, 7], "texture": "#0"}
			}
		},
		{
			"from": [3.2, 0, 6],
			"to": [20.2, 1, 7],
			"rotation": {"angle": -45, "axis": "y", "origin": [5, 0, 5]},
			"faces": {
				"north": {"uv": [0, 0, 8.5, 0.5], "texture": "#0"},
				"east": {"uv": [6.5, 4, 7, 4.5], "texture": "#0"},
				"south": {"uv": [0, 0.5, 8.5, 1], "texture": "#0"},
				"west": {"uv": [5, 6.5, 5.5, 7], "texture": "#0"},
				"up": {"uv": [8.5, 1.5, 0, 1], "texture": "#0"},
				"down": {"uv": [8.5, 1.5, 0, 2], "texture": "#0"}
			}
		},
		{
			"from": [0.8, 0, 4.75],
			"to": [2.8, 1, 5.75],
			"rotation": {"angle": 45, "axis": "y", "origin": [1, 0, 4]},
			"faces": {
				"north": {"uv": [4.5, 2.5, 5.5, 3], "texture": "#0"},
				"east": {"uv": [5.5, 6.5, 6, 7], "texture": "#0"},
				"south": {"uv": [3, 4.5, 4, 5], "texture": "#0"},
				"west": {"uv": [6, 6.5, 6.5, 7], "texture": "#0"},
				"up": {"uv": [5.5, 3.5, 4.5, 3], "texture": "#0"},
				"down": {"uv": [5.5, 3.5, 4.5, 4], "texture": "#0"}
			}
		}
	],
	"display": {
		"thirdperson_righthand": {
			"rotation": [-32.91, 1.59, 87.49],
			"translation": [-11.5, 4.75, 0.75],
			"scale": [1.63, 1.63, 1.63]
		},
		"thirdperson_lefthand": {
			"rotation": [-33.92, 6.17, -86.02],
			"translation": [12, 5, -1],
			"scale": [1.63, 1.63, 1.63]
		},
		"firstperson_righthand": {
			"rotation": [-63, 0, 86],
			"translation": [-8.25, 6, 4.25],
			"scale": [0.82, 0.82, 0.82]
		},
		"firstperson_lefthand": {
			"rotation": [-53.29, 10.26, -79.81],
			"translation": [3.75, 5.5, 2.25],
			"scale": [0.84, 0.84, 0.84]
		},
		"ground": {
			"translation": [1, 4, 0]
		},
		"gui": {
			"rotation": [-93.61, 2.32, 147.48],
			"translation": [-3.75, -1.75, 0],
			"scale": [1.04, 1.04, 1.04]
		},
		"head": {
			"rotation": [32, 180, -62],
			"translation": [-9.5, 14, 15],
			"scale": [2.16, 2.16, 2.16]
		},
		"fixed": {
			"rotation": [-86, 4, 3],
			"translation": [-2, -3.25, -19.5],
			"scale": [2.5, 2.5, 2.5]
		}
	},
	"groups": [
		{
			"name": "group",
			"origin": [1, 0, 3],
			"color": 0,
			"children": [0, 1, 2, 3, 4, 5, 6, 7, 8, 9, 10, 11, 12, 13, 14, 15, 16, 17, 18, 19, 20, 21, 22, 23, 24, 25, 26, 27, 28, 29]
		}
	]
}