{
	"credit": "Made with Blockbench",
	"textures": {
		"1": "item/varafuego"
	},
	"elements": [
		{
			"from": [7.8, 21, 7.8],
			"to": [9, 22.2, 9],
			"rotation": {"angle": 0, "axis": "y", "origin": [7, -8, 7]},
			"faces": {
				"north": {"uv": [8, 8, 9.25, 9.25], "texture": "#1"},
				"east": {"uv": [10, 0, 11.25, 1.25], "texture": "#1"},
				"south": {"uv": [10, 2, 11.25, 3.25], "texture": "#1"},
				"west": {"uv": [4, 10, 5.25, 11.25], "texture": "#1"},
				"up": {"uv": [11.25, 5.25, 10, 4], "texture": "#1"},
				"down": {"uv": [7.25, 10, 6, 11.25], "texture": "#1"}
			}
		},
		{
			"from": [7.9, 8, 7.9],
			"to": [8.9, 21, 8.9],
			"rotation": {"angle": 0, "axis": "y", "origin": [7, -9, 7]},
			"faces": {
				"north": {"uv": [0, 0, 1, 13], "texture": "#1"},
				"east": {"uv": [1, 0, 2, 13], "texture": "#1"},
				"south": {"uv": [2, 0, 3, 13], "texture": "#1"},
				"west": {"uv": [3, 0, 4, 13], "texture": "#1"},
				"up": {"uv": [14, 2, 13, 1], "texture": "#1"},
				"down": {"uv": [3, 13, 2, 14], "texture": "#1"}
			}
		},
		{
			"from": [8, 0, 8],
			"to": [8.8, 8, 8.8],
			"rotation": {"angle": 0, "axis": "y", "origin": [7, -17, 7]},
			"faces": {
				"north": {"uv": [4, 0, 4.75, 8], "texture": "#1"},
				"east": {"uv": [5, 0, 5.75, 8], "texture": "#1"},
				"south": {"uv": [6, 0, 6.75, 8], "texture": "#1"},
				"west": {"uv": [7, 0, 7.75, 8], "texture": "#1"},
				"up": {"uv": [13.75, 2.75, 13, 2], "texture": "#1"},
				"down": {"uv": [3.75, 13, 3, 13.75], "texture": "#1"}
			}
		},
		{
			"from": [7.7, 22, 7.7],
			"to": [9.2, 24.5, 9.2],
			"rotation": {"angle": 0, "axis": "y", "origin": [7, -7, 7]},
			"faces": {
				"north": {"uv": [8, 0, 9.5, 1.5], "texture": "#1"},
				"east": {"uv": [8, 2, 9.5, 3.5], "texture": "#1"},
				"south": {"uv": [4, 8, 5.5, 9.5], "texture": "#1"},
				"west": {"uv": [8, 4, 9.5, 5.5], "texture": "#1"},
				"up": {"uv": [7.5, 9.5, 6, 8], "texture": "#1"},
				"down": {"uv": [9.5, 6, 8, 7.5], "texture": "#1"}
			}
		}
	],
	"display": {
		"thirdperson_righthand": {
			"translation": [0, -5.75, 1.5]
		},
		"thirdperson_lefthand": {
			"translation": [0.5, 0, 1]
		},
		"firstperson_righthand": {
			"translation": [0, -2.5, 0]
		},
		"firstperson_lefthand": {
			"translation": [1.5, -2, 0]
		},
		"ground": {
			"rotation": [-89, 1, 0],
			"translation": [0, -2.75, 5.25]
		},
		"gui": {
			"rotation": [-11, -28, 47],
			"translation": [2.75, -2.75, 0],
			"scale": [0.88, 0.88, 0.88]
		},
		"fixed": {
			"rotation": [-3, -55, 0],
			"translation": [0, -7.5, -2.5],
			"scale": [2.19, 2.19, 2.19]
		}
	},
	"groups": [
		{
			"name": "group",
			"origin": [8.5, 24, 8.5],
			"color": 0,
			"children": [0, 1, 2, 3]
		}
	]
}