{
	"format_version": "1.21.11",
	"credit": "Made with Blockbench",
	"texture_size": [128, 128],
	"textures": {
		"0": "entity/bed/yellow",
		"particle": "entity/bed/yellow"
	},
	"elements": [
		{
			"from": [0.25, 2, 0],
			"to": [14.75, 6, 16],
			"faces": {
				"north": {"uv": [3.75, 6.75, 5.5625, 7.25], "texture": "#0"},
				"east": {"uv": [0, 6, 2, 6.5], "texture": "#0"},
				"south": {"uv": [5.625, 6.75, 7.4375, 7.25], "texture": "#0"},
				"west": {"uv": [5.375, 6.25, 7.375, 6.75], "texture": "#0"},
				"up": {"uv": [5.5625, 2, 3.75, 0], "texture": "#0"},
				"down": {"uv": [5.5625, 2, 3.75, 4], "texture": "#0"}
			}
		},
		{
			"from": [0, 0, 0],
			"to": [15, 2, 16],
			"rotation": {"angle": 0, "axis": "y", "origin": [0, -2, 0]},
			"faces": {
				"north": {"uv": [7.25, 3.375, 9.125, 3.625], "texture": "#0"},
				"east": {"uv": [7.25, 1.875, 9.25, 2.125], "texture": "#0"},
				"south": {"uv": [7.25, 3.625, 9.125, 3.875], "texture": "#0"},
				"west": {"uv": [7.25, 2.125, 9.25, 2.375], "texture": "#0"},
				"up": {"uv": [1.875, 4.125, 0, 2.125], "texture": "#0"},
				"down": {"uv": [3.75, 2.125, 1.875, 4.125], "texture": "#0"}
			}
		},
		{
			"from": [12, -3, -1],
			"to": [15, 0, 2],
			"rotation": {"angle": 0, "axis": "y", "origin": [12, -3, -13]},
			"faces": {
				"north": {"uv": [7.375, 6.125, 7.75, 6.5], "texture": "#0"},
				"east": {"uv": [0, 7.5, 0.375, 7.875], "texture": "#0"},
				"south": {"uv": [7.5, 0, 7.875, 0.375], "texture": "#0"},
				"west": {"uv": [0.375, 7.5, 0.75, 7.875], "texture": "#0"},
				"up": {"uv": [7.875, 0.75, 7.5, 0.375], "texture": "#0"},
				"down": {"uv": [1.125, 7.5, 0.75, 7.875], "texture": "#0"}
			}
		},
		{
			"from": [0, -3, -1],
			"to": [3, 0, 2],
			"rotation": {"angle": 0, "axis": "y", "origin": [0, -3, -13]},
			"faces": {
				"north": {"uv": [7.25, 7.25, 7.625, 7.625], "texture": "#0"},
				"east": {"uv": [4, 7.375, 4.375, 7.75], "texture": "#0"},
				"south": {"uv": [4.375, 7.375, 4.75, 7.75], "texture": "#0"},
				"west": {"uv": [4.75, 7.375, 5.125, 7.75], "texture": "#0"},
				"up": {"uv": [5.5, 7.75, 5.125, 7.375], "texture": "#0"},
				"down": {"uv": [5.875, 7.375, 5.5, 7.75], "texture": "#0"}
			}
		},
		{
			"from": [1, 0, -1],
			"to": [14, 9, 0],
			"rotation": {"angle": 0, "axis": "y", "origin": [0, 0, -15]},
			"faces": {
				"north": {"uv": [5.625, 1.875, 7.25, 3], "texture": "#0"},
				"east": {"uv": [5.875, 7.25, 6, 8.375], "texture": "#0"},
				"south": {"uv": [5.625, 3, 7.25, 4.125], "texture": "#0"},
				"west": {"uv": [6, 7.25, 6.125, 8.375], "texture": "#0"},
				"up": {"uv": [3.625, 6.125, 2, 6], "texture": "#0"},
				"down": {"uv": [3.625, 6.125, 2, 6.25], "texture": "#0"}
			}
		},
		{
			"from": [14, 0, -1],
			"to": [15, 8, 0],
			"rotation": {"angle": 0, "axis": "y", "origin": [1, 0, -15]},
			"faces": {
				"north": {"uv": [7.5, 0.75, 7.625, 1.75], "texture": "#0"},
				"east": {"uv": [1.125, 7.5, 1.25, 8.5], "texture": "#0"},
				"south": {"uv": [1.25, 7.5, 1.375, 8.5], "texture": "#0"},
				"west": {"uv": [1.375, 7.5, 1.5, 8.5], "texture": "#0"},
				"up": {"uv": [3.75, 6.125, 3.625, 6], "texture": "#0"},
				"down": {"uv": [3.75, 6.125, 3.625, 6.25], "texture": "#0"}
			}
		},
		{
			"from": [0, 0, -1],
			"to": [1, 8, 0],
			"rotation": {"angle": 0, "axis": "y", "origin": [-13, 0, -15]},
			"faces": {
				"north": {"uv": [1.5, 7.5, 1.625, 8.5], "texture": "#0"},
				"east": {"uv": [1.625, 7.5, 1.75, 8.5], "texture": "#0"},
				"south": {"uv": [1.75, 7.5, 1.875, 8.5], "texture": "#0"},
				"west": {"uv": [1.875, 7.5, 2, 8.5], "texture": "#0"},
				"up": {"uv": [3.75, 6.375, 3.625, 6.25], "texture": "#0"},
				"down": {"uv": [3.75, 6.375, 3.625, 6.5], "texture": "#0"}
			}
		}
	],
	"display": {
		"thirdperson_righthand": {
			"translation": [0, 1, -2.25],
			"scale": [0.23, 0.23, 0.23]
		},
		"thirdperson_lefthand": {
			"translation": [0, 1, -2.25],
			"scale": [0.23, 0.23, 0.23]
		},
		"firstperson_righthand": {
			"translation": [0.75, 0, 0],
			"scale": [0.58, 0.58, 0.58]
		},
		"firstperson_lefthand": {
			"translation": [0.75, 0, 0],
			"scale": [0.58, 0.58, 0.58]
		},
		"ground": {
			"translation": [0, 3.5, 0],
			"scale": [0.46, 0.46, 0.46]
		},
		"gui": {
			"rotation": [28, 149, 0],
			"translation": [-1.75, -0.25, 0],
			"scale": [0.46, 0.46, 0.46]
		}
	}
}