{
	"format_version": "1.21.11",
	"credit": "Made with Blockbench",
	"textures": {
		"0": "block/stoneatril",
		"1": "block/stoneatriltop",
		"particle": "block/stoneatril"
	},
	"elements": [
		{
			"from": [-0.5, 0, -0.5],
			"to": [16, 2.2, 16],
			"faces": {
				"north": {"uv": [0, 13.8, 16, 16], "texture": "#0"},
				"east": {"uv": [0, 13.8, 16, 16], "texture": "#0"},
				"south": {"uv": [0, 13.8, 16, 16], "texture": "#0"},
				"west": {"uv": [0, 13.8, 16, 16], "texture": "#0"},
				"up": {"uv": [0, 0, 16, 16], "texture": "#0"},
				"down": {"uv": [0, 0, 16, 16], "texture": "#0"}
			}
		},
		{
			"from": [3, 2, 3],
			"to": [13, 11, 13],
			"rotation": {"angle": 0, "axis": "y", "origin": [0, 2, 0]},
			"faces": {
				"north": {"uv": [3, 7, 13, 16], "texture": "#0"},
				"east": {"uv": [3, 7, 13, 16], "texture": "#0"},
				"south": {"uv": [3, 7, 13, 16], "texture": "#0"},
				"west": {"uv": [3, 7, 13, 16], "texture": "#0"},
				"up": {"uv": [3, 3, 13, 13], "texture": "#0"},
				"down": {"uv": [3, 3, 13, 13], "texture": "#0"}
			}
		},
		{
			"from": [3, 11, 3],
			"to": [13, 13, 13],
			"rotation": {"angle": 0, "axis": "y", "origin": [0, 3, 0]},
			"faces": {
				"north": {"uv": [3, 6, 13, 8], "texture": "#0"},
				"east": {"uv": [3, 6, 13, 8], "texture": "#0"},
				"south": {"uv": [3, 6, 13, 8], "texture": "#0"},
				"west": {"uv": [3, 6, 13, 8], "texture": "#0"},
				"up": {"uv": [3, 3, 13, 13], "texture": "#0"},
				"down": {"uv": [3, 3, 13, 13], "texture": "#0"}
			}
		},
		{
			"from": [6, 13, 3],
			"to": [13, 14, 13],
			"rotation": {"angle": 0, "axis": "y", "origin": [0, 4, 0]},
			"faces": {
				"north": {"uv": [3, 6, 10, 7], "texture": "#0"},
				"east": {"uv": [3, 6, 13, 7], "texture": "#0"},
				"south": {"uv": [6, 6, 13, 7], "texture": "#0"},
				"west": {"uv": [3, 6, 13, 7], "texture": "#0"},
				"up": {"uv": [6, 3, 13, 13], "texture": "#0"},
				"down": {"uv": [6, 3, 13, 13], "texture": "#0"}
			}
		},
		{
			"from": [4, 11, -1],
			"to": [19, 15, 17],
			"rotation": {"angle": 22.5, "axis": "z", "origin": [3, 3, 0]},
			"faces": {
				"north": {"uv": [0, 4, 15, 8], "texture": "#0"},
				"east": {"uv": [0, 4, 16, 8], "texture": "#0"},
				"south": {"uv": [1, 4, 16, 8], "texture": "#0"},
				"west": {"uv": [0, 4, 16, 8], "texture": "#0"},
				"up": {"uv": [1, 0, 16, 16], "texture": "#0"},
				"down": {"uv": [1, 0, 16, 16], "texture": "#0"}
			}
		},
		{
			"from": [9, 14, 3],
			"to": [13, 16, 13],
			"rotation": {"angle": 0, "axis": "y", "origin": [0, 5, 0]},
			"faces": {
				"north": {"uv": [3, 5, 7, 7], "texture": "#0"},
				"east": {"uv": [3, 5, 13, 7], "texture": "#0"},
				"south": {"uv": [9, 5, 13, 7], "texture": "#0"},
				"west": {"uv": [3, 5, 13, 7], "texture": "#0"},
				"up": {"uv": [9, 3, 13, 13], "texture": "#0"},
				"down": {"uv": [9, 3, 13, 13], "texture": "#0"}
			}
		},
		{
			"from": [4, 15, -1],
			"to": [19, 16, 17],
			"rotation": {"angle": 22.5, "axis": "z", "origin": [3, 3, 0]},
			"faces": {
				"north": {"uv": [0, 3, 15, 4], "texture": "#1"},
				"east": {"uv": [0, 3, 16, 4], "texture": "#1"},
				"south": {"uv": [1, 3, 16, 4], "texture": "#1"},
				"west": {"uv": [0, 3, 16, 4], "texture": "#1"},
				"up": {"uv": [1, 0, 16, 16], "texture": "#1"},
				"down": {"uv": [1, 0, 16, 16], "texture": "#1"}
			}
		}
	],
	"display": {
		"thirdperson_righthand": {
			"scale": [0.34, 0.34, 0.34]
		},
		"thirdperson_lefthand": {
			"scale": [0.32, 0.32, 0.32]
		},
		"firstperson_righthand": {
			"scale": [0.55, 0.55, 0.55]
		},
		"firstperson_lefthand": {
			"scale": [0.45, 0.45, 0.45]
		},
		"ground": {
			"translation": [0, 3.25, 0],
			"scale": [0.54, 0.54, 0.54]
		},
		"gui": {
			"rotation": [21, 52, 0],
			"scale": [0.51, 0.51, 0.51]
		},
		"fixed": {
			"rotation": [-90, 0, 0],
			"translation": [0, 0, -5.25],
			"scale": [0.69, 0.69, 0.69]
		}
	}
}