{
  "parent": "minecraft:item/libro",
  },
  "overrides": [
    { "predicate": { "custom_model_data": 1003 }, "model": "minecraft:item/grimorio" },
    { "predicate": { "custom_model_data": 1004 }, "model": "minecraft:item/librohabilidades" },

    { "predicate": { "custom_model_data": 1016 }, "model": "minecraft:item/libropasossombrios" },
    { "predicate": { "custom_model_data": 1017 }, "model": "minecraft:item/librolifecycle" },
    { "predicate": { "custom_model_data": 1018 }, "model": "minecraft:item/libroexanimecurse" },
    { "predicate": { "custom_model_data": 1019 }, "model": "minecraft:item/librovendavalbreath" },
    { "predicate": { "custom_model_data": 1020 }, "model": "minecraft:item/librosurvivalpact" },
    { "predicate": { "custom_model_data": 1021 }, "model": "minecraft:item/libroarcanefury" },
    { "predicate": { "custom_model_data": 1022 }, "model": "minecraft:item/librodevourertouch" },
    { "predicate": { "custom_model_data": 1023 }, "model": "minecraft:item/librospectralblade" },
    { "predicate": { "custom_model_data": 1024 }, "model": "minecraft:item/libroorbeigneo" },
    { "predicate": { "custom_model_data": 1025 }, "model": "minecraft:item/librostormwrath" },
    { "predicate": { "custom_model_data": 1026 }, "model": "minecraft:item/libroburningblade" },
    { "predicate": { "custom_model_data": 1027 }, "model": "minecraft:item/librolivingroots" }
  ]
}
