{
	"format_version": "1.21.11",
	"credit": "Made with Blockbench",
	"texture_size": [32, 32],
	"textures": {
		"0": "item/cascobatalla",
		"particle": "item/cascobatalla"
	},
	"elements": [
		{
			"from": [0, 8, 2.1],
			"to": [8, 11.1, 2.3],
			"rotation": {"angle": 0, "axis": "y", "origin": [0, 6, 2]},
			"faces": {
				"north": {"uv": [0, 4.5, 4, 6], "texture": "#0"},
				"east": {"uv": [1, 12, 1.25, 13.5], "texture": "#0"},
				"south": {"uv": [4, 4.5, 8, 6], "texture": "#0"},
				"west": {"uv": [1.5, 12, 1.75, 13.5], "texture": "#0"},
				"up": {"uv": [14, 3.25, 10, 3], "texture": "#0"},
				"down": {"uv": [14, 3.5, 10, 3.75], "texture": "#0"}
			}
		},
		{
			"from": [0, 9, -6.7],
			"to": [8, 11.1, -6.5],
			"rotation": {"angle": 0, "axis": "y", "origin": [0, 5, -7]},
			"faces": {
				"north": {"uv": [8, 4.5, 12, 5.5], "texture": "#0"},
				"east": {"uv": [6, 10, 6.25, 11], "texture": "#0"},
				"south": {"uv": [9, 0, 13, 1], "texture": "#0"},
				"west": {"uv": [12, 4.5, 12.25, 5.5], "texture": "#0"},
				"up": {"uv": [14, 6.25, 10, 6], "texture": "#0"},
				"down": {"uv": [14, 6.5, 10, 6.75], "texture": "#0"}
			}
		},
		{
			"from": [5, 8, -7],
			"to": [8.4, 9, -6.7],
			"rotation": {"angle": 0, "axis": "y", "origin": [0, 4, -7]},
			"faces": {
				"north": {"uv": [4, 10, 5.75, 10.5], "texture": "#0"},
				"east": {"uv": [12.5, 12.5, 12.75, 13], "texture": "#0"},
				"south": {"uv": [10, 7.5, 11.75, 8], "texture": "#0"},
				"west": {"uv": [13, 0, 13.25, 0.5], "texture": "#0"},
				"up": {"uv": [9.75, 11.75, 8, 11.5], "texture": "#0"},
				"down": {"uv": [11.75, 11.5, 10, 11.75], "texture": "#0"}
			}
		},
		{
			"from": [-0.4, 8, -7],
			"to": [3, 9, -6.7],
			"rotation": {"angle": 0, "axis": "y", "origin": [0, 4, -7]},
			"faces": {
				"north": {"uv": [4, 10.5, 5.75, 11], "texture": "#0"},
				"east": {"uv": [13, 0.5, 13.25, 1], "texture": "#0"},
				"south": {"uv": [7.5, 10.5, 9.25, 11], "texture": "#0"},
				"west": {"uv": [13, 4.5, 13.25, 5], "texture": "#0"},
				"up": {"uv": [13.25, 10.25, 11.5, 10], "texture": "#0"},
				"down": {"uv": [13.75, 4, 12, 4.25], "texture": "#0"}
			}
		},
		{
			"from": [3, 6, -7],
			"to": [5, 11.7, -6.7],
			"rotation": {"angle": 0, "axis": "y", "origin": [0, 6, -7]},
			"faces": {
				"north": {"uv": [1, 9, 2, 11.75], "texture": "#0"},
				"east": {"uv": [5, 11.5, 5.25, 14.25], "texture": "#0"},
				"south": {"uv": [9, 1, 10, 3.75], "texture": "#0"},
				"west": {"uv": [5.5, 11.5, 5.75, 14.25], "texture": "#0"},
				"up": {"uv": [13.5, 10.75, 12.5, 10.5], "texture": "#0"},
				"down": {"uv": [13.5, 11, 12.5, 11.25], "texture": "#0"}
			}
		},
		{
			"from": [3, 8, 2.3],
			"to": [5, 11.7, 2.6],
			"rotation": {"angle": 0, "axis": "y", "origin": [0, 6, 2]},
			"faces": {
				"north": {"uv": [9, 6, 10, 7.75], "texture": "#0"},
				"east": {"uv": [6, 11.5, 6.25, 13.25], "texture": "#0"},
				"south": {"uv": [6.5, 9, 7.5, 10.75], "texture": "#0"},
				"west": {"uv": [6.5, 11.5, 6.75, 13.25], "texture": "#0"},
				"up": {"uv": [13, 9.25, 12, 9], "texture": "#0"},
				"down": {"uv": [13, 9.5, 12, 9.75], "texture": "#0"}
			}
		},
		{
			"from": [-0.4, 7, 2.3],
			"to": [8.4, 8, 2.8],
			"rotation": {"angle": 0, "axis": "y", "origin": [0, 3, 2]},
			"faces": {
				"north": {"uv": [8, 5.5, 12.5, 6], "texture": "#0"},
				"east": {"uv": [13, 5, 13.25, 5.5], "texture": "#0"},
				"south": {"uv": [2, 9, 6.5, 9.5], "texture": "#0"},
				"west": {"uv": [13, 5.5, 13.25, 6], "texture": "#0"},
				"up": {"uv": [6.5, 9.75, 2, 9.5], "texture": "#0"},
				"down": {"uv": [12, 9.5, 7.5, 9.75], "texture": "#0"}
			}
		},
		{
			"from": [-0.2, 9, -6.7],
			"to": [0, 11.3, 2.3],
			"rotation": {"angle": 0, "axis": "y", "origin": [0, 6, 2]},
			"faces": {
				"north": {"uv": [11.5, 12, 11.75, 13.25], "texture": "#0"},
				"east": {"uv": [0, 6, 4.5, 7.25], "texture": "#0"},
				"south": {"uv": [12, 11.5, 12.25, 12.75], "texture": "#0"},
				"west": {"uv": [4.5, 6, 9, 7.25], "texture": "#0"},
				"up": {"uv": [2.25, 14.5, 2, 10], "texture": "#0"},
				"down": {"uv": [2.75, 10, 2.5, 14.5], "texture": "#0"}
			}
		},
		{
			"from": [8, 9, -6.7],
			"to": [8.2, 11.3, 2.3],
			"rotation": {"angle": 0, "axis": "y", "origin": [8, 6, 2]},
			"faces": {
				"north": {"uv": [12.5, 4.5, 12.75, 5.75], "texture": "#0"},
				"east": {"uv": [0, 7.5, 4.5, 8.75], "texture": "#0"},
				"south": {"uv": [12.5, 7.5, 12.75, 8.75], "texture": "#0"},
				"west": {"uv": [4.5, 7.5, 9, 8.75], "texture": "#0"},
				"up": {"uv": [3.25, 14.5, 3, 10], "texture": "#0"},
				"down": {"uv": [3.75, 10, 3.5, 14.5], "texture": "#0"}
			}
		},
		{
			"from": [8, 7, -0.7],
			"to": [8.4, 8, 2.3],
			"rotation": {"angle": 0, "axis": "y", "origin": [8, 4, 2]},
			"faces": {
				"north": {"uv": [13, 7.5, 13.25, 8], "texture": "#0"},
				"east": {"uv": [10.5, 9, 12, 9.5], "texture": "#0"},
				"south": {"uv": [13, 8, 13.25, 8.5], "texture": "#0"},
				"west": {"uv": [9.5, 10.5, 11, 11], "texture": "#0"},
				"up": {"uv": [12.25, 9, 12, 7.5], "texture": "#0"},
				"down": {"uv": [8.25, 12, 8, 13.5], "texture": "#0"}
			}
		},
		{
			"from": [8, 8, -0.7],
			"to": [8.2, 9, 2.3],
			"rotation": {"angle": 0, "axis": "y", "origin": [8, 5, 2]},
			"faces": {
				"north": {"uv": [13, 8.5, 13.25, 9], "texture": "#0"},
				"east": {"uv": [4, 11, 5.5, 11.5], "texture": "#0"},
				"south": {"uv": [13, 9, 13.25, 9.5], "texture": "#0"},
				"west": {"uv": [5.5, 11, 7, 11.5], "texture": "#0"},
				"up": {"uv": [8.75, 13.5, 8.5, 12], "texture": "#0"},
				"down": {"uv": [9.25, 12, 9, 13.5], "texture": "#0"}
			}
		},
		{
			"from": [8, 8, -6.7],
			"to": [8.4, 9, -0.7],
			"rotation": {"angle": 0, "axis": "y", "origin": [8, 5, -1]},
			"faces": {
				"north": {"uv": [13, 9.5, 13.25, 10], "texture": "#0"},
				"east": {"uv": [9, 4, 12, 4.5], "texture": "#0"},
				"south": {"uv": [12, 13, 12.25, 13.5], "texture": "#0"},
				"west": {"uv": [7.5, 9, 10.5, 9.5], "texture": "#0"},
				"up": {"uv": [7.25, 14, 7, 11], "texture": "#0"},
				"down": {"uv": [7.75, 11, 7.5, 14], "texture": "#0"}
			}
		},
		{
			"from": [-0.4, 7, -0.7],
			"to": [0, 8, 2.3],
			"rotation": {"angle": 0, "axis": "y", "origin": [0, 4, 2]},
			"faces": {
				"north": {"uv": [12.5, 13, 12.75, 13.5], "texture": "#0"},
				"east": {"uv": [8, 11, 9.5, 11.5], "texture": "#0"},
				"south": {"uv": [13, 12.5, 13.25, 13], "texture": "#0"},
				"west": {"uv": [9.5, 11, 11, 11.5], "texture": "#0"},
				"up": {"uv": [9.75, 13.5, 9.5, 12], "texture": "#0"},
				"down": {"uv": [10.25, 12, 10, 13.5], "texture": "#0"}
			}
		},
		{
			"from": [-0.2, 8, -0.7],
			"to": [0, 9, 2.3],
			"rotation": {"angle": 0, "axis": "y", "origin": [0, 5, 2]},
			"faces": {
				"north": {"uv": [13, 13, 13.25, 13.5], "texture": "#0"},
				"east": {"uv": [11, 10.5, 12.5, 11], "texture": "#0"},
				"south": {"uv": [0, 13.5, 0.25, 14], "texture": "#0"},
				"west": {"uv": [11, 11, 12.5, 11.5], "texture": "#0"},
				"up": {"uv": [10.75, 13.5, 10.5, 12], "texture": "#0"},
				"down": {"uv": [11.25, 12, 11, 13.5], "texture": "#0"}
			}
		},
		{
			"from": [-0.4, 8, -6.7],
			"to": [0, 9, -0.7],
			"rotation": {"angle": 0, "axis": "y", "origin": [0, 5, -1]},
			"faces": {
				"north": {"uv": [13.5, 0, 13.75, 0.5], "texture": "#0"},
				"east": {"uv": [9, 8, 12, 8.5], "texture": "#0"},
				"south": {"uv": [0.5, 13.5, 0.75, 14], "texture": "#0"},
				"west": {"uv": [9, 8.5, 12, 9], "texture": "#0"},
				"up": {"uv": [4.25, 14.5, 4, 11.5], "texture": "#0"},
				"down": {"uv": [4.75, 11.5, 4.5, 14.5], "texture": "#0"}
			}
		},
		{
			"from": [0, 11.1, -6.7],
			"to": [8, 11.3, 2.3],
			"rotation": {"angle": 0, "axis": "x", "origin": [0, 11, -1]},
			"faces": {
				"north": {"uv": [10, 7, 14, 7.25], "texture": "#0"},
				"east": {"uv": [10, 1, 14.5, 1.25], "texture": "#0"},
				"south": {"uv": [7.5, 10, 11.5, 10.25], "texture": "#0"},
				"west": {"uv": [10, 1.5, 14.5, 1.75], "texture": "#0"},
				"up": {"uv": [4, 4.5, 0, 0], "texture": "#0"},
				"down": {"uv": [8, 0, 4, 4.5], "texture": "#0"}
			}
		},
		{
			"from": [3, 11.3, -6.7],
			"to": [5, 11.7, 2.3],
			"rotation": {"angle": 0, "axis": "x", "origin": [0, 11, -1]},
			"faces": {
				"north": {"uv": [12.5, 11.5, 13.5, 11.75], "texture": "#0"},
				"east": {"uv": [10, 2, 14.5, 2.25], "texture": "#0"},
				"south": {"uv": [12.5, 12, 13.5, 12.25], "texture": "#0"},
				"west": {"uv": [10, 2.5, 14.5, 2.75], "texture": "#0"},
				"up": {"uv": [9, 4.5, 8, 0], "texture": "#0"},
				"down": {"uv": [1, 9, 0, 13.5], "texture": "#0"}
			}
		}
	],
	"overrides": [
		{"predicate": {"custom_model_data": 101}, "model": "minecraft:item/cabezajugadororejas1"},
		{"predicate": {"custom_model_data": 102}, "model": "minecraft:item/cabezajugadororejas2"},
		{"predicate": {"custom_model_data": 103}, "model": "minecraft:item/cabezajugadororejas3"},
		{"predicate": {"custom_model_data": 104}, "model": "minecraft:item/cabezajugadororejas4"},
		{"predicate": {"custom_model_data": 105}, "model": "minecraft:item/cabezaelfosteve"},
		{"predicate": {"custom_model_data": 106}, "model": "minecraft:item/cabezahumanosteve"},
		{"predicate": {"custom_model_data": 107}, "model": "minecraft:item/cabezaorco"},
		{"predicate": {"custom_model_data": 108}, "model": "minecraft:item/cabezaenano"},
		{"predicate": {"custom_model_data": 109}, "model": "minecraft:item/cabezaorcofem"},
		{"predicate": {"custom_model_data": 110}, "model": "minecraft:item/femdiente1"},
		{"predicate": {"custom_model_data": 111}, "model": "minecraft:item/femdiente2"},
		{"predicate": {"custom_model_data": 112}, "model": "minecraft:item/femdiente3"},
		{"predicate": {"custom_model_data": 113}, "model": "minecraft:item/femdiente4"},
		{"predicate": {"custom_model_data": 114}, "model": "minecraft:item/femdiente5"},
		{"predicate": {"custom_model_data": 115}, "model": "minecraft:item/femdiente6"},
		{"predicate": {"custom_model_data": 116}, "model": "minecraft:item/mandiente1"},
		{"predicate": {"custom_model_data": 117}, "model": "minecraft:item/mandiente2"},
		{"predicate": {"custom_model_data": 118}, "model": "minecraft:item/mandiente3"},
		{"predicate": {"custom_model_data": 119}, "model": "minecraft:item/mandiente4"},
		{"predicate": {"custom_model_data": 120}, "model": "minecraft:item/mandiente5"},
		{"predicate": {"custom_model_data": 121}, "model": "minecraft:item/mandiente6"}
	],
	"display": {
		"thirdperson_righthand": {
			"rotation": [90, 0, 0],
			"translation": [2, -7.5, 1.25],
			"scale": [0.72, 0.72, 0.72]
		},
		"thirdperson_lefthand": {
			"rotation": [90, 0, 0],
			"translation": [-2.75, -7.5, 1.25],
			"scale": [0.72, 0.72, 0.72]
		},
		"firstperson_righthand": {
			"translation": [13.75, 0, 3.25]
		},
		"firstperson_lefthand": {
			"translation": [4, -2.75, 0]
		},
		"ground": {
			"translation": [3.5, 2.5, 9.75]
		},
		"gui": {
			"rotation": [-144, -36, -180],
			"translation": [-9.25, 4.25, 0]
		},
		"head": {
			"translation": [6.5, 2.25, 16.25],
			"scale": [1.67, 1.67, 1.67]
		},
		"fixed": {
			"rotation": [-90, 0, 0],
			"translation": [6.75, 18.5, -9.5],
			"scale": [1.85, 1.85, 1.85]
		}
	},
	"groups": [
		{
			"name": "casco",
			"origin": [8, 8, 8],
			"color": 0,
			"children": [0, 1, 2, 3, 4, 5, 6, 7, 8, 9, 10, 11, 12, 13, 14, 15, 16]
		}
	]
}