{
	"format_version": "1.21.11",
	"credit": "Made with Blockbench",
	"texture_size": [64, 64],
	"textures": {
		"0": "item/cascoelfico",
		"particle": "item/cascoelfico"
	},
	"elements": [
		{
			"from": [0, 3, 2.1],
			"to": [8, 11.1, 2.3],
			"rotation": {"angle": 0, "axis": "y", "origin": [0, 6, 2]},
			"faces": {
				"north": {"uv": [2, 4.5, 4, 6.53125], "texture": "#0"},
				"east": {"uv": [4.25, 8.25, 4.3125, 10.28125], "texture": "#0"},
				"south": {"uv": [4.5, 2.25, 6.5, 4.28125], "texture": "#0"},
				"west": {"uv": [4.5, 8.25, 4.5625, 10.28125], "texture": "#0"},
				"up": {"uv": [10.25, 4.5625, 8.25, 4.5], "texture": "#0"},
				"down": {"uv": [10.25, 4.75, 8.25, 4.8125], "texture": "#0"}
			}
		},
		{
			"from": [2.5, 8.2, 2.3],
			"to": [5.5, 11.3, 2.7],
			"rotation": {"angle": 0, "axis": "y", "origin": [2, 6, 2]},
			"faces": {
				"north": {"uv": [4.75, 6.5, 5.5, 7.28125], "texture": "#0"},
				"east": {"uv": [1, 8.75, 1.09375, 9.53125], "texture": "#0"},
				"south": {"uv": [0, 6.75, 0.75, 7.53125], "texture": "#0"},
				"west": {"uv": [8.75, 1, 8.84375, 1.78125], "texture": "#0"},
				"up": {"uv": [9.5, 2.09375, 8.75, 2], "texture": "#0"},
				"down": {"uv": [9.5, 2.25, 8.75, 2.34375], "texture": "#0"}
			}
		},
		{
			"from": [0.5, 8.2, 2.3],
			"to": [1.5, 11.3, 2.7],
			"rotation": {"angle": 0, "axis": "y", "origin": [0, 6, 2]},
			"faces": {
				"north": {"uv": [3, 7.25, 3.25, 8.03125], "texture": "#0"},
				"east": {"uv": [1.25, 8.75, 1.34375, 9.53125], "texture": "#0"},
				"south": {"uv": [5.25, 7.5, 5.5, 8.28125], "texture": "#0"},
				"west": {"uv": [1.5, 8.75, 1.59375, 9.53125], "texture": "#0"},
				"up": {"uv": [1.25, 9.84375, 1, 9.75], "texture": "#0"},
				"down": {"uv": [10, 1, 9.75, 1.09375], "texture": "#0"}
			}
		},
		{
			"from": [6.5, 8.2, 2.3],
			"to": [7.5, 11.3, 2.7],
			"rotation": {"angle": 0, "axis": "y", "origin": [6, 6, 2]},
			"faces": {
				"north": {"uv": [0.5, 7.75, 0.75, 8.53125], "texture": "#0"},
				"east": {"uv": [1.75, 8.75, 1.84375, 9.53125], "texture": "#0"},
				"south": {"uv": [7.75, 1, 8, 1.78125], "texture": "#0"},
				"west": {"uv": [2, 8.75, 2.09375, 9.53125], "texture": "#0"},
				"up": {"uv": [1.5, 9.84375, 1.25, 9.75], "texture": "#0"},
				"down": {"uv": [1.75, 9.75, 1.5, 9.84375], "texture": "#0"}
			}
		},
		{
			"from": [0, 8, -6.7],
			"to": [8, 11.1, -6.5],
			"rotation": {"angle": 0, "axis": "y", "origin": [0, 5, -7]},
			"faces": {
				"north": {"uv": [4, 4.5, 6, 5.28125], "texture": "#0"},
				"east": {"uv": [5.75, 9, 5.8125, 9.78125], "texture": "#0"},
				"south": {"uv": [4, 5.5, 6, 6.28125], "texture": "#0"},
				"west": {"uv": [9, 8.25, 9.0625, 9.03125], "texture": "#0"},
				"up": {"uv": [10.25, 5.0625, 8.25, 5], "texture": "#0"},
				"down": {"uv": [10.25, 5.25, 8.25, 5.3125], "texture": "#0"}
			}
		},
		{
			"from": [2, 10.2, -7],
			"to": [6, 11.3, -6.7],
			"rotation": {"angle": 0, "axis": "y", "origin": [0, 5, -7]},
			"faces": {
				"north": {"uv": [7.25, 2.5, 8.25, 2.78125], "texture": "#0"},
				"east": {"uv": [0.5, 10, 0.5625, 10.28125], "texture": "#0"},
				"south": {"uv": [7.25, 3, 8.25, 3.28125], "texture": "#0"},
				"west": {"uv": [2, 10, 2.0625, 10.28125], "texture": "#0"},
				"up": {"uv": [9.75, 6.5625, 8.75, 6.5], "texture": "#0"},
				"down": {"uv": [9.75, 6.75, 8.75, 6.8125], "texture": "#0"}
			}
		},
		{
			"from": [1, 9.1, -7],
			"to": [7, 10.2, -6.7],
			"rotation": {"angle": 0, "axis": "y", "origin": [0, 4, -7]},
			"faces": {
				"north": {"uv": [6.5, 4, 8, 4.28125], "texture": "#0"},
				"east": {"uv": [10, 2.5, 10.0625, 2.78125], "texture": "#0"},
				"south": {"uv": [1.75, 6.75, 3.25, 7.03125], "texture": "#0"},
				"west": {"uv": [10, 3, 10.0625, 3.28125], "texture": "#0"},
				"up": {"uv": [2.5, 8.5625, 1, 8.5], "texture": "#0"},
				"down": {"uv": [10, 2.5, 8.5, 2.5625], "texture": "#0"}
			}
		},
		{
			"from": [1, 8, -7],
			"to": [7, 9.1, -6.7],
			"rotation": {"angle": 0, "axis": "y", "origin": [0, 3, -7]},
			"faces": {
				"north": {"uv": [6.75, 4.5, 8.25, 4.78125], "texture": "#0"},
				"east": {"uv": [3.25, 10, 3.3125, 10.28125], "texture": "#0"},
				"south": {"uv": [6.75, 5, 8.25, 5.28125], "texture": "#0"},
				"west": {"uv": [3.5, 10, 3.5625, 10.28125], "texture": "#0"},
				"up": {"uv": [10, 2.8125, 8.5, 2.75], "texture": "#0"},
				"down": {"uv": [10, 3, 8.5, 3.0625], "texture": "#0"}
			}
		},
		{
			"from": [3, 6.9, -7],
			"to": [5, 8, -6.7],
			"rotation": {"angle": 0, "axis": "y", "origin": [0, 2, -7]},
			"faces": {
				"north": {"uv": [7.75, 3.5, 8.25, 3.78125], "texture": "#0"},
				"east": {"uv": [5.25, 10, 5.3125, 10.28125], "texture": "#0"},
				"south": {"uv": [7.75, 5.5, 8.25, 5.78125], "texture": "#0"},
				"west": {"uv": [5.5, 10, 5.5625, 10.28125], "texture": "#0"},
				"up": {"uv": [10, 1.3125, 9.5, 1.25], "texture": "#0"},
				"down": {"uv": [10, 2, 9.5, 2.0625], "texture": "#0"}
			}
		},
		{
			"from": [-0.5, 6.9, -7],
			"to": [1, 9, -6.7],
			"rotation": {"angle": 0, "axis": "y", "origin": [-3, 2, -7]},
			"faces": {
				"north": {"uv": [7.25, 6.75, 7.625, 7.28125], "texture": "#0"},
				"east": {"uv": [0.25, 9.5, 0.3125, 10.03125], "texture": "#0"},
				"south": {"uv": [3.75, 7.5, 4.125, 8.03125], "texture": "#0"},
				"west": {"uv": [9.5, 0.5, 9.5625, 1.03125], "texture": "#0"},
				"up": {"uv": [2.125, 9.8125, 1.75, 9.75], "texture": "#0"},
				"down": {"uv": [10.125, 2.25, 9.75, 2.3125], "texture": "#0"}
			}
		},
		{
			"from": [-0.5, 2.9, -7],
			"to": [1, 5, -6.7],
			"rotation": {"angle": 0, "axis": "y", "origin": [-3, -2, -7]},
			"faces": {
				"north": {"uv": [4.25, 7.5, 4.625, 8.03125], "texture": "#0"},
				"east": {"uv": [2.25, 9.5, 2.3125, 10.03125], "texture": "#0"},
				"south": {"uv": [4.75, 7.5, 5.125, 8.03125], "texture": "#0"},
				"west": {"uv": [4.75, 9.5, 4.8125, 10.03125], "texture": "#0"},
				"up": {"uv": [10.125, 3.8125, 9.75, 3.75], "texture": "#0"},
				"down": {"uv": [10.125, 4, 9.75, 4.0625], "texture": "#0"}
			}
		},
		{
			"from": [1, 2.9, -7],
			"to": [2, 4, -6.7],
			"rotation": {"angle": 0, "axis": "y", "origin": [-2, -2, -7]},
			"faces": {
				"north": {"uv": [2.25, 8.75, 2.5, 9.03125], "texture": "#0"},
				"east": {"uv": [10, 5.5, 10.0625, 5.78125], "texture": "#0"},
				"south": {"uv": [8.75, 3.25, 9, 3.53125], "texture": "#0"},
				"west": {"uv": [5.75, 10, 5.8125, 10.28125], "texture": "#0"},
				"up": {"uv": [10.25, 2.0625, 10, 2], "texture": "#0"},
				"down": {"uv": [10.25, 3.5, 10, 3.5625], "texture": "#0"}
			}
		},
		{
			"from": [7, 6.9, -7],
			"to": [8.5, 9, -6.7],
			"rotation": {"angle": 0, "axis": "y", "origin": [4, 2, -7]},
			"faces": {
				"north": {"uv": [6.5, 7.5, 6.875, 8.03125], "texture": "#0"},
				"east": {"uv": [5, 9.5, 5.0625, 10.03125], "texture": "#0"},
				"south": {"uv": [7, 7.5, 7.375, 8.03125], "texture": "#0"},
				"west": {"uv": [6.25, 9.5, 6.3125, 10.03125], "texture": "#0"},
				"up": {"uv": [10.125, 6.5625, 9.75, 6.5], "texture": "#0"},
				"down": {"uv": [10.125, 6.75, 9.75, 6.8125], "texture": "#0"}
			}
		},
		{
			"from": [7, 2.9, -7],
			"to": [8.5, 5, -6.7],
			"rotation": {"angle": 0, "axis": "y", "origin": [4, -2, -7]},
			"faces": {
				"north": {"uv": [7.5, 7.5, 7.875, 8.03125], "texture": "#0"},
				"east": {"uv": [6.5, 9.5, 6.5625, 10.03125], "texture": "#0"},
				"south": {"uv": [0, 7.75, 0.375, 8.28125], "texture": "#0"},
				"west": {"uv": [6.75, 9.5, 6.8125, 10.03125], "texture": "#0"},
				"up": {"uv": [10.125, 7.5625, 9.75, 7.5], "texture": "#0"},
				"down": {"uv": [10.125, 7.75, 9.75, 7.8125], "texture": "#0"}
			}
		},
		{
			"from": [6, 2.9, -7],
			"to": [7, 4, -6.7],
			"rotation": {"angle": 0, "axis": "y", "origin": [3, -2, -7]},
			"faces": {
				"north": {"uv": [8.75, 3.75, 9, 4.03125], "texture": "#0"},
				"east": {"uv": [10, 6, 10.0625, 6.28125], "texture": "#0"},
				"south": {"uv": [4.75, 8.75, 5, 9.03125], "texture": "#0"},
				"west": {"uv": [7.5, 10, 7.5625, 10.28125], "texture": "#0"},
				"up": {"uv": [10.25, 4.3125, 10, 4.25], "texture": "#0"},
				"down": {"uv": [8, 10, 7.75, 10.0625], "texture": "#0"}
			}
		},
		{
			"from": [0, 6.5, -6.7],
			"to": [1, 8, -6.5],
			"rotation": {"angle": 0, "axis": "y", "origin": [-5, 3, -7]},
			"faces": {
				"north": {"uv": [3.25, 8.5, 3.5, 8.875], "texture": "#0"},
				"east": {"uv": [8, 9.75, 8.0625, 10.125], "texture": "#0"},
				"south": {"uv": [8.5, 3.25, 8.75, 3.625], "texture": "#0"},
				"west": {"uv": [8.25, 9.75, 8.3125, 10.125], "texture": "#0"},
				"up": {"uv": [10.25, 8.0625, 10, 8], "texture": "#0"},
				"down": {"uv": [10.25, 8.25, 10, 8.3125], "texture": "#0"}
			}
		},
		{
			"from": [7, 6.5, -6.7],
			"to": [8, 8, -6.5],
			"rotation": {"angle": 0, "axis": "y", "origin": [2, 3, -7]},
			"faces": {
				"north": {"uv": [3.5, 8.5, 3.75, 8.875], "texture": "#0"},
				"east": {"uv": [9.75, 8.25, 9.8125, 8.625], "texture": "#0"},
				"south": {"uv": [8.5, 3.75, 8.75, 4.125], "texture": "#0"},
				"west": {"uv": [9, 9.75, 9.0625, 10.125], "texture": "#0"},
				"up": {"uv": [8.75, 10.0625, 8.5, 10], "texture": "#0"},
				"down": {"uv": [10.25, 8.5, 10, 8.5625], "texture": "#0"}
			}
		},
		{
			"from": [0, 3, -6.7],
			"to": [3, 6.5, -6.5],
			"rotation": {"angle": 0, "axis": "y", "origin": [-6, 2, -7]},
			"faces": {
				"north": {"uv": [6.5, 1, 7.25, 1.875], "texture": "#0"},
				"east": {"uv": [3.25, 9, 3.3125, 9.875], "texture": "#0"},
				"south": {"uv": [6.5, 2, 7.25, 2.875], "texture": "#0"},
				"west": {"uv": [3.5, 9, 3.5625, 9.875], "texture": "#0"},
				"up": {"uv": [9.75, 3.8125, 9, 3.75], "texture": "#0"},
				"down": {"uv": [9.75, 4, 9, 4.0625], "texture": "#0"}
			}
		},
		{
			"from": [5, 3, -6.7],
			"to": [8, 6.5, -6.5],
			"rotation": {"angle": 0, "axis": "y", "origin": [-1, 2, -7]},
			"faces": {
				"north": {"uv": [6.5, 3, 7.25, 3.875], "texture": "#0"},
				"east": {"uv": [5.25, 9, 5.3125, 9.875], "texture": "#0"},
				"south": {"uv": [4, 6.5, 4.75, 7.375], "texture": "#0"},
				"west": {"uv": [5.5, 9, 5.5625, 9.875], "texture": "#0"},
				"up": {"uv": [9.75, 7.5625, 9, 7.5], "texture": "#0"},
				"down": {"uv": [9.75, 7.75, 9, 7.8125], "texture": "#0"}
			}
		},
		{
			"from": [-0.2, 3, -6.7],
			"to": [0, 11.3, 2.3],
			"rotation": {"angle": 0, "axis": "y", "origin": [0, 6, 2]},
			"faces": {
				"north": {"uv": [8.25, 2.25, 8.3125, 4.3125], "texture": "#0"},
				"east": {"uv": [0, 0, 2.25, 2.0625], "texture": "#0"},
				"south": {"uv": [3, 8.25, 3.0625, 10.3125], "texture": "#0"},
				"west": {"uv": [0, 2.25, 2.25, 4.3125], "texture": "#0"},
				"up": {"uv": [8.0625, 2.25, 8, 0], "texture": "#0"},
				"down": {"uv": [2.5625, 8, 2.5, 10.25], "texture": "#0"}
			}
		},
		{
			"from": [-0.5, 2.9, -6.7],
			"to": [-0.2, 10, -5.7],
			"rotation": {"angle": 0, "axis": "y", "origin": [0, 6, 2]},
			"faces": {
				"north": {"uv": [7, 8.25, 7.0625, 10.03125], "texture": "#0"},
				"east": {"uv": [5.5, 6.5, 5.75, 8.28125], "texture": "#0"},
				"south": {"uv": [7.25, 8.25, 7.3125, 10.03125], "texture": "#0"},
				"west": {"uv": [5.75, 6.5, 6, 8.28125], "texture": "#0"},
				"up": {"uv": [8.8125, 10.25, 8.75, 10], "texture": "#0"},
				"down": {"uv": [10.0625, 9, 10, 9.25], "texture": "#0"}
			}
		},
		{
			"from": [-0.5, 4.9, -5.7],
			"to": [-0.2, 11, -4.7],
			"rotation": {"angle": 0, "axis": "y", "origin": [0, 6, 3]},
			"faces": {
				"north": {"uv": [0.75, 8.5, 0.8125, 10.03125], "texture": "#0"},
				"east": {"uv": [3.25, 6.75, 3.5, 8.28125], "texture": "#0"},
				"south": {"uv": [8.5, 0.75, 8.5625, 2.28125], "texture": "#0"},
				"west": {"uv": [3.5, 6.75, 3.75, 8.28125], "texture": "#0"},
				"up": {"uv": [10.0625, 9.5, 10, 9.25], "texture": "#0"},
				"down": {"uv": [10.0625, 9.5, 10, 9.75], "texture": "#0"}
			}
		},
		{
			"from": [-0.7, 5.9, -3.7],
			"to": [-0.2, 8, -1.7],
			"rotation": {"angle": 0, "axis": "y", "origin": [0, 7, 5]},
			"faces": {
				"north": {"uv": [5, 8.75, 5.125, 9.28125], "texture": "#0"},
				"east": {"uv": [2.5, 7.25, 3, 7.78125], "texture": "#0"},
				"south": {"uv": [6.25, 8.75, 6.375, 9.28125], "texture": "#0"},
				"west": {"uv": [7.25, 5.5, 7.75, 6.03125], "texture": "#0"},
				"up": {"uv": [8.875, 8, 8.75, 7.5], "texture": "#0"},
				"down": {"uv": [8.125, 8.75, 8, 9.25], "texture": "#0"}
			}
		},
		{
			"from": [-1, 6.9, -1.7],
			"to": [-0.2, 9, -0.7],
			"rotation": {"angle": 0, "axis": "y", "origin": [0, 7, 6]},
			"faces": {
				"north": {"uv": [8.5, 0, 8.6875, 0.53125], "texture": "#0"},
				"east": {"uv": [7.75, 6.5, 8, 7.03125], "texture": "#0"},
				"south": {"uv": [0.25, 8.5, 0.4375, 9.03125], "texture": "#0"},
				"west": {"uv": [6.25, 8, 6.5, 8.53125], "texture": "#0"},
				"up": {"uv": [9.4375, 0.25, 9.25, 0], "texture": "#0"},
				"down": {"uv": [0.4375, 9.25, 0.25, 9.5], "texture": "#0"}
			}
		},
		{
			"from": [-1.4, 7.9, -0.7],
			"to": [-0.4, 10, 0.3],
			"rotation": {"angle": 0, "axis": "y", "origin": [0, 8, 7]},
			"faces": {
				"north": {"uv": [8, 6.5, 8.25, 7.03125], "texture": "#0"},
				"east": {"uv": [8, 7.25, 8.25, 7.78125], "texture": "#0"},
				"south": {"uv": [8, 8, 8.25, 8.53125], "texture": "#0"},
				"west": {"uv": [8.25, 0, 8.5, 0.53125], "texture": "#0"},
				"up": {"uv": [8, 7.5, 7.75, 7.25], "texture": "#0"},
				"down": {"uv": [8.25, 2.25, 8, 2.5], "texture": "#0"}
			}
		},
		{
			"from": [-1.7, 8.9, 0.3],
			"to": [-1.2, 11, 1.3],
			"rotation": {"angle": 0, "axis": "y", "origin": [0, 9, 8]},
			"faces": {
				"north": {"uv": [6.5, 8.75, 6.625, 9.28125], "texture": "#0"},
				"east": {"uv": [8.25, 0.75, 8.5, 1.28125], "texture": "#0"},
				"south": {"uv": [6.75, 8.75, 6.875, 9.28125], "texture": "#0"},
				"west": {"uv": [8.25, 1.5, 8.5, 2.03125], "texture": "#0"},
				"up": {"uv": [9.625, 2.5, 9.5, 2.25], "texture": "#0"},
				"down": {"uv": [8.125, 9.5, 8, 9.75], "texture": "#0"}
			}
		},
		{
			"from": [-0.5, 8.3, -4.7],
			"to": [-0.2, 11.3, -3.7],
			"rotation": {"angle": 0, "axis": "y", "origin": [0, 7, 4]},
			"faces": {
				"north": {"uv": [9.25, 0.25, 9.3125, 1], "texture": "#0"},
				"east": {"uv": [3.75, 6.75, 4, 7.5], "texture": "#0"},
				"south": {"uv": [0.5, 9.25, 0.5625, 10], "texture": "#0"},
				"west": {"uv": [1.75, 7.75, 2, 8.5], "texture": "#0"},
				"up": {"uv": [9.8125, 10.25, 9.75, 10], "texture": "#0"},
				"down": {"uv": [10.0625, 10, 10, 10.25], "texture": "#0"}
			}
		},
		{
			"from": [-0.5, 9.8, -3.7],
			"to": [-0.2, 11.3, -2.7],
			"rotation": {"angle": 0, "axis": "y", "origin": [0, 7, 5]},
			"faces": {
				"north": {"uv": [9.25, 9.75, 9.3125, 10.125], "texture": "#0"},
				"east": {"uv": [5.25, 8.5, 5.5, 8.875], "texture": "#0"},
				"south": {"uv": [9.5, 9.75, 9.5625, 10.125], "texture": "#0"},
				"west": {"uv": [5.5, 8.5, 5.75, 8.875], "texture": "#0"},
				"up": {"uv": [0.0625, 10.5, 0, 10.25], "texture": "#0"},
				"down": {"uv": [10.3125, 0, 10.25, 0.25], "texture": "#0"}
			}
		},
		{
			"from": [-0.5, 10.5, -2.7],
			"to": [-0.2, 11.3, -1.7],
			"rotation": {"angle": 0, "axis": "y", "origin": [0, 7, 6]},
			"faces": {
				"north": {"uv": [10.25, 3, 10.3125, 3.1875], "texture": "#0"},
				"east": {"uv": [9.25, 1, 9.5, 1.1875], "texture": "#0"},
				"south": {"uv": [10.25, 3.25, 10.3125, 3.4375], "texture": "#0"},
				"west": {"uv": [9.25, 1.25, 9.5, 1.4375], "texture": "#0"},
				"up": {"uv": [0.3125, 10.5, 0.25, 10.25], "texture": "#0"},
				"down": {"uv": [10.3125, 0.25, 10.25, 0.5], "texture": "#0"}
			}
		},
		{
			"from": [8, 3, -6.7],
			"to": [8.2, 11.3, 2.3],
			"rotation": {"angle": 0, "axis": "y", "origin": [8, 6, 2]},
			"faces": {
				"north": {"uv": [3.75, 8.25, 3.8125, 10.3125], "texture": "#0"},
				"east": {"uv": [2.25, 0, 4.5, 2.0625], "texture": "#0"},
				"south": {"uv": [4, 8.25, 4.0625, 10.3125], "texture": "#0"},
				"west": {"uv": [2.25, 2.25, 4.5, 4.3125], "texture": "#0"},
				"up": {"uv": [2.8125, 10.25, 2.75, 8], "texture": "#0"},
				"down": {"uv": [6.0625, 8, 6, 10.25], "texture": "#0"}
			}
		},
		{
			"from": [8.2, 3, -6.7],
			"to": [8.5, 10, -5.7],
			"rotation": {"angle": 0, "axis": "y", "origin": [8, 6, 2]},
			"faces": {
				"north": {"uv": [7.5, 8.25, 7.5625, 10], "texture": "#0"},
				"east": {"uv": [0.75, 6.75, 1, 8.5], "texture": "#0"},
				"south": {"uv": [8.25, 7.5, 8.3125, 9.25], "texture": "#0"},
				"west": {"uv": [1, 6.75, 1.25, 8.5], "texture": "#0"},
				"up": {"uv": [10.3125, 0.75, 10.25, 0.5], "texture": "#0"},
				"down": {"uv": [0.8125, 10.25, 0.75, 10.5], "texture": "#0"}
			}
		},
		{
			"from": [8.2, 4, -5.7],
			"to": [8.5, 11, -4.7],
			"rotation": {"angle": 0, "axis": "y", "origin": [8, 7, 3]},
			"faces": {
				"north": {"uv": [7.75, 8.25, 7.8125, 10], "texture": "#0"},
				"east": {"uv": [1.25, 6.75, 1.5, 8.5], "texture": "#0"},
				"south": {"uv": [0, 8.5, 0.0625, 10.25], "texture": "#0"},
				"west": {"uv": [1.5, 6.75, 1.75, 8.5], "texture": "#0"},
				"up": {"uv": [10.3125, 1, 10.25, 0.75], "texture": "#0"},
				"down": {"uv": [1.0625, 10.25, 1, 10.5], "texture": "#0"}
			}
		},
		{
			"from": [8.2, 5.9, -3.7],
			"to": [8.7, 7.9, -1.7],
			"rotation": {"angle": 0, "axis": "y", "origin": [8, 7, 5]},
			"faces": {
				"north": {"uv": [8.75, 8.25, 8.875, 8.75], "texture": "#0"},
				"east": {"uv": [7.25, 3.5, 7.75, 4], "texture": "#0"},
				"south": {"uv": [8.5, 8.75, 8.625, 9.25], "texture": "#0"},
				"west": {"uv": [7.25, 6.25, 7.75, 6.75], "texture": "#0"},
				"up": {"uv": [8.875, 9.25, 8.75, 8.75], "texture": "#0"},
				"down": {"uv": [9.125, 0, 9, 0.5], "texture": "#0"}
			}
		},
		{
			"from": [8.2, 6.9, -1.7],
			"to": [9, 8.9, -0.7],
			"rotation": {"angle": 0, "axis": "y", "origin": [8, 8, 6]},
			"faces": {
				"north": {"uv": [8.5, 5.5, 8.6875, 6], "texture": "#0"},
				"east": {"uv": [6.5, 7, 6.75, 7.5], "texture": "#0"},
				"south": {"uv": [5.75, 8.5, 5.9375, 9], "texture": "#0"},
				"west": {"uv": [8, 4, 8.25, 4.5], "texture": "#0"},
				"up": {"uv": [2.4375, 9.5, 2.25, 9.25], "texture": "#0"},
				"down": {"uv": [4.9375, 9.25, 4.75, 9.5], "texture": "#0"}
			}
		},
		{
			"from": [8.5, 7.9, -0.7],
			"to": [9.3, 9.9, 0.3],
			"rotation": {"angle": 0, "axis": "y", "origin": [8, 9, 7]},
			"faces": {
				"north": {"uv": [8.5, 6.5, 8.6875, 7], "texture": "#0"},
				"east": {"uv": [4.75, 8.25, 5, 8.75], "texture": "#0"},
				"south": {"uv": [8.5, 7.5, 8.6875, 8], "texture": "#0"},
				"west": {"uv": [5, 8.25, 5.25, 8.75], "texture": "#0"},
				"up": {"uv": [8.1875, 9.5, 8, 9.25], "texture": "#0"},
				"down": {"uv": [8.4375, 9.25, 8.25, 9.5], "texture": "#0"}
			}
		},
		{
			"from": [9.1, 8.9, 0.3],
			"to": [9.6, 10.9, 1.3],
			"rotation": {"angle": 0, "axis": "y", "origin": [8, 10, 8]},
			"faces": {
				"north": {"uv": [9, 0.5, 9.125, 1], "texture": "#0"},
				"east": {"uv": [8.25, 5.5, 8.5, 6], "texture": "#0"},
				"south": {"uv": [9, 1, 9.125, 1.5], "texture": "#0"},
				"west": {"uv": [6.5, 8.25, 6.75, 8.75], "texture": "#0"},
				"up": {"uv": [8.375, 9.75, 8.25, 9.5], "texture": "#0"},
				"down": {"uv": [9.625, 8.25, 9.5, 8.5], "texture": "#0"}
			}
		},
		{
			"from": [8.2, 8.3, -4.7],
			"to": [8.5, 11.3, -3.7],
			"rotation": {"angle": 0, "axis": "y", "origin": [8, 7, 4]},
			"faces": {
				"north": {"uv": [9.25, 8.25, 9.3125, 9], "texture": "#0"},
				"east": {"uv": [2, 7.75, 2.25, 8.5], "texture": "#0"},
				"south": {"uv": [8.5, 9.25, 8.5625, 10], "texture": "#0"},
				"west": {"uv": [2.25, 7.75, 2.5, 8.5], "texture": "#0"},
				"up": {"uv": [1.3125, 10.5, 1.25, 10.25], "texture": "#0"},
				"down": {"uv": [1.5625, 10.25, 1.5, 10.5], "texture": "#0"}
			}
		},
		{
			"from": [8.2, 9.3, -3.7],
			"to": [8.5, 11.3, -2.7],
			"rotation": {"angle": 0, "axis": "y", "origin": [8, 7, 5]},
			"faces": {
				"north": {"uv": [9.5, 8.5, 9.5625, 9], "texture": "#0"},
				"east": {"uv": [8.25, 6.5, 8.5, 7], "texture": "#0"},
				"south": {"uv": [8.75, 9.5, 8.8125, 10], "texture": "#0"},
				"west": {"uv": [6.75, 8.25, 7, 8.75], "texture": "#0"},
				"up": {"uv": [1.8125, 10.5, 1.75, 10.25], "texture": "#0"},
				"down": {"uv": [10.3125, 2, 10.25, 2.25], "texture": "#0"}
			}
		},
		{
			"from": [8.2, 10.5, -2.7],
			"to": [8.5, 11.3, -1.7],
			"rotation": {"angle": 0, "axis": "y", "origin": [8, 7, 6]},
			"faces": {
				"north": {"uv": [10.25, 3.5, 10.3125, 3.6875], "texture": "#0"},
				"east": {"uv": [8.75, 9.25, 9, 9.4375], "texture": "#0"},
				"south": {"uv": [10.25, 3.75, 10.3125, 3.9375], "texture": "#0"},
				"west": {"uv": [9, 9.25, 9.25, 9.4375], "texture": "#0"},
				"up": {"uv": [2.3125, 10.5, 2.25, 10.25], "texture": "#0"},
				"down": {"uv": [10.3125, 2.25, 10.25, 2.5], "texture": "#0"}
			}
		},
		{
			"from": [0, 11.1, -6.7],
			"to": [8, 11.3, 2.3],
			"rotation": {"angle": 0, "axis": "x", "origin": [0, 11, -1]},
			"faces": {
				"north": {"uv": [8.25, 7, 10.25, 7.0625], "texture": "#0"},
				"east": {"uv": [7.75, 6, 10, 6.0625], "texture": "#0"},
				"south": {"uv": [8.25, 7.25, 10.25, 7.3125], "texture": "#0"},
				"west": {"uv": [7.75, 6.25, 10, 6.3125], "texture": "#0"},
				"up": {"uv": [2, 6.75, 0, 4.5], "texture": "#0"},
				"down": {"uv": [6.5, 0, 4.5, 2.25], "texture": "#0"}
			}
		},
		{
			"from": [2.5, 11.3, -1.6],
			"to": [5.5, 11.6, 2.7],
			"rotation": {"angle": 0, "axis": "x", "origin": [0, 11, -1]},
			"faces": {
				"north": {"uv": [9.25, 9, 10, 9.0625], "texture": "#0"},
				"east": {"uv": [8.75, 5.5, 9.8125, 5.5625], "texture": "#0"},
				"south": {"uv": [9.25, 9.25, 10, 9.3125], "texture": "#0"},
				"west": {"uv": [8.75, 5.75, 9.8125, 5.8125], "texture": "#0"},
				"up": {"uv": [6.75, 5.5625, 6, 4.5], "texture": "#0"},
				"down": {"uv": [6.75, 5.75, 6, 6.8125], "texture": "#0"}
			}
		},
		{
			"from": [0.5, 11.3, 1.4],
			"to": [1.5, 11.6, 2.7],
			"rotation": {"angle": 0, "axis": "x", "origin": [-2, 11, -1]},
			"faces": {
				"north": {"uv": [2.5, 10.25, 2.75, 10.3125], "texture": "#0"},
				"east": {"uv": [10, 1.25, 10.3125, 1.3125], "texture": "#0"},
				"south": {"uv": [10.25, 2.5, 10.5, 2.5625], "texture": "#0"},
				"west": {"uv": [1.5, 10, 1.8125, 10.0625], "texture": "#0"},
				"up": {"uv": [8.75, 8.5625, 8.5, 8.25], "texture": "#0"},
				"down": {"uv": [9, 0, 8.75, 0.3125], "texture": "#0"}
			}
		},
		{
			"from": [6.5, 11.3, 1.4],
			"to": [7.5, 11.6, 2.7],
			"rotation": {"angle": 0, "axis": "x", "origin": [4, 11, -1]},
			"faces": {
				"north": {"uv": [2.75, 10.25, 3, 10.3125], "texture": "#0"},
				"east": {"uv": [10, 1.5, 10.3125, 1.5625], "texture": "#0"},
				"south": {"uv": [10.25, 2.75, 10.5, 2.8125], "texture": "#0"},
				"west": {"uv": [10, 1.75, 10.3125, 1.8125], "texture": "#0"},
				"up": {"uv": [0.75, 9.0625, 0.5, 8.75], "texture": "#0"},
				"down": {"uv": [9, 0.5, 8.75, 0.8125], "texture": "#0"}
			}
		},
		{
			"from": [2.5, 11.3, -7],
			"to": [5.5, 11.6, -5.4],
			"rotation": {"angle": 0, "axis": "x", "origin": [0, 11, -6]},
			"faces": {
				"north": {"uv": [9.5, 0, 10.25, 0.0625], "texture": "#0"},
				"east": {"uv": [9.75, 0.5, 10.15625, 0.5625], "texture": "#0"},
				"south": {"uv": [9.5, 0.25, 10.25, 0.3125], "texture": "#0"},
				"west": {"uv": [9.75, 0.75, 10.15625, 0.8125], "texture": "#0"},
				"up": {"uv": [2.5, 7.65625, 1.75, 7.25], "texture": "#0"},
				"down": {"uv": [8, 2, 7.25, 2.40625], "texture": "#0"}
			}
		},
		{
			"from": [6.8, 2.8, -1.7],
			"to": [8.2, 3, 2.3],
			"rotation": {"angle": 0, "axis": "y", "origin": [0, 3, -1]},
			"faces": {
				"north": {"uv": [9.75, 8.75, 10.09375, 8.8125], "texture": "#0"},
				"east": {"uv": [9, 1.5, 10, 1.5625], "texture": "#0"},
				"south": {"uv": [9.75, 9.75, 10.09375, 9.8125], "texture": "#0"},
				"west": {"uv": [9, 1.75, 10, 1.8125], "texture": "#0"},
				"up": {"uv": [7.09375, 6.5, 6.75, 5.5], "texture": "#0"},
				"down": {"uv": [7.09375, 6.5, 6.75, 7.5], "texture": "#0"}
			}
		},
		{
			"from": [-0.2, 2.8, -1.7],
			"to": [1.2, 3, 2.3],
			"rotation": {"angle": 0, "axis": "y", "origin": [-7, 3, -1]},
			"faces": {
				"north": {"uv": [1, 10, 1.34375, 10.0625], "texture": "#0"},
				"east": {"uv": [9, 3.25, 10, 3.3125], "texture": "#0"},
				"south": {"uv": [10, 1, 10.34375, 1.0625], "texture": "#0"},
				"west": {"uv": [9, 3.5, 10, 3.5625], "texture": "#0"},
				"up": {"uv": [6.34375, 8, 6, 7], "texture": "#0"},
				"down": {"uv": [7.59375, 1, 7.25, 2], "texture": "#0"}
			}
		},
		{
			"from": [1.2, 2.8, 0.3],
			"to": [6.8, 3, 2.3],
			"rotation": {"angle": 0, "axis": "y", "origin": [-5, 3, -1]},
			"faces": {
				"north": {"uv": [8.5, 4.25, 9.90625, 4.3125], "texture": "#0"},
				"east": {"uv": [9, 9.5, 9.5, 9.5625], "texture": "#0"},
				"south": {"uv": [8.5, 8, 9.90625, 8.0625], "texture": "#0"},
				"west": {"uv": [9.5, 9.5, 10, 9.5625], "texture": "#0"},
				"up": {"uv": [7.90625, 0.5, 6.5, 0], "texture": "#0"},
				"down": {"uv": [7.90625, 0.5, 6.5, 1], "texture": "#0"}
			}
		}
	],
	"overrides": [
		{"predicate": {"custom_model_data": 101}, "model": "minecraft:item/cabezajugadororejas1"},
		{"predicate": {"custom_model_data": 102}, "model": "minecraft:item/cabezajugadororejas2"},
		{"predicate": {"custom_model_data": 103}, "model": "minecraft:item/cabezajugadororejas3"},
		{"predicate": {"custom_model_data": 104}, "model": "minecraft:item/cabezajugadororejas4"},
		{"predicate": {"custom_model_data": 105}, "model": "minecraft:item/cabezaelfosteve"},
		{"predicate": {"custom_model_data": 106}, "model": "minecraft:item/cabezahumanosteve"},
		{"predicate": {"custom_model_data": 107}, "model": "minecraft:item/cabezaorco"},
		{"predicate": {"custom_model_data": 108}, "model": "minecraft:item/cabezaenano"},
		{"predicate": {"custom_model_data": 109}, "model": "minecraft:item/cabezaorcofem"},
		{"predicate": {"custom_model_data": 110}, "model": "minecraft:item/femdiente1"},
		{"predicate": {"custom_model_data": 111}, "model": "minecraft:item/femdiente2"},
		{"predicate": {"custom_model_data": 112}, "model": "minecraft:item/femdiente3"},
		{"predicate": {"custom_model_data": 113}, "model": "minecraft:item/femdiente4"},
		{"predicate": {"custom_model_data": 114}, "model": "minecraft:item/femdiente5"},
		{"predicate": {"custom_model_data": 115}, "model": "minecraft:item/femdiente6"},
		{"predicate": {"custom_model_data": 116}, "model": "minecraft:item/mandiente1"},
		{"predicate": {"custom_model_data": 117}, "model": "minecraft:item/mandiente2"},
		{"predicate": {"custom_model_data": 118}, "model": "minecraft:item/mandiente3"},
		{"predicate": {"custom_model_data": 119}, "model": "minecraft:item/mandiente4"},
		{"predicate": {"custom_model_data": 120}, "model": "minecraft:item/mandiente5"},
		{"predicate": {"custom_model_data": 121}, "model": "minecraft:item/mandiente6"}
	],
	"display": {
		"thirdperson_righthand": {
			"rotation": [90, 0, 0],
			"translation": [2, -7.5, 1.25],
			"scale": [0.72, 0.72, 0.72]
		},
		"thirdperson_lefthand": {
			"rotation": [90, 0, 0],
			"translation": [-2.75, -7.5, 1.25],
			"scale": [0.72, 0.72, 0.72]
		},
		"firstperson_righthand": {
			"translation": [13.75, 0, 3.25]
		},
		"firstperson_lefthand": {
			"translation": [4, -2.75, 0]
		},
		"ground": {
			"translation": [3.5, 2.5, 9.75]
		},
		"gui": {
			"rotation": [-144, -36, -180],
			"translation": [-9.25, 4.25, 0]
		},
		"head": {
			"translation": [6.5, 2.25, 16.25],
			"scale": [1.67, 1.67, 1.67]
		},
		"fixed": {
			"rotation": [-90, 0, 0],
			"translation": [6.75, 18.5, -9.5],
			"scale": [1.85, 1.85, 1.85]
		}
	},
	"groups": [
		{
			"name": "casco",
			"origin": [8, 8, 8],
			"color": 0,
			"children": [
				0,
				1,
				2,
				3,
				4,
				5,
				6,
				7,
				8,
				9,
				10,
				11,
				12,
				13,
				14,
				15,
				16,
				17,
				18,
				19,
				20,
				21,
				22,
				23,
				24,
				25,
				26,
				27,
				28,
				29,
				30,
				31,
				32,
				33,
				34,
				35,
				36,
				37,
				38,
				39,
				40,
				41,
				42,
				43,
				44,
				45,
				46
			]
		}
	]
}