{
	"texture_size": [64, 64],
	"textures": {
		"0": "item/cascocaballero",
		"particle": "item/cascocaballero"
	},
	"elements": [
		{
			"from": [0, 3, 2.1],
			"to": [8, 11.1, 2.3],
			"rotation": {"angle": 0, "axis": "y", "origin": [0, 6, 2]},
			"faces": {
				"north": {"uv": [2, 4.5, 4, 6.5], "texture": "#0"},
				"east": {"uv": [2.75, 6.5, 2.875, 8.5], "texture": "#0"},
				"south": {"uv": [4.5, 2.25, 6.5, 4.25], "texture": "#0"},
				"west": {"uv": [3, 6.5, 3.125, 8.5], "texture": "#0"},
				"up": {"uv": [8.5, 2.875, 6.5, 2.75], "texture": "#0"},
				"down": {"uv": [8.5, 3, 6.5, 3.125], "texture": "#0"}
			}
		},
		{
			"from": [0, 8, -6.7],
			"to": [8, 11.1, -6],
			"rotation": {"angle": 0, "axis": "y", "origin": [0, 5, -7]},
			"faces": {
				"north": {"uv": [4, 4.5, 6, 5.25], "texture": "#0"},
				"east": {"uv": [3.25, 6.5, 3.375, 7.25], "texture": "#0"},
				"south": {"uv": [4, 5.25, 6, 6], "texture": "#0"},
				"west": {"uv": [3.5, 6.5, 3.625, 7.25], "texture": "#0"},
				"up": {"uv": [8.5, 3.375, 6.5, 3.25], "texture": "#0"},
				"down": {"uv": [8.5, 3.5, 6.5, 3.625], "texture": "#0"}
			}
		},
		{
			"from": [5, 3, -6.7],
			"to": [8, 6.1, -6],
			"rotation": {"angle": 0, "axis": "y", "origin": [0, 0, -7]},
			"faces": {
				"north": {"uv": [4, 6, 4.75, 6.75], "texture": "#0"},
				"east": {"uv": [3.75, 6.5, 3.875, 7.25], "texture": "#0"},
				"south": {"uv": [6, 4.25, 6.75, 5], "texture": "#0"},
				"west": {"uv": [6.5, 5.75, 6.625, 6.5], "texture": "#0"},
				"up": {"uv": [5.25, 4.375, 4.5, 4.25], "texture": "#0"},
				"down": {"uv": [6, 4.25, 5.25, 4.375], "texture": "#0"}
			}
		},
		{
			"from": [7.5, 6.1, -6.7],
			"to": [8, 8, -6],
			"rotation": {"angle": 0, "axis": "y", "origin": [0, 2, -7]},
			"faces": {
				"north": {"uv": [6.75, 0.75, 6.875, 1.25], "texture": "#0"},
				"east": {"uv": [1, 6.75, 1.125, 7.25], "texture": "#0"},
				"south": {"uv": [1.25, 6.75, 1.375, 7.25], "texture": "#0"},
				"west": {"uv": [6.75, 1.25, 6.875, 1.75], "texture": "#0"},
				"up": {"uv": [4.125, 6.875, 4, 6.75], "texture": "#0"},
				"down": {"uv": [4.375, 6.75, 4.25, 6.875], "texture": "#0"}
			}
		},
		{
			"from": [0, 6.1, -6.7],
			"to": [0.5, 8, -6],
			"rotation": {"angle": 0, "axis": "y", "origin": [-7, 2, -7]},
			"faces": {
				"north": {"uv": [1.5, 6.75, 1.625, 7.25], "texture": "#0"},
				"east": {"uv": [1.75, 6.75, 1.875, 7.25], "texture": "#0"},
				"south": {"uv": [6.75, 1.75, 6.875, 2.25], "texture": "#0"},
				"west": {"uv": [6.75, 2.25, 6.875, 2.75], "texture": "#0"},
				"up": {"uv": [6.875, 4.375, 6.75, 4.25], "texture": "#0"},
				"down": {"uv": [4.625, 6.75, 4.5, 6.875], "texture": "#0"}
			}
		},
		{
			"from": [0, 3, -6.7],
			"to": [3, 6.1, -6],
			"rotation": {"angle": 0, "axis": "y", "origin": [-5, 0, -7]},
			"faces": {
				"north": {"uv": [4.75, 6, 5.5, 6.75], "texture": "#0"},
				"east": {"uv": [6.5, 6.5, 6.625, 7.25], "texture": "#0"},
				"south": {"uv": [6, 5, 6.75, 5.75], "texture": "#0"},
				"west": {"uv": [0, 6.75, 0.125, 7.5], "texture": "#0"},
				"up": {"uv": [1, 6.875, 0.25, 6.75], "texture": "#0"},
				"down": {"uv": [7.5, 0.5, 6.75, 0.625], "texture": "#0"}
			}
		},
		{
			"from": [-0.3, 3, -6.7],
			"to": [0, 11.3, 2.3],
			"rotation": {"angle": 0, "axis": "y", "origin": [0, 6, 2]},
			"faces": {
				"north": {"uv": [6.5, 0.5, 6.625, 2.625], "texture": "#0"},
				"east": {"uv": [0, 0, 2.25, 2.125], "texture": "#0"},
				"south": {"uv": [2, 6.5, 2.125, 8.625], "texture": "#0"},
				"west": {"uv": [0, 2.25, 2.25, 4.375], "texture": "#0"},
				"up": {"uv": [5.625, 8.25, 5.5, 6], "texture": "#0"},
				"down": {"uv": [5.875, 6, 5.75, 8.25], "texture": "#0"}
			}
		},
		{
			"from": [8, 3, -6.7],
			"to": [8.3, 11.3, 2.3],
			"rotation": {"angle": 0, "axis": "y", "origin": [8, 6, 2]},
			"faces": {
				"north": {"uv": [2.25, 6.5, 2.375, 8.625], "texture": "#0"},
				"east": {"uv": [2.25, 0, 4.5, 2.125], "texture": "#0"},
				"south": {"uv": [2.5, 6.5, 2.625, 8.625], "texture": "#0"},
				"west": {"uv": [2.25, 2.25, 4.5, 4.375], "texture": "#0"},
				"up": {"uv": [6.125, 8, 6, 5.75], "texture": "#0"},
				"down": {"uv": [6.375, 5.75, 6.25, 8], "texture": "#0"}
			}
		},
		{
			"from": [0, 11.1, -6.7],
			"to": [8, 11.3, 2.3],
			"rotation": {"angle": 0, "axis": "x", "origin": [0, 11, -1]},
			"faces": {
				"north": {"uv": [6.5, 3.75, 8.5, 3.875], "texture": "#0"},
				"east": {"uv": [6.5, 0, 8.75, 0.125], "texture": "#0"},
				"south": {"uv": [6.5, 4, 8.5, 4.125], "texture": "#0"},
				"west": {"uv": [6.5, 0.25, 8.75, 0.375], "texture": "#0"},
				"up": {"uv": [2, 6.75, 0, 4.5], "texture": "#0"},
				"down": {"uv": [6.5, 0, 4.5, 2.25], "texture": "#0"}
			}
		}
	],
	"overrides": [
		{"predicate": {"custom_model_data": 101}, "model": "minecraft:item/cabezajugadororejas1"},
		{"predicate": {"custom_model_data": 102}, "model": "minecraft:item/cabezajugadororejas2"},
		{"predicate": {"custom_model_data": 103}, "model": "minecraft:item/cabezajugadororejas3"},
		{"predicate": {"custom_model_data": 104}, "model": "minecraft:item/cabezajugadororejas4"},
		{"predicate": {"custom_model_data": 105}, "model": "minecraft:item/cabezaelfosteve"},
		{"predicate": {"custom_model_data": 106}, "model": "minecraft:item/cabezahumanosteve"},
		{"predicate": {"custom_model_data": 107}, "model": "minecraft:item/cabezaorco"},
		{"predicate": {"custom_model_data": 108}, "model": "minecraft:item/cabezaenano"},
		{"predicate": {"custom_model_data": 109}, "model": "minecraft:item/cabezaorcofem"},
		{"predicate": {"custom_model_data": 110}, "model": "minecraft:item/femdiente1"},
		{"predicate": {"custom_model_data": 111}, "model": "minecraft:item/femdiente2"},
		{"predicate": {"custom_model_data": 112}, "model": "minecraft:item/femdiente3"},
		{"predicate": {"custom_model_data": 113}, "model": "minecraft:item/femdiente4"},
		{"predicate": {"custom_model_data": 114}, "model": "minecraft:item/femdiente5"},
		{"predicate": {"custom_model_data": 115}, "model": "minecraft:item/femdiente6"},
		{"predicate": {"custom_model_data": 116}, "model": "minecraft:item/mandiente1"},
		{"predicate": {"custom_model_data": 117}, "model": "minecraft:item/mandiente2"},
		{"predicate": {"custom_model_data": 118}, "model": "minecraft:item/mandiente3"},
		{"predicate": {"custom_model_data": 119}, "model": "minecraft:item/mandiente4"},
		{"predicate": {"custom_model_data": 120}, "model": "minecraft:item/mandiente5"},
		{"predicate": {"custom_model_data": 121}, "model": "minecraft:item/mandiente6"}
	],
	"display": {
		"thirdperson_righthand": {
			"rotation": [90, 0, 0],
			"translation": [2, -7.5, 1.25],
			"scale": [0.72, 0.72, 0.72]
		},
		"thirdperson_lefthand": {
			"translation": [-2, 0, 5.5],
			"scale": [0.57, 0.57, 0.57]
		},
		"firstperson_righthand": {
			"translation": [13.75, 0, 3.25]
		},
		"firstperson_lefthand": {
			"translation": [4, -2.75, 0]
		},
		"ground": {
			"translation": [3.5, 2.5, 9.75]
		},
		"gui": {
			"rotation": [-150, -38.5, -180],
			"translation": [-9.25, 3.5, 0]
		},
		"head": {
			"translation": [6.5, 2.25, 16.25],
			"scale": [1.67, 1.67, 1.67]
		},
		"fixed": {
			"rotation": [-90, 0, 0],
			"translation": [6.75, 16.75, -8.5],
			"scale": [1.72, 1.72, 1.72]
		}
	},
	"groups": [
		{
			"name": "capucha",
			"origin": [8, 8, 8],
			"color": 0,
			"children": [0, 1, 2, 3, 4, 5, 6, 7, 8]
		}
	]
}