{
	"format_version": "1.21.11",
	"credit": "Made with Blockbench",
	"parent": "item/generated",
	"ambientocclusion": false,
	"texture_size": [64, 64],
	"textures": {
		"0": "item/cascocaballero",
		"particle": "item/cascocaballero"
	},
	"elements": [
		{
			"from": [-4, 4, -3],
			"to": [4, 12, -2.6],
			"rotation": {"x": 0, "y": 90, "z": 90, "origin": [1, 11, -3]},
			"faces": {
				"north": {"uv": [0, 4.5, 2, 6.5], "texture": "#0"},
				"east": {"uv": [1.5, 6.5, 1.625, 8.5], "texture": "#0"},
				"south": {"uv": [2, 4.5, 4, 6.5], "texture": "#0"},
				"west": {"uv": [1.75, 6.5, 1.875, 8.5], "texture": "#0"},
				"up": {"uv": [8.25, 3.625, 6.25, 3.5], "texture": "#0"},
				"down": {"uv": [8.25, 3.75, 6.25, 3.875], "texture": "#0"}
			}
		},
		{
			"from": [-4, 0.6, 2],
			"to": [4.4, 9.4, 2.4],
			"rotation": {"x": 0, "y": 0, "z": 90, "origin": [1, 8, 2]},
			"faces": {
				"north": {"uv": [0, 0, 2.125, 2.25], "texture": "#0"},
				"east": {"uv": [6.25, 0.75, 6.375, 3], "texture": "#0"},
				"south": {"uv": [0, 2.25, 2.125, 4.5], "texture": "#0"},
				"west": {"uv": [0, 6.5, 0.125, 8.75], "texture": "#0"},
				"up": {"uv": [8.375, 3.125, 6.25, 3], "texture": "#0"},
				"down": {"uv": [8.375, 3.25, 6.25, 3.375], "texture": "#0"}
			}
		},
		{
			"from": [1, 0.6, -6.7],
			"to": [4.4, 9.4, -6],
			"rotation": {"x": 0, "y": 0, "z": 90, "origin": [1, 8, -6]},
			"faces": {
				"north": {"uv": [4, 4.5, 4.875, 6.75], "texture": "#0"},
				"east": {"uv": [0.25, 6.5, 0.375, 8.75], "texture": "#0"},
				"south": {"uv": [5, 4.5, 5.875, 6.75], "texture": "#0"},
				"west": {"uv": [0.5, 6.5, 0.625, 8.75], "texture": "#0"},
				"up": {"uv": [7.625, 1.125, 6.75, 1], "texture": "#0"},
				"down": {"uv": [7.625, 1.25, 6.75, 1.375], "texture": "#0"}
			}
		},
		{
			"from": [2, 0.6, -6.7],
			"to": [5.4, 3.4, -6],
			"rotation": {"x": 0, "y": 0, "z": 90, "origin": [1, 2, -6]},
			"faces": {
				"north": {"uv": [6, 4.5, 6.875, 5.25], "texture": "#0"},
				"east": {"uv": [6.75, 2.25, 6.875, 3], "texture": "#0"},
				"south": {"uv": [6, 5.25, 6.875, 6], "texture": "#0"},
				"west": {"uv": [3, 6.75, 3.125, 7.5], "texture": "#0"},
				"up": {"uv": [7.625, 1.625, 6.75, 1.5], "texture": "#0"},
				"down": {"uv": [7.625, 1.75, 6.75, 1.875], "texture": "#0"}
			}
		},
		{
			"from": [8, 0.6, -6.7],
			"to": [11.4, 3.4, -6],
			"rotation": {"x": 0, "y": 0, "z": 90, "origin": [7, 2, -6]},
			"faces": {
				"north": {"uv": [6, 6, 6.875, 6.75], "texture": "#0"},
				"east": {"uv": [3.25, 6.75, 3.375, 7.5], "texture": "#0"},
				"south": {"uv": [6.25, 0, 7.125, 0.75], "texture": "#0"},
				"west": {"uv": [3.5, 6.75, 3.625, 7.5], "texture": "#0"},
				"up": {"uv": [2.875, 6.875, 2, 6.75], "texture": "#0"},
				"down": {"uv": [7.625, 2, 6.75, 2.125], "texture": "#0"}
			}
		},
		{
			"from": [6.4, 1.6, -6.7],
			"to": [8, 2.4, -6],
			"rotation": {"x": 0, "y": 0, "z": 90, "origin": [1, 1, -6]},
			"faces": {
				"north": {"uv": [3.75, 6.75, 4.125, 7], "texture": "#0"},
				"east": {"uv": [7, 2.25, 7.125, 2.5], "texture": "#0"},
				"south": {"uv": [4.25, 6.75, 4.625, 7], "texture": "#0"},
				"west": {"uv": [2.5, 7, 2.625, 7.25], "texture": "#0"},
				"up": {"uv": [6.125, 6.875, 5.75, 6.75], "texture": "#0"},
				"down": {"uv": [6.625, 6.75, 6.25, 6.875], "texture": "#0"}
			}
		},
		{
			"from": [14.4, 1.6, -6.7],
			"to": [16, 2.4, -6],
			"rotation": {"x": 0, "y": 0, "z": 90, "origin": [9, 1, -6]},
			"faces": {
				"north": {"uv": [4.75, 6.75, 5.125, 7], "texture": "#0"},
				"east": {"uv": [7, 2.5, 7.125, 2.75], "texture": "#0"},
				"south": {"uv": [5.25, 6.75, 5.625, 7], "texture": "#0"},
				"west": {"uv": [2.75, 7, 2.875, 7.25], "texture": "#0"},
				"up": {"uv": [7.125, 6.875, 6.75, 6.75], "texture": "#0"},
				"down": {"uv": [2.375, 7, 2, 7.125], "texture": "#0"}
			}
		},
		{
			"from": [-5, 3, -3.4],
			"to": [3, 11.4, -3],
			"rotation": {"x": 0, "y": 90, "z": 0, "origin": [0, 10, -3]},
			"faces": {
				"north": {"uv": [2.25, 0, 4.25, 2.125], "texture": "#0"},
				"east": {"uv": [0.75, 6.5, 0.875, 8.625], "texture": "#0"},
				"south": {"uv": [2.25, 2.25, 4.25, 4.375], "texture": "#0"},
				"west": {"uv": [6.5, 0.75, 6.625, 2.875], "texture": "#0"},
				"up": {"uv": [8.25, 4.125, 6.25, 4], "texture": "#0"},
				"down": {"uv": [8.25, 4.25, 6.25, 4.375], "texture": "#0"}
			}
		},
		{
			"from": [3, 3, -3],
			"to": [11, 11.4, -2.6],
			"rotation": {"x": 0, "y": 90, "z": 0, "origin": [8, 10, -3]},
			"faces": {
				"north": {"uv": [4.25, 0, 6.25, 2.125], "texture": "#0"},
				"east": {"uv": [1, 6.5, 1.125, 8.625], "texture": "#0"},
				"south": {"uv": [4.25, 2.25, 6.25, 4.375], "texture": "#0"},
				"west": {"uv": [1.25, 6.5, 1.375, 8.625], "texture": "#0"},
				"up": {"uv": [4, 6.625, 2, 6.5], "texture": "#0"},
				"down": {"uv": [8.75, 0.75, 6.75, 0.875], "texture": "#0"}
			}
		}
	],
	"overrides": [
		{"predicate": {"custom_model_data": 101}, "model": "minecraft:item/cabezajugadororejas1"},
		{"predicate": {"custom_model_data": 102}, "model": "minecraft:item/cabezajugadororejas2"},
		{"predicate": {"custom_model_data": 103}, "model": "minecraft:item/cabezajugadororejas3"},
		{"predicate": {"custom_model_data": 104}, "model": "minecraft:item/cabezajugadororejas4"},
		{"predicate": {"custom_model_data": 105}, "model": "minecraft:item/cabezaelfosteve"},
		{"predicate": {"custom_model_data": 106}, "model": "minecraft:item/cabezahumanosteve"},
		{"predicate": {"custom_model_data": 107}, "model": "minecraft:item/cabezaorco"},
		{"predicate": {"custom_model_data": 108}, "model": "minecraft:item/cabezaenano"},
		{"predicate": {"custom_model_data": 109}, "model": "minecraft:item/cabezaorcofem"},
		{"predicate": {"custom_model_data": 110}, "model": "minecraft:item/femdiente1"},
		{"predicate": {"custom_model_data": 111}, "model": "minecraft:item/femdiente2"},
		{"predicate": {"custom_model_data": 112}, "model": "minecraft:item/femdiente3"},
		{"predicate": {"custom_model_data": 113}, "model": "minecraft:item/femdiente4"},
		{"predicate": {"custom_model_data": 114}, "model": "minecraft:item/femdiente5"},
		{"predicate": {"custom_model_data": 115}, "model": "minecraft:item/femdiente6"},
		{"predicate": {"custom_model_data": 116}, "model": "minecraft:item/mandiente1"},
		{"predicate": {"custom_model_data": 117}, "model": "minecraft:item/mandiente2"},
		{"predicate": {"custom_model_data": 118}, "model": "minecraft:item/mandiente3"},
		{"predicate": {"custom_model_data": 119}, "model": "minecraft:item/mandiente4"},
		{"predicate": {"custom_model_data": 120}, "model": "minecraft:item/mandiente5"},
		{"predicate": {"custom_model_data": 121}, "model": "minecraft:item/mandiente6"}
	],
	"display": {
		"thirdperson_righthand": {
			"rotation": [65, 0, 0],
			"translation": [2, -7.5, 1.25],
			"scale": [0.72, 0.72, 0.72]
		},
		"thirdperson_lefthand": {
			"rotation": [65, 0, 0],
			"translation": [-2.75, -7.5, 1.25],
			"scale": [0.72, 0.72, 0.72]
		},
		"firstperson_righthand": {
			"rotation": [1, 73, 0],
			"translation": [18, 3.5, -2]
		},
		"firstperson_lefthand": {
			"rotation": [1, 86, 0],
			"translation": [20, 0.5, -2]
		},
		"ground": {
			"translation": [3.5, 2.5, 9.75]
		},
		"gui": {
			"rotation": [-145.5, -37.5, 180],
			"translation": [-9.25, 3.5, 0]
		},
		"head": {
			"translation": [6.5, 2.25, 16.25],
			"scale": [1.67, 1.67, 1.67]
		},
		"fixed": {
			"rotation": [-90, 0, 0],
			"translation": [7.75, 18, -9.25],
			"scale": [1.87, 1.87, 1.87]
		}
	},
	"groups": [
		{
			"name": "armorHead",
			"origin": [8, 24, 8],
			"color": 0,
			"children": [0, 1, 2, 3, 4, 5, 6, 7, 8]
		}
	]
}