{
	"format_version": "1.21.11",
	"credit": "Made with Blockbench",
	"textures": {
		"0": "item/dienteorco"
	},
	"elements": [
		{
			"name": "armorHead",
			"from": [6, 26, 2.6],
			"to": [7, 27, 3.6],
			"rotation": {"angle": 0, "axis": "y", "origin": [8, 0, 8]},
			"faces": {
				"north": {"uv": [1, 1, 2, 2], "texture": "#0"},
				"east": {"uv": [0, 1, 1, 2], "texture": "#0"},
				"south": {"uv": [3, 1, 4, 2], "texture": "#0"},
				"west": {"uv": [2, 1, 3, 2], "texture": "#0"},
				"up": {"uv": [2, 1, 1, 0], "texture": "#0"},
				"down": {"uv": [3, 0, 2, 1], "texture": "#0"}
			}
		},
		{
			"name": "armorHead",
			"from": [6, 25, 2.6],
			"to": [8, 26, 3.6],
			"rotation": {"angle": 0, "axis": "y", "origin": [8, -1, 8]},
			"faces": {
				"north": {"uv": [0, 1, 2, 2], "texture": "#0"},
				"east": {"uv": [-1, 1, 0, 2], "texture": "#0"},
				"south": {"uv": [3, 1, 5, 2], "texture": "#0"},
				"west": {"uv": [2, 1, 3, 2], "texture": "#0"},
				"up": {"uv": [2, 1, 0, 0], "texture": "#0"},
				"down": {"uv": [4, 0, 2, 1], "texture": "#0"}
			}
		},
		{
			"name": "armorHead",
			"from": [9, 25, 2.6],
			"to": [10, 27, 3.6],
			"rotation": {"angle": 0, "axis": "y", "origin": [8, 0, 8]},
			"faces": {
				"north": {"uv": [1, 4, 2, 6], "texture": "#0"},
				"east": {"uv": [0, 4, 1, 6], "texture": "#0"},
				"south": {"uv": [3, 4, 4, 6], "texture": "#0"},
				"west": {"uv": [2, 4, 3, 6], "texture": "#0"},
				"up": {"uv": [2, 4, 1, 3], "texture": "#0"},
				"down": {"uv": [3, 3, 2, 4], "texture": "#0"}
			}
		},
		{
			"name": "armorHead",
			"from": [9, 25, 3.6],
			"to": [10, 26, 4],
			"rotation": {"angle": 0, "axis": "y", "origin": [8, 0, 8]},
			"faces": {
				"north": {"uv": [4, 0, 5, 1], "texture": "#0"},
				"east": {"uv": [4, 0, 4, 1], "texture": "#0"},
				"south": {"uv": [5, 0, 6, 1], "texture": "#0"},
				"west": {"uv": [5, 0, 5, 1], "texture": "#0"},
				"up": {"uv": [5, 0, 4, 0], "texture": "#0"},
				"down": {"uv": [6, 0, 5, 0], "texture": "#0"}
			}
		},
		{
			"name": "armorHead",
			"from": [6, 25, 3.6],
			"to": [8, 26, 4],
			"rotation": {"angle": 0, "axis": "y", "origin": [8, 0, 8]},
			"faces": {
				"north": {"uv": [3, 1, 5, 2], "texture": "#0"},
				"east": {"uv": [3, 1, 3, 2], "texture": "#0"},
				"south": {"uv": [5, 1, 7, 2], "texture": "#0"},
				"west": {"uv": [5, 1, 5, 2], "texture": "#0"},
				"up": {"uv": [5, 1, 3, 1], "texture": "#0"},
				"down": {"uv": [7, 1, 5, 1], "texture": "#0"}
			}
		}
	],
	"display": {
		"thirdperson_righthand": {
			"translation": [0, -17, 5.25]
		},
		"thirdperson_lefthand": {
			"translation": [0, -17.5, 5.5]
		},
		"firstperson_righthand": {
			"translation": [0, -80, 0]
		},
		"firstperson_lefthand": {
			"translation": [0, -80, 0]
		},
		"head": {
			"translation": [0, -33.25, 0],
			"scale": [1.6, 1.6, 1.6]
		}
	},
	"groups": [
		{
			"name": "head",
			"origin": [8, 24, 8],
			"color": 1,
			"children": [0, 1, 2, 3, 4]
		}
	]
}