{
	"format_version": "1.21.11",
	"credit": "Made with Blockbench",
	"textures": {
		"0": "item/expositor",
		"particle": "item/expositor"
	},
	"elements": [
		{
			"from": [-1, 1, 2],
			"to": [0, 3, 3],
			"faces": {
				"north": {"uv": [10, 12, 11, 14], "texture": "#0"},
				"east": {"uv": [11, 12, 12, 14], "texture": "#0"},
				"south": {"uv": [12, 12, 13, 14], "texture": "#0"},
				"west": {"uv": [0, 13, 1, 15], "texture": "#0"},
				"up": {"uv": [4, 14, 3, 13], "texture": "#0"},
				"down": {"uv": [5, 13, 4, 14], "texture": "#0"}
			}
		},
		{
			"from": [-12, 0, 0],
			"to": [1, 1, 5],
			"faces": {
				"north": {"uv": [0, 10, 13, 11], "texture": "#0"},
				"east": {"uv": [0, 12, 5, 13], "texture": "#0"},
				"south": {"uv": [0, 11, 13, 12], "texture": "#0"},
				"west": {"uv": [5, 12, 10, 13], "texture": "#0"},
				"up": {"uv": [13, 5, 0, 0], "texture": "#0"},
				"down": {"uv": [13, 5, 0, 10], "texture": "#0"}
			}
		},
		{
			"from": [-11, 1, 2],
			"to": [-10, 3, 3],
			"faces": {
				"north": {"uv": [13, 0, 14, 2], "texture": "#0"},
				"east": {"uv": [1, 13, 2, 15], "texture": "#0"},
				"south": {"uv": [2, 13, 3, 15], "texture": "#0"},
				"west": {"uv": [13, 2, 14, 4], "texture": "#0"},
				"up": {"uv": [14, 5, 13, 4], "texture": "#0"},
				"down": {"uv": [6, 13, 5, 14], "texture": "#0"}
			}
		}
	],
	"display": {
		"thirdperson_righthand": {
			"rotation": [0, -90, 0],
			"translation": [-5.75, 7.5, 9.25]
		},
		"thirdperson_lefthand": {
			"rotation": [0, -95, 0],
			"translation": [-4.25, 8, -17.25]
		},
		"firstperson_righthand": {
			"rotation": [0, -89, 0],
			"translation": [-1, 4.5, 5.25]
		},
		"firstperson_lefthand": {
			"rotation": [0, -99, 0],
			"translation": [-2.25, 7.75, -17.5]
		},
		"gui": {
			"rotation": [7, 36, 12],
			"translation": [12.75, 8.5, 0]
		},
		"fixed": {
			"rotation": [0, 0, 32.75],
			"translation": [10.25, 23.75, 5],
			"scale": [1.63, 1.63, 1.63]
		}
	},
	"groups": [
		{
			"name": "group",
			"origin": [0, 0, 0],
			"color": 0,
			"children": [0, 1, 2]
		}
	]
}