{
	"format_version": "1.21.11",
	"credit": "Made with Blockbench",
	"texture_size": [32, 32],
	"textures": {
		"0": "item/hojafantasma",
		"particle": "item/hojafantasma"
	},
	"elements": [
		{
			"from": [-2, -0.3, 1],
			"to": [1, 1.3, 4],
			"rotation": {"angle": 0, "axis": "y", "origin": [-0.5, 0.5, 2.5]},
			"faces": {
				"north": {"uv": [0, 3, 1.5, 4], "texture": "#0"},
				"east": {"uv": [3, 0, 4.5, 1], "texture": "#0"},
				"south": {"uv": [3, 1, 4.5, 2], "texture": "#0"},
				"west": {"uv": [1.5, 3, 3, 4], "texture": "#0"},
				"up": {"uv": [1.5, 1.5, 0, 0], "texture": "#0"},
				"down": {"uv": [1.5, 1.5, 0, 3], "texture": "#0"}
			}
		},
		{
			"from": [1, 0, 3],
			"to": [2, 1, 4],
			"rotation": {"angle": 0, "axis": "y", "origin": [-0.5, 0.5, 2.5]},
			"faces": {
				"north": {"uv": [7.5, 8.5, 8, 9], "texture": "#0"},
				"east": {"uv": [8.5, 7.5, 9, 8], "texture": "#0"},
				"south": {"uv": [8, 8.5, 8.5, 9], "texture": "#0"},
				"west": {"uv": [8.5, 8, 9, 8.5], "texture": "#0"},
				"up": {"uv": [9, 9, 8.5, 8.5], "texture": "#0"},
				"down": {"uv": [0.5, 9, 0, 9.5], "texture": "#0"}
			}
		},
		{
			"from": [0, 0, 4],
			"to": [1, 1, 5],
			"rotation": {"angle": 0, "axis": "y", "origin": [-0.5, 0.5, 2.5]},
			"faces": {
				"north": {"uv": [0.5, 9, 1, 9.5], "texture": "#0"},
				"east": {"uv": [9, 0.5, 9.5, 1], "texture": "#0"},
				"south": {"uv": [1, 9, 1.5, 9.5], "texture": "#0"},
				"west": {"uv": [9, 1, 9.5, 1.5], "texture": "#0"},
				"up": {"uv": [2, 9.5, 1.5, 9], "texture": "#0"},
				"down": {"uv": [2.5, 9, 2, 9.5], "texture": "#0"}
			}
		},
		{
			"from": [2, 0, 6],
			"to": [3, 1, 7],
			"rotation": {"angle": 0, "axis": "y", "origin": [-0.5, 0.5, 2.5]},
			"faces": {
				"north": {"uv": [2.5, 9, 3, 9.5], "texture": "#0"},
				"east": {"uv": [3, 9, 3.5, 9.5], "texture": "#0"},
				"south": {"uv": [9, 3, 9.5, 3.5], "texture": "#0"},
				"west": {"uv": [4, 9, 4.5, 9.5], "texture": "#0"},
				"up": {"uv": [5, 9.5, 4.5, 9], "texture": "#0"},
				"down": {"uv": [5.5, 9, 5, 9.5], "texture": "#0"}
			}
		},
		{
			"from": [1, 0, 10],
			"to": [4, 1, 11],
			"rotation": {"angle": 0, "axis": "y", "origin": [-0.5, 0.5, 2.5]},
			"faces": {
				"north": {"uv": [2.5, 6.5, 4, 7], "texture": "#0"},
				"east": {"uv": [9, 5, 9.5, 5.5], "texture": "#0"},
				"south": {"uv": [6.5, 3, 8, 3.5], "texture": "#0"},
				"west": {"uv": [6, 9, 6.5, 9.5], "texture": "#0"},
				"up": {"uv": [6, 7, 4.5, 6.5], "texture": "#0"},
				"down": {"uv": [8, 5, 6.5, 5.5], "texture": "#0"}
			}
		},
		{
			"from": [1, 0, 11],
			"to": [3, 1, 12],
			"rotation": {"angle": 0, "axis": "y", "origin": [-0.5, 0.5, 3.5]},
			"faces": {
				"north": {"uv": [7.5, 2, 8.5, 2.5], "texture": "#0"},
				"east": {"uv": [6.5, 9, 7, 9.5], "texture": "#0"},
				"south": {"uv": [2.5, 7.5, 3.5, 8], "texture": "#0"},
				"west": {"uv": [9, 6.5, 9.5, 7], "texture": "#0"},
				"up": {"uv": [8.5, 3, 7.5, 2.5], "texture": "#0"},
				"down": {"uv": [5.5, 7.5, 4.5, 8], "texture": "#0"}
			}
		},
		{
			"from": [3, 0, 5],
			"to": [4, 1, 6],
			"rotation": {"angle": 0, "axis": "y", "origin": [-0.5, 0.5, 2.5]},
			"faces": {
				"north": {"uv": [7, 9, 7.5, 9.5], "texture": "#0"},
				"east": {"uv": [9, 7, 9.5, 7.5], "texture": "#0"},
				"south": {"uv": [7.5, 9, 8, 9.5], "texture": "#0"},
				"west": {"uv": [9, 7.5, 9.5, 8], "texture": "#0"},
				"up": {"uv": [8.5, 9.5, 8, 9], "texture": "#0"},
				"down": {"uv": [9.5, 8, 9, 8.5], "texture": "#0"}
			}
		},
		{
			"from": [1, 0, 4],
			"to": [3, 1, 6],
			"rotation": {"angle": 0, "axis": "y", "origin": [-0.5, 0.5, 2.5]},
			"faces": {
				"north": {"uv": [7.5, 5.5, 8.5, 6], "texture": "#0"},
				"east": {"uv": [7.5, 6, 8.5, 6.5], "texture": "#0"},
				"south": {"uv": [6.5, 7.5, 7.5, 8], "texture": "#0"},
				"west": {"uv": [7.5, 6.5, 8.5, 7], "texture": "#0"},
				"up": {"uv": [1.5, 6.5, 0.5, 5.5], "texture": "#0"},
				"down": {"uv": [6.5, 2, 5.5, 3], "texture": "#0"}
			}
		},
		{
			"from": [3, 0, 6],
			"to": [4, 1, 8],
			"rotation": {"angle": 0, "axis": "y", "origin": [-0.5, 0.5, 2.5]},
			"faces": {
				"north": {"uv": [8.5, 9, 9, 9.5], "texture": "#0"},
				"east": {"uv": [7.5, 7.5, 8.5, 8], "texture": "#0"},
				"south": {"uv": [9, 8.5, 9.5, 9], "texture": "#0"},
				"west": {"uv": [0, 8, 1, 8.5], "texture": "#0"},
				"up": {"uv": [6, 8.5, 5.5, 7.5], "texture": "#0"},
				"down": {"uv": [1.5, 8, 1, 9], "texture": "#0"}
			}
		},
		{
			"from": [4, 0, 6],
			"to": [5, 1, 7],
			"rotation": {"angle": 0, "axis": "y", "origin": [-0.5, 0.5, 2.5]},
			"faces": {
				"north": {"uv": [9, 9, 9.5, 9.5], "texture": "#0"},
				"east": {"uv": [0, 9.5, 0.5, 10], "texture": "#0"},
				"south": {"uv": [9.5, 0, 10, 0.5], "texture": "#0"},
				"west": {"uv": [0.5, 9.5, 1, 10], "texture": "#0"},
				"up": {"uv": [10, 1, 9.5, 0.5], "texture": "#0"},
				"down": {"uv": [1.5, 9.5, 1, 10], "texture": "#0"}
			}
		},
		{
			"from": [5, 0, 7],
			"to": [6, 1, 11],
			"rotation": {"angle": 0, "axis": "y", "origin": [-0.5, 0.5, 2.5]},
			"faces": {
				"north": {"uv": [9.5, 1, 10, 1.5], "texture": "#0"},
				"east": {"uv": [3, 2, 5.5, 2.5], "texture": "#0"},
				"south": {"uv": [1.5, 9.5, 2, 10], "texture": "#0"},
				"west": {"uv": [3, 2.5, 5.5, 3], "texture": "#0"},
				"up": {"uv": [3.5, 5.5, 3, 3], "texture": "#0"},
				"down": {"uv": [4, 3, 3.5, 5.5], "texture": "#0"}
			}
		},
		{
			"from": [4, 0, 7],
			"to": [5, 1, 10],
			"rotation": {"angle": 0, "axis": "y", "origin": [-1.5, 0.5, 1.5]},
			"faces": {
				"north": {"uv": [8.5, 6.5, 9, 7], "texture": "#0"},
				"east": {"uv": [0, 5, 2, 5.5], "texture": "#0"},
				"south": {"uv": [7, 8.5, 7.5, 9], "texture": "#0"},
				"west": {"uv": [4.5, 5, 6.5, 5.5], "texture": "#0"},
				"up": {"uv": [2.5, 7, 2, 5], "texture": "#0"},
				"down": {"uv": [0.5, 5.5, 0, 7.5], "texture": "#0"}
			}
		},
		{
			"from": [6, 0, 7],
			"to": [7, 1, 12],
			"rotation": {"angle": 0, "axis": "y", "origin": [0.5, 0.5, -0.5]},
			"faces": {
				"north": {"uv": [9.5, 1.5, 10, 2], "texture": "#0"},
				"east": {"uv": [0, 4, 2.5, 4.5], "texture": "#0"},
				"south": {"uv": [2, 9.5, 2.5, 10], "texture": "#0"},
				"west": {"uv": [4, 3, 6.5, 3.5], "texture": "#0"},
				"up": {"uv": [3, 6.5, 2.5, 4], "texture": "#0"},
				"down": {"uv": [4.5, 3.5, 4, 6], "texture": "#0"}
			}
		},
		{
			"from": [9, 0, 10],
			"to": [10, 1, 12],
			"rotation": {"angle": 0, "axis": "y", "origin": [3.5, 0.5, 2.5]},
			"faces": {
				"north": {"uv": [9.5, 2, 10, 2.5], "texture": "#0"},
				"east": {"uv": [2.5, 8, 3.5, 8.5], "texture": "#0"},
				"south": {"uv": [2.5, 9.5, 3, 10], "texture": "#0"},
				"west": {"uv": [8, 3, 9, 3.5], "texture": "#0"},
				"up": {"uv": [4.5, 9, 4, 8], "texture": "#0"},
				"down": {"uv": [5, 8, 4.5, 9], "texture": "#0"}
			}
		},
		{
			"from": [10, 0, 11],
			"to": [11, 1, 12],
			"rotation": {"angle": 0, "axis": "y", "origin": [3.5, 0.5, 2.5]},
			"faces": {
				"north": {"uv": [9.5, 2.5, 10, 3], "texture": "#0"},
				"east": {"uv": [3, 9.5, 3.5, 10], "texture": "#0"},
				"south": {"uv": [9.5, 3, 10, 3.5], "texture": "#0"},
				"west": {"uv": [3.5, 9.5, 4, 10], "texture": "#0"},
				"up": {"uv": [10, 4, 9.5, 3.5], "texture": "#0"},
				"down": {"uv": [4.5, 9.5, 4, 10], "texture": "#0"}
			}
		},
		{
			"from": [7, 0, 12],
			"to": [10, 1, 13],
			"rotation": {"angle": 0, "axis": "y", "origin": [-0.5, 0.5, 2.5]},
			"faces": {
				"north": {"uv": [6, 6.5, 7.5, 7], "texture": "#0"},
				"east": {"uv": [9.5, 4, 10, 4.5], "texture": "#0"},
				"south": {"uv": [7, 0, 8.5, 0.5], "texture": "#0"},
				"west": {"uv": [4.5, 9.5, 5, 10], "texture": "#0"},
				"up": {"uv": [8.5, 1, 7, 0.5], "texture": "#0"},
				"down": {"uv": [8.5, 1, 7, 1.5], "texture": "#0"}
			}
		},
		{
			"from": [10, 0, 12],
			"to": [12, 1, 13],
			"rotation": {"angle": 0, "axis": "y", "origin": [3.5, 0.5, 2.5]},
			"faces": {
				"north": {"uv": [8, 5, 9, 5.5], "texture": "#0"},
				"east": {"uv": [9.5, 4.5, 10, 5], "texture": "#0"},
				"south": {"uv": [6.5, 8, 7.5, 8.5], "texture": "#0"},
				"west": {"uv": [5, 9.5, 5.5, 10], "texture": "#0"},
				"up": {"uv": [9, 7.5, 8, 7], "texture": "#0"},
				"down": {"uv": [8.5, 8, 7.5, 8.5], "texture": "#0"}
			}
		},
		{
			"from": [8, 0, 13],
			"to": [13, 1, 14],
			"rotation": {"angle": 0, "axis": "y", "origin": [-0.5, 0.5, 2.5]},
			"faces": {
				"north": {"uv": [0, 4.5, 2.5, 5], "texture": "#0"},
				"east": {"uv": [9.5, 5, 10, 5.5], "texture": "#0"},
				"south": {"uv": [4.5, 0, 7, 0.5], "texture": "#0"},
				"west": {"uv": [5.5, 9.5, 6, 10], "texture": "#0"},
				"up": {"uv": [7, 1, 4.5, 0.5], "texture": "#0"},
				"down": {"uv": [7, 1, 4.5, 1.5], "texture": "#0"}
			}
		},
		{
			"from": [9, 0, 14],
			"to": [14, 1, 15],
			"rotation": {"angle": 0, "axis": "y", "origin": [-0.5, 0.5, 2.5]},
			"faces": {
				"north": {"uv": [4.5, 1.5, 7, 2], "texture": "#0"},
				"east": {"uv": [9.5, 5.5, 10, 6], "texture": "#0"},
				"south": {"uv": [4.5, 3.5, 7, 4], "texture": "#0"},
				"west": {"uv": [6, 9.5, 6.5, 10], "texture": "#0"},
				"up": {"uv": [7, 4.5, 4.5, 4], "texture": "#0"},
				"down": {"uv": [7, 4.5, 4.5, 5], "texture": "#0"}
			}
		},
		{
			"from": [12, 0, 15],
			"to": [15, 1, 18],
			"rotation": {"angle": 0, "axis": "y", "origin": [-0.5, 0.5, 2.5]},
			"faces": {
				"north": {"uv": [7, 1.5, 8.5, 2], "texture": "#0"},
				"east": {"uv": [2, 7, 3.5, 7.5], "texture": "#0"},
				"south": {"uv": [7, 3.5, 8.5, 4], "texture": "#0"},
				"west": {"uv": [7, 4, 8.5, 4.5], "texture": "#0"},
				"up": {"uv": [3, 1.5, 1.5, 0], "texture": "#0"},
				"down": {"uv": [3, 1.5, 1.5, 3], "texture": "#0"}
			}
		},
		{
			"from": [11, 0, 15],
			"to": [12, 1, 17],
			"rotation": {"angle": 0, "axis": "y", "origin": [-0.5, 0.5, 2.5]},
			"faces": {
				"north": {"uv": [9.5, 6, 10, 6.5], "texture": "#0"},
				"east": {"uv": [0, 8.5, 1, 9], "texture": "#0"},
				"south": {"uv": [6.5, 9.5, 7, 10], "texture": "#0"},
				"west": {"uv": [8.5, 0, 9.5, 0.5], "texture": "#0"},
				"up": {"uv": [5.5, 9, 5, 8], "texture": "#0"},
				"down": {"uv": [9, 0.5, 8.5, 1.5], "texture": "#0"}
			}
		},
		{
			"from": [10, 0, 15],
			"to": [11, 1, 16],
			"rotation": {"angle": 0, "axis": "y", "origin": [-0.5, 0.5, 2.5]},
			"faces": {
				"north": {"uv": [9.5, 6.5, 10, 7], "texture": "#0"},
				"east": {"uv": [7, 9.5, 7.5, 10], "texture": "#0"},
				"south": {"uv": [9.5, 7, 10, 7.5], "texture": "#0"},
				"west": {"uv": [7.5, 9.5, 8, 10], "texture": "#0"},
				"up": {"uv": [10, 8, 9.5, 7.5], "texture": "#0"},
				"down": {"uv": [8.5, 9.5, 8, 10], "texture": "#0"}
			}
		},
		{
			"from": [2, 0, 8],
			"to": [4, 1, 10],
			"rotation": {"angle": 0, "axis": "y", "origin": [-0.5, 0.5, 2.5]},
			"faces": {
				"north": {"uv": [8.5, 1.5, 9.5, 2], "texture": "#0"},
				"east": {"uv": [8.5, 2, 9.5, 2.5], "texture": "#0"},
				"south": {"uv": [2.5, 8.5, 3.5, 9], "texture": "#0"},
				"west": {"uv": [8.5, 2.5, 9.5, 3], "texture": "#0"},
				"up": {"uv": [4, 6.5, 3, 5.5], "texture": "#0"},
				"down": {"uv": [5.5, 5.5, 4.5, 6.5], "texture": "#0"}
			}
		},
		{
			"from": [1, 0, 9],
			"to": [2, 1, 10],
			"rotation": {"angle": 0, "axis": "y", "origin": [-0.5, 0.5, 2.5]},
			"faces": {
				"north": {"uv": [9.5, 8, 10, 8.5], "texture": "#0"},
				"east": {"uv": [8.5, 9.5, 9, 10], "texture": "#0"},
				"south": {"uv": [9.5, 8.5, 10, 9], "texture": "#0"},
				"west": {"uv": [9, 9.5, 9.5, 10], "texture": "#0"},
				"up": {"uv": [10, 9.5, 9.5, 9], "texture": "#0"},
				"down": {"uv": [10, 9.5, 9.5, 10], "texture": "#0"}
			}
		},
		{
			"from": [7, 0, 4],
			"to": [8, 1, 7],
			"rotation": {"angle": 0, "axis": "y", "origin": [-0.5, 0.5, 2.5]},
			"faces": {
				"north": {"uv": [0, 10, 0.5, 10.5], "texture": "#0"},
				"east": {"uv": [4.5, 7, 6, 7.5], "texture": "#0"},
				"south": {"uv": [10, 0, 10.5, 0.5], "texture": "#0"},
				"west": {"uv": [7, 4.5, 8.5, 5], "texture": "#0"},
				"up": {"uv": [4, 8.5, 3.5, 7], "texture": "#0"},
				"down": {"uv": [6.5, 7, 6, 8.5], "texture": "#0"}
			}
		},
		{
			"from": [8, 0, 4],
			"to": [9, 1, 6],
			"rotation": {"angle": 0, "axis": "y", "origin": [0.5, 0.5, 2.5]},
			"faces": {
				"north": {"uv": [0.5, 10, 1, 10.5], "texture": "#0"},
				"east": {"uv": [8.5, 3.5, 9.5, 4], "texture": "#0"},
				"south": {"uv": [10, 0.5, 10.5, 1], "texture": "#0"},
				"west": {"uv": [8.5, 4, 9.5, 4.5], "texture": "#0"},
				"up": {"uv": [4, 9.5, 3.5, 8.5], "texture": "#0"},
				"down": {"uv": [6, 8.5, 5.5, 9.5], "texture": "#0"}
			}
		},
		{
			"from": [7, 0, 8],
			"to": [8, 1, 12],
			"rotation": {"angle": 0, "axis": "y", "origin": [-0.5, 0.5, 2.5]},
			"faces": {
				"north": {"uv": [1, 10, 1.5, 10.5], "texture": "#0"},
				"east": {"uv": [5.5, 5.5, 7.5, 6], "texture": "#0"},
				"south": {"uv": [10, 1, 10.5, 1.5], "texture": "#0"},
				"west": {"uv": [5.5, 6, 7.5, 6.5], "texture": "#0"},
				"up": {"uv": [2, 7.5, 1.5, 5.5], "texture": "#0"},
				"down": {"uv": [4.5, 6, 4, 8], "texture": "#0"}
			}
		},
		{
			"from": [8, 0, 9],
			"to": [9, 1, 12],
			"rotation": {"angle": 0, "axis": "y", "origin": [-0.5, 0.5, 2.5]},
			"faces": {
				"north": {"uv": [1.5, 10, 2, 10.5], "texture": "#0"},
				"east": {"uv": [6.5, 7, 8, 7.5], "texture": "#0"},
				"south": {"uv": [10, 1.5, 10.5, 2], "texture": "#0"},
				"west": {"uv": [0, 7.5, 1.5, 8], "texture": "#0"},
				"up": {"uv": [2, 9, 1.5, 7.5], "texture": "#0"},
				"down": {"uv": [2.5, 7.5, 2, 9], "texture": "#0"}
			}
		},
		{
			"from": [5, 0, 5],
			"to": [7, 1, 7],
			"rotation": {"angle": 0, "axis": "y", "origin": [-0.5, 0.5, 2.5]},
			"faces": {
				"north": {"uv": [8.5, 4.5, 9.5, 5], "texture": "#0"},
				"east": {"uv": [8.5, 5.5, 9.5, 6], "texture": "#0"},
				"south": {"uv": [6, 8.5, 7, 9], "texture": "#0"},
				"west": {"uv": [8.5, 6, 9.5, 6.5], "texture": "#0"},
				"up": {"uv": [1.5, 7.5, 0.5, 6.5], "texture": "#0"},
				"down": {"uv": [7.5, 2, 6.5, 3], "texture": "#0"}
			}
		},
		{
			"from": [6, 0, 4],
			"to": [7, 1, 5],
			"rotation": {"angle": 0, "axis": "y", "origin": [-0.5, 0.5, 2.5]},
			"faces": {
				"north": {"uv": [2, 10, 2.5, 10.5], "texture": "#0"},
				"east": {"uv": [10, 2, 10.5, 2.5], "texture": "#0"},
				"south": {"uv": [2.5, 10, 3, 10.5], "texture": "#0"},
				"west": {"uv": [10, 2.5, 10.5, 3], "texture": "#0"},
				"up": {"uv": [3.5, 10.5, 3, 10], "texture": "#0"},
				"down": {"uv": [10.5, 3, 10, 3.5], "texture": "#0"}
			}
		}
	],
	"display": {
		"thirdperson_righthand": {
			"rotation": [-43, -1, 89],
			"translation": [-6.75, 4.25, 0.75],
			"scale": [0.95, 0.95, 0.95]
		},
		"thirdperson_lefthand": {
			"rotation": [-136, -3, 91],
			"translation": [-6.75, 3.5, 4.25],
			"scale": [0.95, 0.95, 0.95]
		},
		"firstperson_righthand": {
			"rotation": [-48, -4, 85],
			"translation": [-8, 2.75, -0.5]
		},
		"firstperson_lefthand": {
			"rotation": [-54, -1, -91],
			"translation": [9, 3.25, -0.75]
		},
		"ground": {
			"translation": [0, 5.5, 0]
		},
		"gui": {
			"rotation": [-134, 79, -137],
			"translation": [-1, 1, 0],
			"scale": [0.75, 0.75, 0.75]
		},
		"head": {
			"translation": [0, 6.5, 0]
		},
		"fixed": {
			"rotation": [-90.25, 0, 0],
			"translation": [2.75, -2.25, -13.5],
			"scale": [1.67, 1.67, 1.67]
		}
	},
	"groups": [
		{
			"name": "group",
			"origin": [8, 0, 8],
			"color": 0,
			"children": [0, 1, 2, 3, 4, 5, 6, 7, 8, 9, 10, 11, 12, 13, 14, 15, 16, 17, 18, 19, 20, 21, 22, 23, 24, 25, 26, 27, 28, 29]
		}
	]
}