{
  "parent": "item/generated",
  "textures": { "layer0": "minecraft:item/honey_bottle" },
  "overrides": [
    { "predicate": { "custom_model_data": 1038 }, "model": "minecraft:item/elixirdelobohelado" },
    { "predicate": { "custom_model_data": 1039 }, "model": "minecraft:item/gigantedehielo" },
    { "predicate": { "custom_model_data": 1040 }, "model": "minecraft:item/lagrimasdeaurora" },
    { "predicate": { "custom_model_data": 1041 }, "model": "minecraft:item/llamaliquida" },
    { "predicate": { "custom_model_data": 1042 }, "model": "minecraft:item/nectardecristalnevado" },
    { "predicate": { "custom_model_data": 1043 }, "model": "minecraft:item/sangrededragondormido" },
    { "predicate": { "custom_model_data": 1044 }, "model": "minecraft:item/sombranocturna" },
    { "predicate": { "custom_model_data": 1045 }, "model": "minecraft:item/tormentaenjarra" },
    { "predicate": { "custom_model_data": 1046 }, "model": "minecraft:item/vahodelgrifo" },
    { "predicate": { "custom_model_data": 1047 }, "model": "minecraft:item/vino" }
  ]
}
