{
  "parent": "minecraft:item/handheld",
  "textures": {
    "layer0": "minecraft:item/iron_axe"
  },
  "overrides": [
	{ "predicate": { "custom_model_data": 1200 }, "model": "minecraft:item/segadoradekharak" },
	{ "predicate": { "custom_model_data": 1201 }, "model": "minecraft:item/doblefilovarakhielo" },
	{ "predicate": { "custom_model_data": 1202 }, "model": "minecraft:item/doblefilovarak" },
	{ "predicate": { "custom_model_data": 1203 }, "model": "minecraft:item/colmillodeacero" },
	{ "predicate": { "custom_model_data": 1204 }, "model": "minecraft:item/mandoblecaido" },
	{ "predicate": { "custom_model_data": 1205 }, "model": "minecraft:item/aguijonmuerte" },
	{ "predicate": { "custom_model_data": 1206 }, "model": "minecraft:item/maza" },
	{ "predicate": { "custom_model_data": 1207 }, "model": "minecraft:item/espadadehuesos" },
	{ "predicate": { "custom_model_data": 1208 }, "model": "minecraft:item/lanzapuntainvernal" },
	{ "predicate": { "custom_model_data": 1209 }, "model": "minecraft:item/lanzadeelendros" }, 
	{ "predicate": { "custom_model_data": 1210 }, "model": "minecraft:item/tridente" },
	{ "predicate": { "custom_model_data": 1211 }, "model": "minecraft:item/martillo" }
	]
}
