{
	"credit": "Made with Blockbench",
	"texture_size": [64, 64],
	"textures": {
		"0": "item/lanzadehielo",
		"particle": "item/lanzadehielo"
	},
	"elements": [
		{
			"from": [6.05, 4.2, -8],
			"to": [6.85, 5, 26],
			"rotation": {"angle": 0, "axis": "x", "origin": [7, 5, 8]},
			"faces": {
				"north": {"uv": [0.5, 4.25, 0.75, 4.5], "texture": "#0"},
				"east": {"uv": [2, 0, 10.5, 0.25], "texture": "#0"},
				"south": {"uv": [3, 5.5, 3.25, 5.75], "texture": "#0"},
				"west": {"uv": [2, 0.25, 10.5, 0.5], "texture": "#0"},
				"up": {"uv": [2.25, 9, 2, 0.5], "texture": "#0"},
				"down": {"uv": [2.5, 0.5, 2.25, 9], "texture": "#0"}
			}
		},
		{
			"from": [6.05, 5.01, 26],
			"to": [6.85, 6, 26.2],
			"rotation": {"angle": 0, "axis": "x", "origin": [7, 5, 8]},
			"faces": {
				"north": {"uv": [3.25, 5.5, 3.5, 5.75], "texture": "#0"},
				"east": {"uv": [3.5, 5.5, 3.75, 5.75], "texture": "#0"},
				"south": {"uv": [5.5, 3.5, 5.75, 3.75], "texture": "#0"},
				"west": {"uv": [3.75, 5.5, 4, 5.75], "texture": "#0"},
				"up": {"uv": [5.75, 4, 5.5, 3.75], "texture": "#0"},
				"down": {"uv": [4.25, 5.5, 4, 5.75], "texture": "#0"}
			}
		},
		{
			"from": [6.05, 5, 26.2],
			"to": [6.85, 6, 26.4],
			"rotation": {"angle": 0, "axis": "x", "origin": [7, 5, 8]},
			"faces": {
				"north": {"uv": [4.25, 5.5, 4.5, 5.75], "texture": "#0"},
				"east": {"uv": [4.5, 5.5, 4.75, 5.75], "texture": "#0"},
				"south": {"uv": [4.75, 5.5, 5, 5.75], "texture": "#0"},
				"west": {"uv": [5.5, 4.75, 5.75, 5], "texture": "#0"},
				"up": {"uv": [5.25, 5.75, 5, 5.5], "texture": "#0"},
				"down": {"uv": [5.75, 5, 5.5, 5.25], "texture": "#0"}
			}
		},
		{
			"from": [6.05, 5, 26.4],
			"to": [6.85, 6, 26.6],
			"rotation": {"angle": 0, "axis": "x", "origin": [7, 5, 8]},
			"faces": {
				"north": {"uv": [5.25, 5.5, 5.5, 5.75], "texture": "#0"},
				"east": {"uv": [5.5, 5.25, 5.75, 5.5], "texture": "#0"},
				"south": {"uv": [5.5, 5.5, 5.75, 5.75], "texture": "#0"},
				"west": {"uv": [0.25, 5.75, 0.5, 6], "texture": "#0"},
				"up": {"uv": [0.75, 6, 0.5, 5.75], "texture": "#0"},
				"down": {"uv": [1, 5.75, 0.75, 6], "texture": "#0"}
			}
		},
		{
			"from": [6.05, 3, 26],
			"to": [6.85, 4.2, 26.2],
			"rotation": {"angle": 0, "axis": "x", "origin": [7, 5, 8]},
			"faces": {
				"north": {"uv": [1, 5.75, 1.25, 6], "texture": "#0"},
				"east": {"uv": [5.75, 1, 6, 1.25], "texture": "#0"},
				"south": {"uv": [5.75, 1.25, 6, 1.5], "texture": "#0"},
				"west": {"uv": [1.75, 5.75, 2, 6], "texture": "#0"},
				"up": {"uv": [6, 2.25, 5.75, 2], "texture": "#0"},
				"down": {"uv": [6, 2.25, 5.75, 2.5], "texture": "#0"}
			}
		},
		{
			"from": [6.05, 3.1, 26.2],
			"to": [6.85, 5, 26.4],
			"rotation": {"angle": 0, "axis": "x", "origin": [7, 5, 8]},
			"faces": {
				"north": {"uv": [4.75, 3.5, 5, 4], "texture": "#0"},
				"east": {"uv": [4, 4.75, 4.25, 5.25], "texture": "#0"},
				"south": {"uv": [4.25, 4.75, 4.5, 5.25], "texture": "#0"},
				"west": {"uv": [4.5, 4.75, 4.75, 5.25], "texture": "#0"},
				"up": {"uv": [2.75, 6, 2.5, 5.75], "texture": "#0"},
				"down": {"uv": [3, 5.75, 2.75, 6], "texture": "#0"}
			}
		},
		{
			"from": [6.05, 3.1, 26.4],
			"to": [6.85, 5, 26.6],
			"rotation": {"angle": 0, "axis": "x", "origin": [7, 5, 8]},
			"faces": {
				"north": {"uv": [4.75, 4.75, 5, 5.25], "texture": "#0"},
				"east": {"uv": [0, 5, 0.25, 5.5], "texture": "#0"},
				"south": {"uv": [0.25, 5, 0.5, 5.5], "texture": "#0"},
				"west": {"uv": [0.5, 5, 0.75, 5.5], "texture": "#0"},
				"up": {"uv": [6, 3, 5.75, 2.75], "texture": "#0"},
				"down": {"uv": [3.25, 5.75, 3, 6], "texture": "#0"}
			}
		},
		{
			"from": [6.05, 4.4, 26.6],
			"to": [6.85, 5.8, 26.8],
			"rotation": {"angle": 0, "axis": "x", "origin": [7, 5, 8]},
			"faces": {
				"north": {"uv": [5.75, 3, 6, 3.25], "texture": "#0"},
				"east": {"uv": [3.25, 5.75, 3.5, 6], "texture": "#0"},
				"south": {"uv": [5.75, 3.25, 6, 3.5], "texture": "#0"},
				"west": {"uv": [3.5, 5.75, 3.75, 6], "texture": "#0"},
				"up": {"uv": [6, 3.75, 5.75, 3.5], "texture": "#0"},
				"down": {"uv": [4, 5.75, 3.75, 6], "texture": "#0"}
			}
		},
		{
			"from": [6.05, 4.4, 26.8],
			"to": [6.85, 5.8, 27],
			"rotation": {"angle": 0, "axis": "x", "origin": [7, 5, 8]},
			"faces": {
				"north": {"uv": [5.75, 3.75, 6, 4], "texture": "#0"},
				"east": {"uv": [4, 5.75, 4.25, 6], "texture": "#0"},
				"south": {"uv": [5.75, 4, 6, 4.25], "texture": "#0"},
				"west": {"uv": [4.25, 5.75, 4.5, 6], "texture": "#0"},
				"up": {"uv": [6, 4.5, 5.75, 4.25], "texture": "#0"},
				"down": {"uv": [4.75, 5.75, 4.5, 6], "texture": "#0"}
			}
		},
		{
			"from": [6.05, 3.4, 26.6],
			"to": [6.85, 4.8, 26.8],
			"rotation": {"angle": 0, "axis": "x", "origin": [7, 5, 8]},
			"faces": {
				"north": {"uv": [5.75, 4.5, 6, 4.75], "texture": "#0"},
				"east": {"uv": [4.75, 5.75, 5, 6], "texture": "#0"},
				"south": {"uv": [5.75, 4.75, 6, 5], "texture": "#0"},
				"west": {"uv": [5, 5.75, 5.25, 6], "texture": "#0"},
				"up": {"uv": [6, 5.25, 5.75, 5], "texture": "#0"},
				"down": {"uv": [5.5, 5.75, 5.25, 6], "texture": "#0"}
			}
		},
		{
			"from": [6.05, 3.4, 26.8],
			"to": [6.85, 4.8, 27],
			"rotation": {"angle": 0, "axis": "x", "origin": [7, 5, 8]},
			"faces": {
				"north": {"uv": [5.75, 5.25, 6, 5.5], "texture": "#0"},
				"east": {"uv": [5.5, 5.75, 5.75, 6], "texture": "#0"},
				"south": {"uv": [5.75, 5.5, 6, 5.75], "texture": "#0"},
				"west": {"uv": [5.75, 5.75, 6, 6], "texture": "#0"},
				"up": {"uv": [0.25, 6.25, 0, 6], "texture": "#0"},
				"down": {"uv": [0.5, 6, 0.25, 6.25], "texture": "#0"}
			}
		},
		{
			"from": [6.05, 4.6, 27],
			"to": [6.85, 5.6, 27.2],
			"rotation": {"angle": 0, "axis": "x", "origin": [7, 5, 8]},
			"faces": {
				"north": {"uv": [0.5, 6, 0.75, 6.25], "texture": "#0"},
				"east": {"uv": [0.75, 6, 1, 6.25], "texture": "#0"},
				"south": {"uv": [1, 6, 1.25, 6.25], "texture": "#0"},
				"west": {"uv": [6, 1, 6.25, 1.25], "texture": "#0"},
				"up": {"uv": [1.5, 6.25, 1.25, 6], "texture": "#0"},
				"down": {"uv": [6.25, 1.25, 6, 1.5], "texture": "#0"}
			}
		},
		{
			"from": [6.05, 4.6, 27.2],
			"to": [6.85, 5.6, 27.4],
			"rotation": {"angle": 0, "axis": "x", "origin": [7, 5, 8]},
			"faces": {
				"north": {"uv": [1.5, 6, 1.75, 6.25], "texture": "#0"},
				"east": {"uv": [6, 1.5, 6.25, 1.75], "texture": "#0"},
				"south": {"uv": [1.75, 6, 2, 6.25], "texture": "#0"},
				"west": {"uv": [6, 1.75, 6.25, 2], "texture": "#0"},
				"up": {"uv": [6.25, 2.25, 6, 2], "texture": "#0"},
				"down": {"uv": [6.25, 2.25, 6, 2.5], "texture": "#0"}
			}
		},
		{
			"from": [6.05, 3.6, 27.2],
			"to": [6.85, 4.6, 27.4],
			"rotation": {"angle": 0, "axis": "x", "origin": [7, 5, 8]},
			"faces": {
				"north": {"uv": [2.5, 6, 2.75, 6.25], "texture": "#0"},
				"east": {"uv": [6, 2.5, 6.25, 2.75], "texture": "#0"},
				"south": {"uv": [2.75, 6, 3, 6.25], "texture": "#0"},
				"west": {"uv": [6, 2.75, 6.25, 3], "texture": "#0"},
				"up": {"uv": [3.25, 6.25, 3, 6], "texture": "#0"},
				"down": {"uv": [6.25, 3, 6, 3.25], "texture": "#0"}
			}
		},
		{
			"from": [6.05, 3.6, 27],
			"to": [6.85, 4.6, 27.2],
			"rotation": {"angle": 0, "axis": "x", "origin": [7, 5, 8]},
			"faces": {
				"north": {"uv": [3.25, 6, 3.5, 6.25], "texture": "#0"},
				"east": {"uv": [6, 3.25, 6.25, 3.5], "texture": "#0"},
				"south": {"uv": [3.5, 6, 3.75, 6.25], "texture": "#0"},
				"west": {"uv": [6, 3.5, 6.25, 3.75], "texture": "#0"},
				"up": {"uv": [4, 6.25, 3.75, 6], "texture": "#0"},
				"down": {"uv": [6.25, 3.75, 6, 4], "texture": "#0"}
			}
		},
		{
			"from": [6.05, 4.8, 27.4],
			"to": [6.85, 5.4, 27.6],
			"rotation": {"angle": 0, "axis": "x", "origin": [7, 5, 8]},
			"faces": {
				"north": {"uv": [4, 6, 4.25, 6.25], "texture": "#0"},
				"east": {"uv": [6, 4, 6.25, 4.25], "texture": "#0"},
				"south": {"uv": [4.25, 6, 4.5, 6.25], "texture": "#0"},
				"west": {"uv": [6, 4.25, 6.25, 4.5], "texture": "#0"},
				"up": {"uv": [4.75, 6.25, 4.5, 6], "texture": "#0"},
				"down": {"uv": [6.25, 4.5, 6, 4.75], "texture": "#0"}
			}
		},
		{
			"from": [6.05, 4.8, 27.6],
			"to": [6.85, 5.4, 27.8],
			"rotation": {"angle": 0, "axis": "x", "origin": [7, 5, 8]},
			"faces": {
				"north": {"uv": [4.75, 6, 5, 6.25], "texture": "#0"},
				"east": {"uv": [6, 4.75, 6.25, 5], "texture": "#0"},
				"south": {"uv": [5, 6, 5.25, 6.25], "texture": "#0"},
				"west": {"uv": [6, 5, 6.25, 5.25], "texture": "#0"},
				"up": {"uv": [5.5, 6.25, 5.25, 6], "texture": "#0"},
				"down": {"uv": [6.25, 5.25, 6, 5.5], "texture": "#0"}
			}
		},
		{
			"from": [6.05, 3.8, 27.6],
			"to": [6.85, 4.4, 27.8],
			"rotation": {"angle": 0, "axis": "x", "origin": [7, 5, 8]},
			"faces": {
				"north": {"uv": [5.5, 6, 5.75, 6.25], "texture": "#0"},
				"east": {"uv": [6, 5.5, 6.25, 5.75], "texture": "#0"},
				"south": {"uv": [5.75, 6, 6, 6.25], "texture": "#0"},
				"west": {"uv": [6, 5.75, 6.25, 6], "texture": "#0"},
				"up": {"uv": [6.25, 6.25, 6, 6], "texture": "#0"},
				"down": {"uv": [0.25, 6.25, 0, 6.5], "texture": "#0"}
			}
		},
		{
			"from": [6.05, 3.8, 27.4],
			"to": [6.85, 4.4, 27.6],
			"rotation": {"angle": 0, "axis": "x", "origin": [7, 5, 8]},
			"faces": {
				"north": {"uv": [0.25, 6.25, 0.5, 6.5], "texture": "#0"},
				"east": {"uv": [0.5, 6.25, 0.75, 6.5], "texture": "#0"},
				"south": {"uv": [6.25, 0.5, 6.5, 0.75], "texture": "#0"},
				"west": {"uv": [0.75, 6.25, 1, 6.5], "texture": "#0"},
				"up": {"uv": [6.5, 1, 6.25, 0.75], "texture": "#0"},
				"down": {"uv": [1.25, 6.25, 1, 6.5], "texture": "#0"}
			}
		},
		{
			"from": [6.05, 5, 28],
			"to": [6.85, 5.2, 28.2],
			"rotation": {"angle": 0, "axis": "x", "origin": [7, 5, 8]},
			"faces": {
				"north": {"uv": [6.25, 1, 6.5, 1.25], "texture": "#0"},
				"east": {"uv": [1.25, 6.25, 1.5, 6.5], "texture": "#0"},
				"south": {"uv": [6.25, 1.25, 6.5, 1.5], "texture": "#0"},
				"west": {"uv": [1.5, 6.25, 1.75, 6.5], "texture": "#0"},
				"up": {"uv": [6.5, 1.75, 6.25, 1.5], "texture": "#0"},
				"down": {"uv": [2, 6.25, 1.75, 6.5], "texture": "#0"}
			}
		},
		{
			"from": [6.05, 5, 27.8],
			"to": [6.85, 5.2, 28],
			"rotation": {"angle": 0, "axis": "x", "origin": [7, 5, 8]},
			"faces": {
				"north": {"uv": [6.25, 1.75, 6.5, 2], "texture": "#0"},
				"east": {"uv": [6.25, 2, 6.5, 2.25], "texture": "#0"},
				"south": {"uv": [6.25, 2.25, 6.5, 2.5], "texture": "#0"},
				"west": {"uv": [2.5, 6.25, 2.75, 6.5], "texture": "#0"},
				"up": {"uv": [6.5, 2.75, 6.25, 2.5], "texture": "#0"},
				"down": {"uv": [3, 6.25, 2.75, 6.5], "texture": "#0"}
			}
		},
		{
			"from": [6.05, 4, 28],
			"to": [6.85, 4.2, 28.2],
			"rotation": {"angle": 0, "axis": "x", "origin": [7, 5, 8]},
			"faces": {
				"north": {"uv": [6.25, 2.75, 6.5, 3], "texture": "#0"},
				"east": {"uv": [3, 6.25, 3.25, 6.5], "texture": "#0"},
				"south": {"uv": [6.25, 3, 6.5, 3.25], "texture": "#0"},
				"west": {"uv": [3.25, 6.25, 3.5, 6.5], "texture": "#0"},
				"up": {"uv": [6.5, 3.5, 6.25, 3.25], "texture": "#0"},
				"down": {"uv": [3.75, 6.25, 3.5, 6.5], "texture": "#0"}
			}
		},
		{
			"from": [6.05, 4, 27.8],
			"to": [6.85, 4.2, 28],
			"rotation": {"angle": 0, "axis": "x", "origin": [7, 5, 8]},
			"faces": {
				"north": {"uv": [6.25, 3.5, 6.5, 3.75], "texture": "#0"},
				"east": {"uv": [3.75, 6.25, 4, 6.5], "texture": "#0"},
				"south": {"uv": [6.25, 3.75, 6.5, 4], "texture": "#0"},
				"west": {"uv": [4, 6.25, 4.25, 6.5], "texture": "#0"},
				"up": {"uv": [6.5, 4.25, 6.25, 4], "texture": "#0"},
				"down": {"uv": [4.5, 6.25, 4.25, 6.5], "texture": "#0"}
			}
		},
		{
			"from": [6.05, 4.2, 28.2],
			"to": [6.85, 5, 28.4],
			"rotation": {"angle": 0, "axis": "x", "origin": [7, 5, 8]},
			"faces": {
				"north": {"uv": [6.25, 4.25, 6.5, 4.5], "texture": "#0"},
				"east": {"uv": [4.5, 6.25, 4.75, 6.5], "texture": "#0"},
				"south": {"uv": [6.25, 4.5, 6.5, 4.75], "texture": "#0"},
				"west": {"uv": [4.75, 6.25, 5, 6.5], "texture": "#0"},
				"up": {"uv": [6.5, 5, 6.25, 4.75], "texture": "#0"},
				"down": {"uv": [5.25, 6.25, 5, 6.5], "texture": "#0"}
			}
		},
		{
			"from": [6.05, 4.2, 28.4],
			"to": [6.85, 5, 28.6],
			"rotation": {"angle": 0, "axis": "x", "origin": [7, 5, 8]},
			"faces": {
				"north": {"uv": [6.25, 5, 6.5, 5.25], "texture": "#0"},
				"east": {"uv": [5.25, 6.25, 5.5, 6.5], "texture": "#0"},
				"south": {"uv": [6.25, 5.25, 6.5, 5.5], "texture": "#0"},
				"west": {"uv": [5.5, 6.25, 5.75, 6.5], "texture": "#0"},
				"up": {"uv": [6.5, 5.75, 6.25, 5.5], "texture": "#0"},
				"down": {"uv": [6, 6.25, 5.75, 6.5], "texture": "#0"}
			}
		},
		{
			"from": [6.05, 4.4, 28.6],
			"to": [6.85, 4.8, 28.8],
			"rotation": {"angle": 0, "axis": "x", "origin": [7, 5, 8]},
			"faces": {
				"north": {"uv": [6.25, 5.75, 6.5, 6], "texture": "#0"},
				"east": {"uv": [6, 6.25, 6.25, 6.5], "texture": "#0"},
				"south": {"uv": [6.25, 6, 6.5, 6.25], "texture": "#0"},
				"west": {"uv": [6.25, 6.25, 6.5, 6.5], "texture": "#0"},
				"up": {"uv": [0.25, 6.75, 0, 6.5], "texture": "#0"},
				"down": {"uv": [0.5, 6.5, 0.25, 6.75], "texture": "#0"}
			}
		},
		{
			"from": [6.05, 4.4, 28.8],
			"to": [6.85, 4.8, 29],
			"rotation": {"angle": 0, "axis": "x", "origin": [7, 5, 8]},
			"faces": {
				"north": {"uv": [0.5, 6.5, 0.75, 6.75], "texture": "#0"},
				"east": {"uv": [6.5, 0.5, 6.75, 0.75], "texture": "#0"},
				"south": {"uv": [0.75, 6.5, 1, 6.75], "texture": "#0"},
				"west": {"uv": [6.5, 0.75, 6.75, 1], "texture": "#0"},
				"up": {"uv": [1.25, 6.75, 1, 6.5], "texture": "#0"},
				"down": {"uv": [6.75, 1, 6.5, 1.25], "texture": "#0"}
			}
		},
		{
			"from": [5, 4.2, 26.2],
			"to": [7.8, 5, 26.4],
			"rotation": {"angle": 0, "axis": "x", "origin": [7, 5, 8]},
			"faces": {
				"north": {"uv": [3, 4.5, 3.75, 4.75], "texture": "#0"},
				"east": {"uv": [1.25, 6.5, 1.5, 6.75], "texture": "#0"},
				"south": {"uv": [4.5, 3, 5.25, 3.25], "texture": "#0"},
				"west": {"uv": [6.5, 1.25, 6.75, 1.5], "texture": "#0"},
				"up": {"uv": [5.25, 3.5, 4.5, 3.25], "texture": "#0"},
				"down": {"uv": [4.5, 4.5, 3.75, 4.75], "texture": "#0"}
			}
		},
		{
			"from": [5, 4.2, 26],
			"to": [7.8, 5, 26.2],
			"rotation": {"angle": 0, "axis": "x", "origin": [7, 5, 8]},
			"faces": {
				"north": {"uv": [4.5, 4, 5.25, 4.25], "texture": "#0"},
				"east": {"uv": [1.5, 6.5, 1.75, 6.75], "texture": "#0"},
				"south": {"uv": [4.5, 4.25, 5.25, 4.5], "texture": "#0"},
				"west": {"uv": [6.5, 1.5, 6.75, 1.75], "texture": "#0"},
				"up": {"uv": [5.25, 4.75, 4.5, 4.5], "texture": "#0"},
				"down": {"uv": [1.75, 4.75, 1, 5], "texture": "#0"}
			}
		},
		{
			"from": [5, 4.2, 26.4],
			"to": [7.8, 5, 26.6],
			"rotation": {"angle": 0, "axis": "x", "origin": [7, 5, 8]},
			"faces": {
				"north": {"uv": [4.75, 1, 5.5, 1.25], "texture": "#0"},
				"east": {"uv": [1.75, 6.5, 2, 6.75], "texture": "#0"},
				"south": {"uv": [4.75, 1.25, 5.5, 1.5], "texture": "#0"},
				"west": {"uv": [6.5, 1.75, 6.75, 2], "texture": "#0"},
				"up": {"uv": [5.5, 1.75, 4.75, 1.5], "texture": "#0"},
				"down": {"uv": [5.5, 1.75, 4.75, 2], "texture": "#0"}
			}
		},
		{
			"from": [5.2, 4.2, 26.6],
			"to": [7.6, 5, 26.8],
			"rotation": {"angle": 0, "axis": "x", "origin": [7, 5, 8]},
			"faces": {
				"north": {"uv": [0.75, 5, 1.25, 5.25], "texture": "#0"},
				"east": {"uv": [6.5, 2, 6.75, 2.25], "texture": "#0"},
				"south": {"uv": [1.25, 5, 1.75, 5.25], "texture": "#0"},
				"west": {"uv": [6.5, 2.25, 6.75, 2.5], "texture": "#0"},
				"up": {"uv": [3, 5.25, 2.5, 5], "texture": "#0"},
				"down": {"uv": [5.5, 2.5, 5, 2.75], "texture": "#0"}
			}
		},
		{
			"from": [5.2, 4.2, 26.8],
			"to": [7.6, 5, 27],
			"rotation": {"angle": 0, "axis": "x", "origin": [7, 5, 8]},
			"faces": {
				"north": {"uv": [3, 5, 3.5, 5.25], "texture": "#0"},
				"east": {"uv": [2.5, 6.5, 2.75, 6.75], "texture": "#0"},
				"south": {"uv": [3.5, 5, 4, 5.25], "texture": "#0"},
				"west": {"uv": [6.5, 2.5, 6.75, 2.75], "texture": "#0"},
				"up": {"uv": [5.5, 3.75, 5, 3.5], "texture": "#0"},
				"down": {"uv": [5.5, 3.75, 5, 4], "texture": "#0"}
			}
		},
		{
			"from": [5.4, 4.2, 27],
			"to": [7.4, 5, 27.2],
			"rotation": {"angle": 0, "axis": "x", "origin": [7, 5, 8]},
			"faces": {
				"north": {"uv": [5, 4.75, 5.5, 5], "texture": "#0"},
				"east": {"uv": [2.75, 6.5, 3, 6.75], "texture": "#0"},
				"south": {"uv": [5, 5, 5.5, 5.25], "texture": "#0"},
				"west": {"uv": [6.5, 2.75, 6.75, 3], "texture": "#0"},
				"up": {"uv": [1.25, 5.5, 0.75, 5.25], "texture": "#0"},
				"down": {"uv": [1.75, 5.25, 1.25, 5.5], "texture": "#0"}
			}
		},
		{
			"from": [5.4, 4.2, 27.2],
			"to": [7.4, 5, 27.4],
			"rotation": {"angle": 0, "axis": "x", "origin": [7, 5, 8]},
			"faces": {
				"north": {"uv": [2.5, 5.25, 3, 5.5], "texture": "#0"},
				"east": {"uv": [3, 6.5, 3.25, 6.75], "texture": "#0"},
				"south": {"uv": [5.25, 2.75, 5.75, 3], "texture": "#0"},
				"west": {"uv": [6.5, 3, 6.75, 3.25], "texture": "#0"},
				"up": {"uv": [3.5, 5.5, 3, 5.25], "texture": "#0"},
				"down": {"uv": [5.75, 3, 5.25, 3.25], "texture": "#0"}
			}
		},
		{
			"from": [5.6, 4.2, 27.4],
			"to": [7.2, 5, 27.6],
			"rotation": {"angle": 0, "axis": "x", "origin": [7, 5, 8]},
			"faces": {
				"north": {"uv": [5.25, 3.25, 5.75, 3.5], "texture": "#0"},
				"east": {"uv": [3.25, 6.5, 3.5, 6.75], "texture": "#0"},
				"south": {"uv": [3.5, 5.25, 4, 5.5], "texture": "#0"},
				"west": {"uv": [6.5, 3.25, 6.75, 3.5], "texture": "#0"},
				"up": {"uv": [4.5, 5.5, 4, 5.25], "texture": "#0"},
				"down": {"uv": [5.75, 4, 5.25, 4.25], "texture": "#0"}
			}
		},
		{
			"from": [5.6, 4.2, 27.6],
			"to": [7.2, 5, 27.8],
			"rotation": {"angle": 0, "axis": "x", "origin": [7, 5, 8]},
			"faces": {
				"north": {"uv": [5.25, 4.25, 5.75, 4.5], "texture": "#0"},
				"east": {"uv": [3.5, 6.5, 3.75, 6.75], "texture": "#0"},
				"south": {"uv": [4.5, 5.25, 5, 5.5], "texture": "#0"},
				"west": {"uv": [6.5, 3.5, 6.75, 3.75], "texture": "#0"},
				"up": {"uv": [5.75, 4.75, 5.25, 4.5], "texture": "#0"},
				"down": {"uv": [5.5, 5.25, 5, 5.5], "texture": "#0"}
			}
		},
		{
			"from": [5.8, 4.2, 27.8],
			"to": [7, 5, 28],
			"rotation": {"angle": 0, "axis": "x", "origin": [7, 5, 8]},
			"faces": {
				"north": {"uv": [3.75, 6.5, 4, 6.75], "texture": "#0"},
				"east": {"uv": [6.5, 3.75, 6.75, 4], "texture": "#0"},
				"south": {"uv": [4, 6.5, 4.25, 6.75], "texture": "#0"},
				"west": {"uv": [6.5, 4, 6.75, 4.25], "texture": "#0"},
				"up": {"uv": [4.5, 6.75, 4.25, 6.5], "texture": "#0"},
				"down": {"uv": [6.75, 4.25, 6.5, 4.5], "texture": "#0"}
			}
		},
		{
			"from": [5.8, 4.2, 28],
			"to": [7, 5, 28.2],
			"rotation": {"angle": 0, "axis": "x", "origin": [7, 5, 8]},
			"faces": {
				"north": {"uv": [4.5, 6.5, 4.75, 6.75], "texture": "#0"},
				"east": {"uv": [6.5, 4.5, 6.75, 4.75], "texture": "#0"},
				"south": {"uv": [4.75, 6.5, 5, 6.75], "texture": "#0"},
				"west": {"uv": [6.5, 4.75, 6.75, 5], "texture": "#0"},
				"up": {"uv": [5.25, 6.75, 5, 6.5], "texture": "#0"},
				"down": {"uv": [6.75, 5, 6.5, 5.25], "texture": "#0"}
			}
		},
		{
			"from": [6, 4.2, 28.2],
			"to": [6.8, 5, 28.4],
			"rotation": {"angle": 0, "axis": "x", "origin": [7, 5, 8]},
			"faces": {
				"north": {"uv": [5.25, 6.5, 5.5, 6.75], "texture": "#0"},
				"east": {"uv": [6.5, 5.25, 6.75, 5.5], "texture": "#0"},
				"south": {"uv": [5.5, 6.5, 5.75, 6.75], "texture": "#0"},
				"west": {"uv": [6.5, 5.5, 6.75, 5.75], "texture": "#0"},
				"up": {"uv": [6, 6.75, 5.75, 6.5], "texture": "#0"},
				"down": {"uv": [6.75, 5.75, 6.5, 6], "texture": "#0"}
			}
		},
		{
			"from": [6, 4.2, 28.4],
			"to": [6.8, 5, 28.6],
			"rotation": {"angle": 0, "axis": "x", "origin": [7, 5, 8]},
			"faces": {
				"north": {"uv": [6, 6.5, 6.25, 6.75], "texture": "#0"},
				"east": {"uv": [6.5, 6, 6.75, 6.25], "texture": "#0"},
				"south": {"uv": [6.25, 6.5, 6.5, 6.75], "texture": "#0"},
				"west": {"uv": [6.5, 6.25, 6.75, 6.5], "texture": "#0"},
				"up": {"uv": [6.75, 6.75, 6.5, 6.5], "texture": "#0"},
				"down": {"uv": [0.25, 6.75, 0, 7], "texture": "#0"}
			}
		},
		{
			"from": [5, 3.2, 26.2],
			"to": [7.8, 6, 26.6],
			"rotation": {"angle": 0, "axis": "x", "origin": [7, 5, 8]},
			"faces": {
				"north": {"uv": [2.5, 1, 3.25, 1.75], "texture": "#0"},
				"east": {"uv": [1.75, 3.75, 2, 4.5], "texture": "#0"},
				"south": {"uv": [2.5, 1.75, 3.25, 2.5], "texture": "#0"},
				"west": {"uv": [1.75, 4.5, 2, 5.25], "texture": "#0"},
				"up": {"uv": [5.5, 2.25, 4.75, 2], "texture": "#0"},
				"down": {"uv": [5.5, 2.25, 4.75, 2.5], "texture": "#0"}
			}
		},
		{
			"from": [5.3, 3.5, 26.6],
			"to": [7.5, 5.7, 27],
			"rotation": {"angle": 0, "axis": "x", "origin": [7, 5, 8]},
			"faces": {
				"north": {"uv": [3.5, 4, 4, 4.5], "texture": "#0"},
				"east": {"uv": [1.75, 5.25, 2, 5.75], "texture": "#0"},
				"south": {"uv": [4, 4, 4.5, 4.5], "texture": "#0"},
				"west": {"uv": [0, 5.5, 0.25, 6], "texture": "#0"},
				"up": {"uv": [0.75, 5.75, 0.25, 5.5], "texture": "#0"},
				"down": {"uv": [1.25, 5.5, 0.75, 5.75], "texture": "#0"}
			}
		},
		{
			"from": [5.5, 3.7, 27],
			"to": [7.3, 5.5, 27.4],
			"rotation": {"angle": 0, "axis": "x", "origin": [7, 5, 8]},
			"faces": {
				"north": {"uv": [0, 4.25, 0.5, 4.75], "texture": "#0"},
				"east": {"uv": [5.5, 1, 5.75, 1.5], "texture": "#0"},
				"south": {"uv": [4.25, 1, 4.75, 1.5], "texture": "#0"},
				"west": {"uv": [1.25, 5.5, 1.5, 6], "texture": "#0"},
				"up": {"uv": [6, 1.75, 5.5, 1.5], "texture": "#0"},
				"down": {"uv": [6, 1.75, 5.5, 2], "texture": "#0"}
			}
		},
		{
			"from": [5.65, 3.85, 27.4],
			"to": [7.15, 5.35, 27.8],
			"rotation": {"angle": 0, "axis": "x", "origin": [7, 5, 8]},
			"faces": {
				"north": {"uv": [4.25, 1.5, 4.75, 2], "texture": "#0"},
				"east": {"uv": [1.5, 5.5, 1.75, 6], "texture": "#0"},
				"south": {"uv": [4.25, 2, 4.75, 2.5], "texture": "#0"},
				"west": {"uv": [5.5, 2, 5.75, 2.5], "texture": "#0"},
				"up": {"uv": [3, 5.75, 2.5, 5.5], "texture": "#0"},
				"down": {"uv": [6, 2.5, 5.5, 2.75], "texture": "#0"}
			}
		},
		{
			"from": [5.9, 4.1, 27.8],
			"to": [6.9, 5.1, 28.2],
			"rotation": {"angle": 0, "axis": "x", "origin": [7, 5, 8]},
			"faces": {
				"north": {"uv": [0.25, 6.75, 0.5, 7], "texture": "#0"},
				"east": {"uv": [0.5, 6.75, 0.75, 7], "texture": "#0"},
				"south": {"uv": [6.75, 0.5, 7, 0.75], "texture": "#0"},
				"west": {"uv": [0.75, 6.75, 1, 7], "texture": "#0"},
				"up": {"uv": [7, 1, 6.75, 0.75], "texture": "#0"},
				"down": {"uv": [1.25, 6.75, 1, 7], "texture": "#0"}
			}
		},
		{
			"from": [6.15, 4.35, 28.2],
			"to": [6.65, 4.85, 28.6],
			"rotation": {"angle": 0, "axis": "x", "origin": [7, 5, 8]},
			"faces": {
				"north": {"uv": [6.75, 1, 7, 1.25], "texture": "#0"},
				"east": {"uv": [1.25, 6.75, 1.5, 7], "texture": "#0"},
				"south": {"uv": [6.75, 1.25, 7, 1.5], "texture": "#0"},
				"west": {"uv": [1.5, 6.75, 1.75, 7], "texture": "#0"},
				"up": {"uv": [7, 1.75, 6.75, 1.5], "texture": "#0"},
				"down": {"uv": [2, 6.75, 1.75, 7], "texture": "#0"}
			}
		}
	],
	"display": {
		"thirdperson_righthand": {
			"rotation": [-88.25, 0, 0],
			"translation": [1.75, -4.25, -2.25]
		},
		"thirdperson_lefthand": {
			"rotation": [-85.25, 0, 0],
			"translation": [-1.25, -4.25, -2]
		},
		"firstperson_righthand": {
			"rotation": [-91.25, 0, 0],
			"translation": [0, -6, 0]
		},
		"firstperson_lefthand": {
			"rotation": [-91, 0, 0],
			"translation": [-1.25, -6.5, 0]
		},
		"ground": {
			"translation": [0, 5.5, 0]
		},
		"gui": {
			"rotation": [-104.91, -47.52, -146.37],
			"translation": [1, 0, 0],
			"scale": [0.5, 0.5, 0.5]
		},
		"head": {
			"translation": [0, 6.5, 0]
		},
		"fixed": {
			"rotation": [-91.45, 38.94, -35.77],
			"translation": [2.25, -5.75, -3.5],
			"scale": [1.65, 1.65, 1.65]
		}
	},
	"groups": [
		{
			"name": "LanzaDeHielo",
			"origin": [8, 8, 8],
			"color": 0,
			"children": [
				{
					"name": "group",
					"origin": [8.5, 24, 8.5],
					"color": 0,
					"children": [0, 1, 2, 3, 4, 5, 6, 7, 8, 9, 10, 11, 12, 13, 14, 15, 16, 17, 18, 19, 20, 21, 22, 23, 24, 25, 26, 27, 28, 29, 30, 31, 32, 33, 34, 35, 36, 37, 38, 39, 40, 41, 42, 43, 44, 45]
				}
			]
		}
	]
}