{
  "parent": "minecraft:item/shield_vanilla",
  "textures": {
    "particle": "minecraft:entity/shield_base_nopattern"
  },
  "overrides": [
    { "predicate": { "custom_model_data": 1301 }, "model": "minecraft:item/espinadehierro" },
    { "predicate": { "custom_model_data": 1302 }, "model": "minecraft:item/escudoacacia" },
    { "predicate": { "custom_model_data": 1303 }, "model": "minecraft:item/murodeescarcha" },
    { "predicate": { "custom_model_data": 1304 }, "model": "minecraft:item/guardiaimplacable" },
    { "predicate": { "custom_model_data": 1305 }, "model": "minecraft:item/murallakharakdum" },
    { "predicate": { "custom_model_data": 1306 }, "model": "minecraft:item/baluartedesylwen" },
    { "predicate": { "custom_model_data": 1307 }, "model": "minecraft:item/guardiadeacero" },
    { "predicate": { "custom_model_data": 1308 }, "model": "minecraft:item/maderaymuerte" },
    { "predicate": { "custom_model_data": 1309 }, "model": "minecraft:item/escudoacaciacuadrado" },

    { "predicate": { "blocking": 1 }, "model": "item/shield_blocking" }
  ]
}
