{
	"credit": "Made with Blockbench",
	"texture_size": [64, 64],
	"textures": {
		"2": "item/cuarzo",
		"particle": "item/cuarzo"
	},
	"elements": [
		{
			"from": [3, 0, 3],
			"to": [4, 8, 4],
			"rotation": {"angle": 0, "axis": "y", "origin": [2, 0, 3]},
			"faces": {
				"north": {"uv": [3.75, 5.5, 4, 7.5], "texture": "#2"},
				"east": {"uv": [3.5, 5.5, 3.75, 7.5], "texture": "#2"},
				"south": {"uv": [4.25, 5.5, 4.5, 7.5], "texture": "#2"},
				"west": {"uv": [4, 5.5, 4.25, 7.5], "texture": "#2"},
				"up": {"uv": [4, 5.5, 3.75, 5.25], "texture": "#2"},
				"down": {"uv": [4.25, 5.25, 4, 5.5], "texture": "#2"}
			}
		},
		{
			"from": [12, 0, 3],
			"to": [13, 8, 4],
			"rotation": {"angle": 0, "axis": "y", "origin": [11, 0, 3]},
			"faces": {
				"north": {"uv": [3.75, 5.5, 4, 7.5], "texture": "#2"},
				"east": {"uv": [3.5, 5.5, 3.75, 7.5], "texture": "#2"},
				"south": {"uv": [4.25, 5.5, 4.5, 7.5], "texture": "#2"},
				"west": {"uv": [4, 5.5, 4.25, 7.5], "texture": "#2"},
				"up": {"uv": [4, 5.5, 3.75, 5.25], "texture": "#2"},
				"down": {"uv": [4.25, 5.25, 4, 5.5], "texture": "#2"}
			}
		},
		{
			"from": [3, 8, 3],
			"to": [13, 9, 12],
			"rotation": {"angle": 0, "axis": "y", "origin": [7, 1, 3]},
			"faces": {
				"north": {"uv": [2.25, 2.25, 4.75, 2.5], "texture": "#2"},
				"east": {"uv": [0, 2.25, 2.25, 2.5], "texture": "#2"},
				"south": {"uv": [7, 2.25, 9.5, 2.5], "texture": "#2"},
				"west": {"uv": [4.75, 2.25, 7, 2.5], "texture": "#2"},
				"up": {"uv": [4.75, 2.25, 2.25, 0], "texture": "#2"},
				"down": {"uv": [7.25, 0, 4.75, 2.25], "texture": "#2"}
			}
		},
		{
			"from": [4, 10, 12],
			"to": [12, 20, 13],
			"rotation": {"angle": 0, "axis": "y", "origin": [7, 8, 8]},
			"faces": {
				"north": {"uv": [0.25, 2.75, 2.25, 5.25], "texture": "#2"},
				"east": {"uv": [0, 2.75, 0.25, 5.25], "texture": "#2"},
				"south": {"uv": [2.5, 2.75, 4.5, 5.25], "texture": "#2"},
				"west": {"uv": [2.25, 2.75, 2.5, 5.25], "texture": "#2"},
				"up": {"uv": [2.25, 2.75, 0.25, 2.5], "texture": "#2"},
				"down": {"uv": [4.25, 2.5, 2.25, 2.75], "texture": "#2"}
			}
		},
		{
			"from": [5, 20, 12],
			"to": [11, 21, 13],
			"rotation": {"angle": 0, "axis": "y", "origin": [7, 9, 8]},
			"faces": {
				"north": {"uv": [0.25, 5.5, 1.75, 5.75], "texture": "#2"},
				"east": {"uv": [0, 5.5, 0.25, 5.75], "texture": "#2"},
				"south": {"uv": [2, 5.5, 3.5, 5.75], "texture": "#2"},
				"west": {"uv": [1.75, 5.5, 2, 5.75], "texture": "#2"},
				"up": {"uv": [1.75, 5.5, 0.25, 5.25], "texture": "#2"},
				"down": {"uv": [3.25, 5.25, 1.75, 5.5], "texture": "#2"}
			}
		},
		{
			"from": [12, 0, 12],
			"to": [13, 19, 13],
			"rotation": {"angle": 0, "axis": "y", "origin": [11, 0, 12]},
			"faces": {
				"north": {"uv": [4.75, 2.75, 5, 7.5], "texture": "#2"},
				"east": {"uv": [4.5, 2.75, 4.75, 7.5], "texture": "#2"},
				"south": {"uv": [5.25, 2.75, 5.5, 7.5], "texture": "#2"},
				"west": {"uv": [5, 2.75, 5.25, 7.5], "texture": "#2"},
				"up": {"uv": [5, 2.75, 4.75, 2.5], "texture": "#2"},
				"down": {"uv": [5.25, 2.5, 5, 2.75], "texture": "#2"}
			}
		},
		{
			"from": [3, 0, 12],
			"to": [4, 19, 13],
			"rotation": {"angle": 0, "axis": "y", "origin": [2, 0, 12]},
			"faces": {
				"north": {"uv": [4.75, 2.75, 5, 7.5], "texture": "#2"},
				"east": {"uv": [4.5, 2.75, 4.75, 7.5], "texture": "#2"},
				"south": {"uv": [5.25, 2.75, 5.5, 7.5], "texture": "#2"},
				"west": {"uv": [5, 2.75, 5.25, 7.5], "texture": "#2"},
				"up": {"uv": [5, 2.75, 4.75, 2.5], "texture": "#2"},
				"down": {"uv": [5.25, 2.5, 5, 2.75], "texture": "#2"}
			}
		}
	],
	"display": {
		"thirdperson_righthand": {
			"scale": [0.4, 0.4, 0.4]
		},
		"thirdperson_lefthand": {
			"scale": [0.34, 0.34, 0.34]
		},
		"firstperson_righthand": {
			"scale": [0.43, 0.43, 0.43]
		},
		"firstperson_lefthand": {
			"scale": [0.33, 0.33, 0.33]
		},
		"ground": {
			"translation": [-0.25, 1.75, 0],
			"scale": [0.63, 0.63, 0.63]
		},
		"gui": {
			"rotation": [20, -134, 0],
			"translation": [0, -1.25, 0],
			"scale": [0.58, 0.58, 0.58]
		},
		"head": {
			"scale": [1.67, 1.67, 1.67]
		},
		"fixed": {
			"translation": [0, 0.5, -4.75]
		}
	},
	"groups": [
		{
			"name": "group",
			"origin": [11, 0, 11],
			"color": 0,
			"children": [0, 1, 2, 3, 4, 5, 6]
		}
	]
}