{
	"credit": "Made with Blockbench",
	"texture_size": [32, 32],
	"textures": {
		"0": "item/tridente",
		"particle": "item/tridente"
	},
	"elements": [
		{
			"name": "body",
			"from": [6.5, 23, 7.5],
			"to": [9.5, 25, 8.5],
			"rotation": {"angle": 0, "axis": "y", "origin": [8, 0, 8]},
			"faces": {
				"north": {"uv": [4, 0, 5.5, 1], "texture": "#0"},
				"east": {"uv": [3.5, 7, 4, 8], "texture": "#0"},
				"south": {"uv": [4, 1, 5.5, 2], "texture": "#0"},
				"west": {"uv": [7, 6, 7.5, 7], "texture": "#0"},
				"up": {"uv": [7.5, 4, 6, 3.5], "texture": "#0"},
				"down": {"uv": [8, 1, 6.5, 1.5], "texture": "#0"}
			}
		},
		{
			"name": "body",
			"from": [7.1, 24, 7.3],
			"to": [8.9, 26, 7.6],
			"rotation": {"angle": 0, "axis": "y", "origin": [8, 1, 7]},
			"faces": {
				"north": {"uv": [6, 2.5, 7, 3.5], "texture": "#0"},
				"east": {"uv": [7.5, 3.5, 7.75, 4.5], "texture": "#0"},
				"south": {"uv": [0, 6.5, 1, 7.5], "texture": "#0"},
				"west": {"uv": [5, 7.5, 5.25, 8.5], "texture": "#0"},
				"up": {"uv": [8.5, 4.75, 7.5, 4.5], "texture": "#0"},
				"down": {"uv": [8.5, 6, 7.5, 6.25], "texture": "#0"}
			}
		},
		{
			"name": "body",
			"from": [8.9, 24.1, 7.4],
			"to": [9.1, 25.9, 7.5],
			"rotation": {"angle": 0, "axis": "y", "origin": [9, 1, 7]},
			"faces": {
				"north": {"uv": [5.5, 7.5, 5.75, 8.5], "texture": "#0"},
				"east": {"uv": [7.5, 6.5, 7.75, 7.5], "texture": "#0"},
				"south": {"uv": [7.5, 7.5, 7.75, 8.5], "texture": "#0"},
				"west": {"uv": [0.5, 8, 0.75, 9], "texture": "#0"},
				"up": {"uv": [9.25, 1.25, 9, 1], "texture": "#0"},
				"down": {"uv": [1.75, 9, 1.5, 9.25], "texture": "#0"}
			}
		},
		{
			"name": "body",
			"from": [7.25, 26, 7.4],
			"to": [8.75, 26.2, 7.5],
			"rotation": {"angle": 0, "axis": "y", "origin": [8, 1, 7]},
			"faces": {
				"north": {"uv": [8.5, 3, 9.25, 3.25], "texture": "#0"},
				"east": {"uv": [9, 1.5, 9.25, 1.75], "texture": "#0"},
				"south": {"uv": [8.5, 3.5, 9.25, 3.75], "texture": "#0"},
				"west": {"uv": [2, 9, 2.25, 9.25], "texture": "#0"},
				"up": {"uv": [9.25, 4.75, 8.5, 4.5], "texture": "#0"},
				"down": {"uv": [5.75, 8.5, 5, 8.75], "texture": "#0"}
			}
		},
		{
			"name": "body",
			"from": [7.25, 23.8, 7.4],
			"to": [8.75, 24, 7.5],
			"rotation": {"angle": 0, "axis": "y", "origin": [8, -1, 7]},
			"faces": {
				"north": {"uv": [8.5, 5, 9.25, 5.25], "texture": "#0"},
				"east": {"uv": [9, 2, 9.25, 2.25], "texture": "#0"},
				"south": {"uv": [8.5, 5.5, 9.25, 5.75], "texture": "#0"},
				"west": {"uv": [2.5, 9, 2.75, 9.25], "texture": "#0"},
				"up": {"uv": [9.25, 6.25, 8.5, 6], "texture": "#0"},
				"down": {"uv": [9.25, 6.5, 8.5, 6.75], "texture": "#0"}
			}
		},
		{
			"name": "body",
			"from": [6.9, 24.1, 7.4],
			"to": [7.1, 25.9, 7.5],
			"rotation": {"angle": 0, "axis": "y", "origin": [7, 1, 7]},
			"faces": {
				"north": {"uv": [1, 8, 1.25, 9], "texture": "#0"},
				"east": {"uv": [1.5, 8, 1.75, 9], "texture": "#0"},
				"south": {"uv": [8, 2, 8.25, 3], "texture": "#0"},
				"west": {"uv": [8, 3, 8.25, 4], "texture": "#0"},
				"up": {"uv": [9.25, 2.75, 9, 2.5], "texture": "#0"},
				"down": {"uv": [3.25, 9, 3, 9.25], "texture": "#0"}
			}
		},
		{
			"name": "body",
			"from": [7.25, 23.8, 8.5],
			"to": [8.75, 24, 8.6],
			"rotation": {"angle": 0, "axis": "y", "origin": [8, -1, 8]},
			"faces": {
				"north": {"uv": [8.5, 7, 9.25, 7.25], "texture": "#0"},
				"east": {"uv": [3.5, 9, 3.75, 9.25], "texture": "#0"},
				"south": {"uv": [7.5, 8.5, 8.25, 8.75], "texture": "#0"},
				"west": {"uv": [4, 9, 4.25, 9.25], "texture": "#0"},
				"up": {"uv": [9.25, 7.75, 8.5, 7.5], "texture": "#0"},
				"down": {"uv": [9.25, 8, 8.5, 8.25], "texture": "#0"}
			}
		},
		{
			"name": "body",
			"from": [7.1, 24, 8.4],
			"to": [8.9, 26, 8.7],
			"rotation": {"angle": 0, "axis": "y", "origin": [8, 1, 8]},
			"faces": {
				"north": {"uv": [6.5, 0, 7.5, 1], "texture": "#0"},
				"east": {"uv": [3.5, 8, 3.75, 9], "texture": "#0"},
				"south": {"uv": [1, 6.5, 2, 7.5], "texture": "#0"},
				"west": {"uv": [4, 8, 4.25, 9], "texture": "#0"},
				"up": {"uv": [9, 1.25, 8, 1], "texture": "#0"},
				"down": {"uv": [9, 4, 8, 4.25], "texture": "#0"}
			}
		},
		{
			"name": "body",
			"from": [8.9, 24.1, 8.5],
			"to": [9.1, 25.9, 8.6],
			"rotation": {"angle": 0, "axis": "y", "origin": [9, 1, 8]},
			"faces": {
				"north": {"uv": [4.5, 8, 4.75, 9], "texture": "#0"},
				"east": {"uv": [8, 5, 8.25, 6], "texture": "#0"},
				"south": {"uv": [6, 8, 6.25, 9], "texture": "#0"},
				"west": {"uv": [6.5, 8, 6.75, 9], "texture": "#0"},
				"up": {"uv": [9.25, 4.25, 9, 4], "texture": "#0"},
				"down": {"uv": [4.75, 9, 4.5, 9.25], "texture": "#0"}
			}
		},
		{
			"name": "body",
			"from": [6.9, 24.1, 8.5],
			"to": [7.1, 25.9, 8.6],
			"rotation": {"angle": 0, "axis": "y", "origin": [7, 1, 8]},
			"faces": {
				"north": {"uv": [8, 6.5, 8.25, 7.5], "texture": "#0"},
				"east": {"uv": [7, 8, 7.25, 9], "texture": "#0"},
				"south": {"uv": [8, 7.5, 8.25, 8.5], "texture": "#0"},
				"west": {"uv": [0, 8.5, 0.25, 9.5], "texture": "#0"},
				"up": {"uv": [5.25, 9.25, 5, 9], "texture": "#0"},
				"down": {"uv": [5.75, 9, 5.5, 9.25], "texture": "#0"}
			}
		},
		{
			"name": "body",
			"from": [7.25, 26, 8.5],
			"to": [8.75, 26.2, 8.6],
			"rotation": {"angle": 0, "axis": "y", "origin": [8, 1, 8]},
			"faces": {
				"north": {"uv": [8.5, 8.5, 9.25, 8.75], "texture": "#0"},
				"east": {"uv": [6, 9, 6.25, 9.25], "texture": "#0"},
				"south": {"uv": [9, 0, 9.75, 0.25], "texture": "#0"},
				"west": {"uv": [6.5, 9, 6.75, 9.25], "texture": "#0"},
				"up": {"uv": [1.25, 9.25, 0.5, 9], "texture": "#0"},
				"down": {"uv": [9.75, 0.5, 9, 0.75], "texture": "#0"}
			}
		},
		{
			"name": "body",
			"from": [7.5, 14, 7.5],
			"to": [8.5, 23, 8.5],
			"rotation": {"angle": 0, "axis": "y", "origin": [8, 0, 8]},
			"faces": {
				"north": {"uv": [0, 2, 0.5, 6.5], "texture": "#0"},
				"east": {"uv": [0.5, 2, 1, 6.5], "texture": "#0"},
				"south": {"uv": [1, 2, 1.5, 6.5], "texture": "#0"},
				"west": {"uv": [1.5, 2, 2, 6.5], "texture": "#0"},
				"up": {"uv": [9, 0.5, 8.5, 0], "texture": "#0"},
				"down": {"uv": [9, 0.5, 8.5, 1], "texture": "#0"}
			}
		},
		{
			"name": "body",
			"from": [7.5, 1, 7.5],
			"to": [8.5, 10, 8.5],
			"rotation": {"angle": 0, "axis": "y", "origin": [8, -12, 8]},
			"faces": {
				"north": {"uv": [2, 2, 2.5, 6.5], "texture": "#0"},
				"east": {"uv": [2.5, 0, 3, 4.5], "texture": "#0"},
				"south": {"uv": [3, 0, 3.5, 4.5], "texture": "#0"},
				"west": {"uv": [3.5, 0, 4, 4.5], "texture": "#0"},
				"up": {"uv": [9, 2, 8.5, 1.5], "texture": "#0"},
				"down": {"uv": [2.5, 8.5, 2, 9], "texture": "#0"}
			}
		},
		{
			"name": "body",
			"from": [7.35, 10, 7.35],
			"to": [8.65, 14, 8.65],
			"rotation": {"angle": 0, "axis": "y", "origin": [8, -9, 8]},
			"faces": {
				"north": {"uv": [4, 2, 4.75, 4], "texture": "#0"},
				"east": {"uv": [4, 4, 4.75, 6], "texture": "#0"},
				"south": {"uv": [2.5, 4.5, 3.25, 6.5], "texture": "#0"},
				"west": {"uv": [5, 2, 5.75, 4], "texture": "#0"},
				"up": {"uv": [7.25, 2.25, 6.5, 1.5], "texture": "#0"},
				"down": {"uv": [7.75, 2.5, 7, 3.25], "texture": "#0"}
			}
		},
		{
			"name": "base",
			"from": [5.5, 25, 7.5],
			"to": [10.5, 27, 8.5],
			"rotation": {"angle": 0, "axis": "y", "origin": [8, 0, 8]},
			"faces": {
				"north": {"uv": [0, 0, 2.5, 1], "texture": "#0"},
				"east": {"uv": [7, 7, 7.5, 8], "texture": "#0"},
				"south": {"uv": [0, 1, 2.5, 2], "texture": "#0"},
				"west": {"uv": [0, 7.5, 0.5, 8.5], "texture": "#0"},
				"up": {"uv": [7.5, 4.5, 5, 4], "texture": "#0"},
				"down": {"uv": [7.5, 4.5, 5, 5], "texture": "#0"}
			}
		},
		{
			"name": "left_spike",
			"from": [10.5, 26, 7.5],
			"to": [11.5, 30, 8.5],
			"rotation": {"angle": 0, "axis": "y", "origin": [9, 0, 8]},
			"faces": {
				"north": {"uv": [2, 6.5, 2.5, 8.5], "texture": "#0"},
				"east": {"uv": [2.5, 6.5, 3, 8.5], "texture": "#0"},
				"south": {"uv": [3, 6.5, 3.5, 8.5], "texture": "#0"},
				"west": {"uv": [6.5, 5, 7, 7], "texture": "#0"},
				"up": {"uv": [9, 2.5, 8.5, 2], "texture": "#0"},
				"down": {"uv": [3, 8.5, 2.5, 9], "texture": "#0"}
			}
		},
		{
			"name": "middle_spike",
			"from": [7.5, 27, 7.5],
			"to": [8.5, 32, 8.5],
			"rotation": {"angle": 0, "axis": "y", "origin": [8, 0, 8]},
			"faces": {
				"north": {"uv": [3.5, 4.5, 4, 7], "texture": "#0"},
				"east": {"uv": [5, 5, 5.5, 7.5], "texture": "#0"},
				"south": {"uv": [5.5, 5, 6, 7.5], "texture": "#0"},
				"west": {"uv": [6, 0, 6.5, 2.5], "texture": "#0"},
				"up": {"uv": [9, 3, 8.5, 2.5], "texture": "#0"},
				"down": {"uv": [3.5, 8.5, 3, 9], "texture": "#0"}
			}
		},
		{
			"name": "right_spike",
			"from": [4.5, 26, 7.5],
			"to": [5.5, 30, 8.5],
			"rotation": {"angle": 0, "axis": "y", "origin": [7, 0, 8]},
			"faces": {
				"north": {"uv": [5.5, 0, 6, 2], "texture": "#0"},
				"east": {"uv": [4, 6, 4.5, 8], "texture": "#0"},
				"south": {"uv": [4.5, 6, 5, 8], "texture": "#0"},
				"west": {"uv": [6, 5, 6.5, 7], "texture": "#0"},
				"up": {"uv": [2, 8, 1.5, 7.5], "texture": "#0"},
				"down": {"uv": [8, 2, 7.5, 2.5], "texture": "#0"}
			}
		},
		{
			"name": "body",
			"from": [7.25, 0, 7.25],
			"to": [8.65, 1, 8.65],
			"rotation": {"angle": 0, "axis": "y", "origin": [8, -1, 8]},
			"faces": {
				"north": {"uv": [7.5, 0, 8.25, 0.5], "texture": "#0"},
				"east": {"uv": [0.5, 7.5, 1.25, 8], "texture": "#0"},
				"south": {"uv": [7.5, 0.5, 8.25, 1], "texture": "#0"},
				"west": {"uv": [7.5, 1.5, 8.25, 2], "texture": "#0"},
				"up": {"uv": [7.75, 5.75, 7, 5], "texture": "#0"},
				"down": {"uv": [6.75, 7, 6, 7.75], "texture": "#0"}
			}
		}
	],
	"display": {
		"thirdperson_righthand": {
			"translation": [0, -6, 1]
		},
		"thirdperson_lefthand": {
			"translation": [0, -5.5, 1.5]
		},
		"firstperson_righthand": {
			"translation": [0, -6, 0]
		},
		"firstperson_lefthand": {
			"translation": [0, -6, 0]
		},
		"ground": {
			"rotation": [-90, 0, 0]
		},
		"gui": {
			"rotation": [1, -32, -36],
			"translation": [-2.25, -3.5, 0],
			"scale": [0.53, 0.53, 0.53]
		},
		"fixed": {
			"rotation": [0, 0, -40.25],
			"translation": [-6.5, -8, -1],
			"scale": [1.81, 1.81, 1.81]
		}
	},
	"groups": [
		{
			"name": "body",
			"origin": [8, 27, 8],
			"color": 0,
			"children": [0, 1, 2, 3, 4, 5, 6, 7, 8, 9, 10, 11, 12, 13, 14, 15, 16, 17, 18]
		}
	]
}