{
	"credit": "Made with Blockbench",
	"textures": {
		"1": "item/varafuego",
		"particle": "item/varafuego"
	},
	"elements": [
		{
			"from": [7.8, 21, 7.8],
			"to": [9, 22.2, 9],
			"rotation": {"angle": 0, "axis": "y", "origin": [7, -8, 7]},
			"faces": {
				"north": {"uv": [8, 8, 9.25, 9.25], "texture": "#1"},
				"east": {"uv": [10, 0, 11.25, 1.25], "texture": "#1"},
				"south": {"uv": [10, 2, 11.25, 3.25], "texture": "#1"},
				"west": {"uv": [4, 10, 5.25, 11.25], "texture": "#1"},
				"up": {"uv": [11.25, 5.25, 10, 4], "texture": "#1"},
				"down": {"uv": [7.25, 10, 6, 11.25], "texture": "#1"}
			}
		},
		{
			"from": [7.9, 8, 7.9],
			"to": [8.9, 21, 8.9],
			"rotation": {"angle": 0, "axis": "y", "origin": [7, -9, 7]},
			"faces": {
				"north": {"uv": [0, 0, 1, 13], "texture": "#1"},
				"east": {"uv": [1, 0, 2, 13], "texture": "#1"},
				"south": {"uv": [2, 0, 3, 13], "texture": "#1"},
				"west": {"uv": [3, 0, 4, 13], "texture": "#1"},
				"up": {"uv": [14, 2, 13, 1], "texture": "#1"},
				"down": {"uv": [3, 13, 2, 14], "texture": "#1"}
			}
		},
		{
			"from": [8, 0, 8],
			"to": [8.8, 8, 8.8],
			"rotation": {"angle": 0, "axis": "y", "origin": [7, -17, 7]},
			"faces": {
				"north": {"uv": [4, 0, 4.75, 8], "texture": "#1"},
				"east": {"uv": [5, 0, 5.75, 8], "texture": "#1"},
				"south": {"uv": [6, 0, 6.75, 8], "texture": "#1"},
				"west": {"uv": [7, 0, 7.75, 8], "texture": "#1"},
				"up": {"uv": [13.75, 2.75, 13, 2], "texture": "#1"},
				"down": {"uv": [3.75, 13, 3, 13.75], "texture": "#1"}
			}
		},
		{
			"from": [7.7, 24, 7.7],
			"to": [9.2, 25.5, 9.2],
			"rotation": {"angle": 0, "axis": "y", "origin": [7, -5, 7]},
			"faces": {
				"north": {"uv": [8, 0, 9.5, 1.5], "texture": "#1"},
				"east": {"uv": [8, 2, 9.5, 3.5], "texture": "#1"},
				"south": {"uv": [4, 8, 5.5, 9.5], "texture": "#1"},
				"west": {"uv": [8, 4, 9.5, 5.5], "texture": "#1"},
				"up": {"uv": [7.5, 9.5, 6, 8], "texture": "#1"},
				"down": {"uv": [9.5, 6, 8, 7.5], "texture": "#1"}
			}
		},
		{
			"from": [8.05, 22, 8],
			"to": [8.85, 24, 8.8],
			"rotation": {"angle": 45, "axis": "z", "origin": [8, 22, 8]},
			"faces": {
				"north": {"uv": [10, 6, 10.75, 8], "texture": "#1"},
				"east": {"uv": [8, 10, 8.75, 12], "texture": "#1"},
				"south": {"uv": [10, 8, 10.75, 10], "texture": "#1"},
				"west": {"uv": [9, 10, 9.75, 12], "texture": "#1"},
				"up": {"uv": [13.75, 3.75, 13, 3], "texture": "#1"},
				"down": {"uv": [13.75, 4, 13, 4.75], "texture": "#1"}
			}
		},
		{
			"from": [8.05, 24, 8],
			"to": [9.85, 24.3, 8.8],
			"rotation": {"angle": 45, "axis": "z", "origin": [8, 22, 8]},
			"faces": {
				"north": {"uv": [12, 13, 13.75, 13.25], "texture": "#1"},
				"east": {"uv": [4, 14, 4.75, 14.25], "texture": "#1"},
				"south": {"uv": [0, 14, 1.75, 14.25], "texture": "#1"},
				"west": {"uv": [14, 4, 14.75, 4.25], "texture": "#1"},
				"up": {"uv": [12.75, 9.75, 11, 9], "texture": "#1"},
				"down": {"uv": [13.75, 10, 12, 10.75], "texture": "#1"}
			}
		},
		{
			"from": [8.05, 22, 6],
			"to": [8.85, 22.8, 8],
			"rotation": {"angle": 45, "axis": "x", "origin": [8, 22, 8]},
			"faces": {
				"north": {"uv": [13, 5, 13.75, 5.75], "texture": "#1"},
				"east": {"uv": [10, 10, 12, 10.75], "texture": "#1"},
				"south": {"uv": [13, 6, 13.75, 6.75], "texture": "#1"},
				"west": {"uv": [11, 6, 13, 6.75], "texture": "#1"},
				"up": {"uv": [11.75, 9, 11, 7], "texture": "#1"},
				"down": {"uv": [10.75, 11, 10, 13], "texture": "#1"}
			}
		},
		{
			"from": [8.05, 22, 5.7],
			"to": [8.85, 24, 6],
			"rotation": {"angle": 45, "axis": "x", "origin": [8, 22, 8]},
			"faces": {
				"north": {"uv": [11, 11, 11.75, 13], "texture": "#1"},
				"east": {"uv": [11, 13, 11.25, 15], "texture": "#1"},
				"south": {"uv": [12, 0, 12.75, 2], "texture": "#1"},
				"west": {"uv": [13, 11, 13.25, 13], "texture": "#1"},
				"up": {"uv": [5.75, 14.25, 5, 14], "texture": "#1"},
				"down": {"uv": [14.75, 5, 14, 5.25], "texture": "#1"}
			}
		},
		{
			"from": [8, 22.8, 8.5],
			"to": [8.8, 24.8, 9.3],
			"rotation": {"angle": 45, "axis": "x", "origin": [8, 23, 8]},
			"faces": {
				"north": {"uv": [12, 2, 12.75, 4], "texture": "#1"},
				"east": {"uv": [4, 12, 4.75, 14], "texture": "#1"},
				"south": {"uv": [12, 4, 12.75, 6], "texture": "#1"},
				"west": {"uv": [5, 12, 5.75, 14], "texture": "#1"},
				"up": {"uv": [13.75, 7.75, 13, 7], "texture": "#1"},
				"down": {"uv": [13.75, 8, 13, 8.75], "texture": "#1"}
			}
		},
		{
			"from": [8, 24.8, 7.5],
			"to": [8.8, 25.1, 9.3],
			"rotation": {"angle": 45, "axis": "x", "origin": [8, 23, 8]},
			"faces": {
				"north": {"uv": [6, 14, 6.75, 14.25], "texture": "#1"},
				"east": {"uv": [14, 1, 15.75, 1.25], "texture": "#1"},
				"south": {"uv": [14, 6, 14.75, 6.25], "texture": "#1"},
				"west": {"uv": [2, 14, 3.75, 14.25], "texture": "#1"},
				"up": {"uv": [9.75, 13.75, 9, 12], "texture": "#1"},
				"down": {"uv": [12.75, 11, 12, 12.75], "texture": "#1"}
			}
		},
		{
			"from": [8.2, 22, 8.05],
			"to": [9, 24, 8.85],
			"rotation": {"angle": -45, "axis": "z", "origin": [9, 22, 8]},
			"faces": {
				"north": {"uv": [6, 12, 6.75, 14], "texture": "#1"},
				"east": {"uv": [7, 12, 7.75, 14], "texture": "#1"},
				"south": {"uv": [12, 7, 12.75, 9], "texture": "#1"},
				"west": {"uv": [8, 12, 8.75, 14], "texture": "#1"},
				"up": {"uv": [13.75, 9.75, 13, 9], "texture": "#1"},
				"down": {"uv": [10.75, 13, 10, 13.75], "texture": "#1"}
			}
		},
		{
			"from": [7.2, 24, 8.05],
			"to": [9, 24.3, 8.85],
			"rotation": {"angle": -45, "axis": "z", "origin": [9, 22, 8]},
			"faces": {
				"north": {"uv": [14, 2, 15.75, 2.25], "texture": "#1"},
				"east": {"uv": [7, 14, 7.75, 14.25], "texture": "#1"},
				"south": {"uv": [14, 3, 15.75, 3.25], "texture": "#1"},
				"west": {"uv": [14, 7, 14.75, 7.25], "texture": "#1"},
				"up": {"uv": [1.75, 13.75, 0, 13], "texture": "#1"},
				"down": {"uv": [14.75, 0, 13, 0.75], "texture": "#1"}
			}
		}
	],
	"display": {
		"thirdperson_righthand": {
			"translation": [0, -5.75, 1.5]
		},
		"thirdperson_lefthand": {
			"translation": [0.5, 0, 1]
		},
		"firstperson_righthand": {
			"translation": [0, -2.5, 0]
		},
		"firstperson_lefthand": {
			"translation": [1.5, -2, 0]
		},
		"ground": {
			"rotation": [-89, 1, 0],
			"translation": [0, -2.75, 5.25]
		},
		"gui": {
			"rotation": [-11, -28, 47],
			"translation": [2.75, -2.75, 0],
			"scale": [0.88, 0.88, 0.88]
		},
		"fixed": {
			"rotation": [-3, -55, 0],
			"translation": [0, -7.5, -2.5],
			"scale": [2.19, 2.19, 2.19]
		}
	},
	"groups": [
		{
			"name": "group",
			"origin": [8.5, 24, 8.5],
			"color": 0,
			"children": [0, 1, 2, 3, 4, 5, 6, 7, 8, 9, 10, 11]
		}
	]
}