{
  "parent": "minecraft:item/generated",
  "textures": {
    "layer0": "minecraft:item/bow_pulling_1"
  },
  "overrides": [
    { "predicate": { "custom_model_data": 1401, "pulling": 1, "pull": 0.65 },"model": "minecraft:item/longbow_pulling_1" },
	{ "predicate": { "custom_model_data": 1402, "pulling": 1, "pull": 0.65 },"model": "minecraft:item/shortbow_pulling_1" },
	{ "predicate": { "custom_model_data": 1403, "pulling": 1, "pull": 0.65 },"model": "minecraft:item/hunterbow_pulling_1" }
  ]
}
