{
	"format_version": "1.21.11",
	"credit": "Made with Blockbench",
	"texture_size": [128, 128],
	"textures": {
		"0": "item/estatuapiedra",
		"particle": "item/estatuapiedra"
	},
	"elements": [
		{
			"from": [2, 2, 2],
			"to": [14, 6, 14],
			"rotation": {"angle": 0, "axis": "y", "origin": [7, 2, 7]},
			"faces": {
				"north": {"uv": [1.5, 5.5, 3, 6], "texture": "#0"},
				"east": {"uv": [0, 5.5, 1.5, 6], "texture": "#0"},
				"south": {"uv": [4.5, 5.5, 6, 6], "texture": "#0"},
				"west": {"uv": [3, 5.5, 4.5, 6], "texture": "#0"},
				"up": {"uv": [3, 5.5, 1.5, 4], "texture": "#0"},
				"down": {"uv": [4.5, 4, 3, 5.5], "texture": "#0"}
			}
		},
		{
			"from": [1, 6, 1],
			"to": [15, 8, 15],
			"rotation": {"angle": 0, "axis": "y", "origin": [7, -4, 7]},
			"faces": {
				"north": {"uv": [1.75, 1.75, 3.5, 2], "texture": "#0"},
				"east": {"uv": [0, 1.75, 1.75, 2], "texture": "#0"},
				"south": {"uv": [5.25, 1.75, 7, 2], "texture": "#0"},
				"west": {"uv": [3.5, 1.75, 5.25, 2], "texture": "#0"},
				"up": {"uv": [3.5, 1.75, 1.75, 0], "texture": "#0"},
				"down": {"uv": [5.25, 0, 3.5, 1.75], "texture": "#0"}
			}
		},
		{
			"from": [1, 0, 1],
			"to": [15, 2, 15],
			"rotation": {"angle": 0, "axis": "y", "origin": [7, -10, 7]},
			"faces": {
				"north": {"uv": [1.75, 3.75, 3.5, 4], "texture": "#0"},
				"east": {"uv": [0, 3.75, 1.75, 4], "texture": "#0"},
				"south": {"uv": [5.25, 3.75, 7, 4], "texture": "#0"},
				"west": {"uv": [3.5, 3.75, 5.25, 4], "texture": "#0"},
				"up": {"uv": [3.5, 3.75, 1.75, 2], "texture": "#0"},
				"down": {"uv": [5.25, 2, 3.5, 3.75], "texture": "#0"}
			}
		},
		{
			"from": [8, 8, 7],
			"to": [11, 17, 10],
			"rotation": {"angle": 0, "axis": "y", "origin": [7, -2, 7]},
			"faces": {
				"north": {"uv": [6.375, 4.375, 6.75, 5.5], "texture": "#0"},
				"east": {"uv": [6, 4.375, 6.375, 5.5], "texture": "#0"},
				"south": {"uv": [7.125, 4.375, 7.5, 5.5], "texture": "#0"},
				"west": {"uv": [6.75, 4.375, 7.125, 5.5], "texture": "#0"},
				"up": {"uv": [6.75, 4.375, 6.375, 4], "texture": "#0"},
				"down": {"uv": [7.125, 4, 6.75, 4.375], "texture": "#0"}
			}
		},
		{
			"from": [11, 17, 7],
			"to": [14, 26, 10],
			"rotation": {"angle": 0, "axis": "y", "origin": [10, 7, 7]},
			"faces": {
				"north": {"uv": [5.125, 6.375, 5.5, 7.5], "texture": "#0"},
				"east": {"uv": [4.75, 6.375, 5.125, 7.5], "texture": "#0"},
				"south": {"uv": [5.875, 6.375, 6.25, 7.5], "texture": "#0"},
				"west": {"uv": [5.5, 6.375, 5.875, 7.5], "texture": "#0"},
				"up": {"uv": [5.5, 6.375, 5.125, 6], "texture": "#0"},
				"down": {"uv": [5.875, 6, 5.5, 6.375], "texture": "#0"}
			}
		},
		{
			"from": [2, 17, 7],
			"to": [5, 26, 10],
			"rotation": {"angle": 0, "axis": "y", "origin": [1, 7, 7]},
			"faces": {
				"north": {"uv": [6.625, 5.875, 7, 7], "texture": "#0"},
				"east": {"uv": [6.25, 5.875, 6.625, 7], "texture": "#0"},
				"south": {"uv": [7.375, 5.875, 7.75, 7], "texture": "#0"},
				"west": {"uv": [7, 5.875, 7.375, 7], "texture": "#0"},
				"up": {"uv": [7, 5.875, 6.625, 5.5], "texture": "#0"},
				"down": {"uv": [7.375, 5.5, 7, 5.875], "texture": "#0"}
			}
		},
		{
			"from": [5, 17, 7],
			"to": [11, 26, 10],
			"rotation": {"angle": 0, "axis": "y", "origin": [7, 7, 7]},
			"faces": {
				"north": {"uv": [0.375, 6.375, 1.125, 7.5], "texture": "#0"},
				"east": {"uv": [0, 6.375, 0.375, 7.5], "texture": "#0"},
				"south": {"uv": [1.5, 6.375, 2.25, 7.5], "texture": "#0"},
				"west": {"uv": [1.125, 6.375, 1.5, 7.5], "texture": "#0"},
				"up": {"uv": [1.125, 6.375, 0.375, 6], "texture": "#0"},
				"down": {"uv": [1.875, 6, 1.125, 6.375], "texture": "#0"}
			}
		},
		{
			"from": [5.5, 26, 6],
			"to": [10.5, 31, 11],
			"rotation": {"angle": 0, "axis": "y", "origin": [7, 11, 7]},
			"faces": {
				"north": {"uv": [2.875, 6.625, 3.5, 7.25], "texture": "#0"},
				"east": {"uv": [2.25, 6.625, 2.875, 7.25], "texture": "#0"},
				"south": {"uv": [4.125, 6.625, 4.75, 7.25], "texture": "#0"},
				"west": {"uv": [3.5, 6.625, 4.125, 7.25], "texture": "#0"},
				"up": {"uv": [3.5, 6.625, 2.875, 6], "texture": "#0"},
				"down": {"uv": [4.125, 6, 3.5, 6.625], "texture": "#0"}
			}
		},
		{
			"from": [5, 8, 7],
			"to": [8, 17, 10],
			"rotation": {"angle": 0, "axis": "y", "origin": [4, -2, 7]},
			"faces": {
				"north": {"uv": [7.375, 0.375, 7.75, 1.5], "texture": "#0"},
				"east": {"uv": [7, 0.375, 7.375, 1.5], "texture": "#0"},
				"south": {"uv": [8.125, 0.375, 8.5, 1.5], "texture": "#0"},
				"west": {"uv": [7.75, 0.375, 8.125, 1.5], "texture": "#0"},
				"up": {"uv": [7.75, 0.375, 7.375, 0], "texture": "#0"},
				"down": {"uv": [8.125, 0, 7.75, 0.375], "texture": "#0"}
			}
		}
	],
	"display": {
		"thirdperson_righthand": {
			"scale": [0.27, 0.27, 0.27]
		},
		"thirdperson_lefthand": {
			"scale": [0.25, 0.25, 0.25]
		},
		"firstperson_righthand": {
			"scale": [0.37, 0.37, 0.37]
		},
		"firstperson_lefthand": {
			"scale": [0.28, 0.28, 0.28]
		},
		"ground": {
			"translation": [0, 2.75, 0],
			"scale": [0.48, 0.48, 0.48]
		},
		"gui": {
			"rotation": [31, -50, 0],
			"translation": [0.5, -2.25, 0],
			"scale": [0.46, 0.46, 0.46]
		},
		"head": {
			"scale": [0.43, 0.43, 0.43]
		},
		"fixed": {
			"rotation": [-90, 0, 0],
			"translation": [0, -0.25, -3],
			"scale": [0.55, 0.55, 0.55]
		}
	},
	"groups": [
		{
			"name": "group",
			"origin": [7, 4, 7],
			"color": 0,
			"children": [0, 1, 2, 3, 4, 5, 6, 7, 8]
		}
	]
}