{
	"credit": "Made with Blockbench",
	"texture_size": [32, 32],
	"textures": {
		"0": "item/varatierratier2",
		"1": "item/cabezal",
		"2": "item/gemas",
		"particle": "item/varatierratier2"
	},
	"elements": [
		{
			"from": [8.5, 22.70711, 7.79289],
			"to": [8.7, 24.70711, 8.19289],
			"rotation": {"angle": -22.5, "axis": "x", "origin": [8.5, 23, 8.5]},
			"faces": {
				"north": {"uv": [9.5, 3, 9.625, 4], "texture": "#1"},
				"east": {"uv": [6.5, 6, 6.6875, 7], "texture": "#1"},
				"south": {"uv": [4, 9.5, 4.125, 10.5], "texture": "#1"},
				"west": {"uv": [0, 7, 0.1875, 8], "texture": "#1"},
				"up": {"uv": [11.625, 0.1875, 11.5, 0], "texture": "#1"},
				"down": {"uv": [11.625, 0.5, 11.5, 0.6875], "texture": "#1"}
			}
		},
		{
			"from": [8.5, 22.70711, 7.79289],
			"to": [8.7, 24.70711, 8.19289],
			"rotation": {"angle": 22.5, "axis": "y", "origin": [8.5, 23, 8.5]},
			"faces": {
				"north": {"uv": [4.5, 9.5, 4.625, 10.5], "texture": "#1"},
				"east": {"uv": [7, 0, 7.1875, 1], "texture": "#1"},
				"south": {"uv": [5, 9.5, 5.125, 10.5], "texture": "#1"},
				"west": {"uv": [7, 1, 7.1875, 2], "texture": "#1"},
				"up": {"uv": [11.625, 1.1875, 11.5, 1], "texture": "#1"},
				"down": {"uv": [11.625, 1.5, 11.5, 1.6875], "texture": "#1"}
			}
		},
		{
			"from": [7.79289, 22.70711, 8.3],
			"to": [8.19289, 24.70711, 8.5],
			"rotation": {"angle": 22.5, "axis": "z", "origin": [8.5, 23, 8.5]},
			"faces": {
				"north": {"uv": [2, 7, 2.1875, 8], "texture": "#1"},
				"east": {"uv": [5.5, 9.5, 5.625, 10.5], "texture": "#1"},
				"south": {"uv": [7, 2, 7.1875, 3], "texture": "#1"},
				"west": {"uv": [9.5, 5.5, 9.625, 6.5], "texture": "#1"},
				"up": {"uv": [11.6875, 2.125, 11.5, 2], "texture": "#1"},
				"down": {"uv": [11.6875, 2.5, 11.5, 2.625], "texture": "#1"}
			}
		},
		{
			"from": [7.79289, 22.70711, 8.3],
			"to": [8.19289, 24.70711, 8.5],
			"rotation": {"angle": 22.5, "axis": "x", "origin": [8.5, 23, 8.5]},
			"faces": {
				"north": {"uv": [2.5, 7, 2.6875, 8], "texture": "#1"},
				"east": {"uv": [6, 9.5, 6.125, 10.5], "texture": "#1"},
				"south": {"uv": [3, 7, 3.1875, 8], "texture": "#1"},
				"west": {"uv": [6.5, 9.5, 6.625, 10.5], "texture": "#1"},
				"up": {"uv": [11.6875, 3.125, 11.5, 3], "texture": "#1"},
				"down": {"uv": [11.6875, 3.5, 11.5, 3.625], "texture": "#1"}
			}
		},
		{
			"from": [8.80711, 22.70711, 8.5],
			"to": [9.20711, 24.70711, 8.7],
			"rotation": {"angle": -22.5, "axis": "z", "origin": [8.5, 23, 8.5]},
			"faces": {
				"north": {"uv": [7, 3, 7.1875, 4], "texture": "#1"},
				"east": {"uv": [9.5, 6.5, 9.625, 7.5], "texture": "#1"},
				"south": {"uv": [3.5, 7, 3.6875, 8], "texture": "#1"},
				"west": {"uv": [7, 9.5, 7.125, 10.5], "texture": "#1"},
				"up": {"uv": [4.1875, 11.625, 4, 11.5], "texture": "#1"},
				"down": {"uv": [11.6875, 4, 11.5, 4.125], "texture": "#1"}
			}
		},
		{
			"from": [7.79289, 22.70711, 8.3],
			"to": [8.19289, 24.70711, 8.5],
			"rotation": {"angle": 22.5, "axis": "x", "origin": [8.5, 23, 8.5]},
			"faces": {
				"north": {"uv": [4, 7, 4.1875, 8], "texture": "#1"},
				"east": {"uv": [7.5, 9.5, 7.625, 10.5], "texture": "#1"},
				"south": {"uv": [7, 4, 7.1875, 5], "texture": "#1"},
				"west": {"uv": [9.5, 7.5, 9.625, 8.5], "texture": "#1"},
				"up": {"uv": [4.6875, 11.625, 4.5, 11.5], "texture": "#1"},
				"down": {"uv": [11.6875, 4.5, 11.5, 4.625], "texture": "#1"}
			}
		},
		{
			"from": [8.3, 22.70711, 8.80711],
			"to": [8.5, 24.70711, 9.20711],
			"rotation": {"angle": 22.5, "axis": "x", "origin": [8.5, 23, 8.5]},
			"faces": {
				"north": {"uv": [8, 9.5, 8.125, 10.5], "texture": "#1"},
				"east": {"uv": [5, 7, 5.1875, 8], "texture": "#1"},
				"south": {"uv": [8.5, 9.5, 8.625, 10.5], "texture": "#1"},
				"west": {"uv": [7, 5, 7.1875, 6], "texture": "#1"},
				"up": {"uv": [5.125, 11.6875, 5, 11.5], "texture": "#1"},
				"down": {"uv": [11.625, 5, 11.5, 5.1875], "texture": "#1"}
			}
		},
		{
			"from": [8.3, 22.70711, 8.80711],
			"to": [8.5, 24.70711, 9.20711],
			"rotation": {"angle": 22.5, "axis": "x", "origin": [8.5, 23, 8.5]},
			"faces": {
				"north": {"uv": [9.5, 8.5, 9.625, 9.5], "texture": "#1"},
				"east": {"uv": [7, 6, 7.1875, 7], "texture": "#1"},
				"south": {"uv": [9, 9.5, 9.125, 10.5], "texture": "#1"},
				"west": {"uv": [6.5, 7, 6.6875, 8], "texture": "#1"},
				"up": {"uv": [11.625, 5.6875, 11.5, 5.5], "texture": "#1"},
				"down": {"uv": [11.625, 6, 11.5, 6.1875], "texture": "#1"}
			}
		},
		{
			"from": [8.80711, 22.70711, 8.5],
			"to": [9.20711, 24.70711, 8.7],
			"rotation": {"angle": 22.5, "axis": "x", "origin": [8.5, 23, 8.5]},
			"faces": {
				"north": {"uv": [7, 7, 7.1875, 8], "texture": "#1"},
				"east": {"uv": [9.5, 9.5, 9.625, 10.5], "texture": "#1"},
				"south": {"uv": [7.5, 0, 7.6875, 1], "texture": "#1"},
				"west": {"uv": [0, 10, 0.125, 11], "texture": "#1"},
				"up": {"uv": [11.6875, 6.625, 11.5, 6.5], "texture": "#1"},
				"down": {"uv": [11.6875, 7, 11.5, 7.125], "texture": "#1"}
			}
		},
		{
			"from": [8.80711, 22.70711, 8.5],
			"to": [9.20711, 24.70711, 8.7],
			"rotation": {"angle": 22.5, "axis": "x", "origin": [8.5, 23, 8.5]},
			"faces": {
				"north": {"uv": [0.5, 7.5, 0.6875, 8.5], "texture": "#1"},
				"east": {"uv": [10, 0, 10.125, 1], "texture": "#1"},
				"south": {"uv": [1, 7.5, 1.1875, 8.5], "texture": "#1"},
				"west": {"uv": [0.5, 10, 0.625, 11], "texture": "#1"},
				"up": {"uv": [7.6875, 11.625, 7.5, 11.5], "texture": "#1"},
				"down": {"uv": [11.6875, 7.5, 11.5, 7.625], "texture": "#1"}
			}
		},
		{
			"from": [7.79289, 22.70711, 8.3],
			"to": [8.19289, 24.70711, 8.5],
			"rotation": {"angle": 45, "axis": "z", "origin": [8.5, 23, 8.5]},
			"faces": {
				"north": {"uv": [7.5, 1, 7.6875, 2], "texture": "#1"},
				"east": {"uv": [1, 10, 1.125, 11], "texture": "#1"},
				"south": {"uv": [1.5, 7.5, 1.6875, 8.5], "texture": "#1"},
				"west": {"uv": [10, 1, 10.125, 2], "texture": "#1"},
				"up": {"uv": [8.1875, 11.625, 8, 11.5], "texture": "#1"},
				"down": {"uv": [11.6875, 8, 11.5, 8.125], "texture": "#1"}
			}
		},
		{
			"from": [8.3, 22.70711, 8.80711],
			"to": [8.5, 24.70711, 9.20711],
			"rotation": {"angle": 45, "axis": "z", "origin": [8.5, 23, 8.5]},
			"faces": {
				"north": {"uv": [1.5, 10, 1.625, 11], "texture": "#1"},
				"east": {"uv": [7.5, 2, 7.6875, 3], "texture": "#1"},
				"south": {"uv": [2, 10, 2.125, 11], "texture": "#1"},
				"west": {"uv": [7.5, 3, 7.6875, 4], "texture": "#1"},
				"up": {"uv": [8.625, 11.6875, 8.5, 11.5], "texture": "#1"},
				"down": {"uv": [11.625, 8.5, 11.5, 8.6875], "texture": "#1"}
			}
		},
		{
			"from": [8.3, 22.70711, 8.80711],
			"to": [8.5, 24.70711, 9.20711],
			"rotation": {"angle": 45, "axis": "z", "origin": [8.5, 23, 8.5]},
			"faces": {
				"north": {"uv": [10, 2, 10.125, 3], "texture": "#1"},
				"east": {"uv": [7.5, 4, 7.6875, 5], "texture": "#1"},
				"south": {"uv": [2.5, 10, 2.625, 11], "texture": "#1"},
				"west": {"uv": [4.5, 7.5, 4.6875, 8.5], "texture": "#1"},
				"up": {"uv": [9.125, 11.6875, 9, 11.5], "texture": "#1"},
				"down": {"uv": [11.625, 9, 11.5, 9.1875], "texture": "#1"}
			}
		},
		{
			"from": [8.80711, 22.70711, 8.5],
			"to": [9.20711, 24.70711, 8.7],
			"rotation": {"angle": 45, "axis": "z", "origin": [8.5, 23, 8.5]},
			"faces": {
				"north": {"uv": [7.5, 5, 7.6875, 6], "texture": "#1"},
				"east": {"uv": [3, 10, 3.125, 11], "texture": "#1"},
				"south": {"uv": [5.5, 7.5, 5.6875, 8.5], "texture": "#1"},
				"west": {"uv": [10, 3, 10.125, 4], "texture": "#1"},
				"up": {"uv": [9.6875, 11.625, 9.5, 11.5], "texture": "#1"},
				"down": {"uv": [11.6875, 9.5, 11.5, 9.625], "texture": "#1"}
			}
		},
		{
			"from": [8.80711, 22.70711, 8.5],
			"to": [9.20711, 24.70711, 8.7],
			"rotation": {"angle": 45, "axis": "z", "origin": [8.5, 23, 8.5]},
			"faces": {
				"north": {"uv": [6, 7.5, 6.1875, 8.5], "texture": "#1"},
				"east": {"uv": [3.5, 10, 3.625, 11], "texture": "#1"},
				"south": {"uv": [7.5, 6, 7.6875, 7], "texture": "#1"},
				"west": {"uv": [10, 5.5, 10.125, 6.5], "texture": "#1"},
				"up": {"uv": [10.1875, 11.625, 10, 11.5], "texture": "#1"},
				"down": {"uv": [11.6875, 10, 11.5, 10.125], "texture": "#1"}
			}
		},
		{
			"from": [7.79289, 23, 8.20711],
			"to": [8.19289, 23.2, 10.20711],
			"rotation": {"angle": -22.5, "axis": "x", "origin": [8.5, 23, 8.5]},
			"faces": {
				"north": {"uv": [10.5, 11.5, 10.6875, 11.625], "texture": "#1"},
				"east": {"uv": [10, 6.5, 11, 6.625], "texture": "#1"},
				"south": {"uv": [11.5, 10.5, 11.6875, 10.625], "texture": "#1"},
				"west": {"uv": [10, 7, 11, 7.125], "texture": "#1"},
				"up": {"uv": [7.6875, 8, 7.5, 7], "texture": "#1"},
				"down": {"uv": [0.1875, 8, 0, 9], "texture": "#1"}
			}
		},
		{
			"from": [8.3, 22.29289, 8.20711],
			"to": [8.5, 22.69289, 10.20711],
			"rotation": {"angle": -22.5, "axis": "x", "origin": [8.5, 23, 8.5]},
			"faces": {
				"north": {"uv": [11, 11.5, 11.125, 11.6875], "texture": "#1"},
				"east": {"uv": [8, 0, 9, 0.1875], "texture": "#1"},
				"south": {"uv": [11.5, 11, 11.625, 11.1875], "texture": "#1"},
				"west": {"uv": [8, 0.5, 9, 0.6875], "texture": "#1"},
				"up": {"uv": [10.125, 8.5, 10, 7.5], "texture": "#1"},
				"down": {"uv": [10.125, 8.5, 10, 9.5], "texture": "#1"}
			}
		},
		{
			"from": [8.3, 22.29289, 8.20711],
			"to": [8.5, 22.69289, 10.20711],
			"rotation": {"angle": -22.5, "axis": "x", "origin": [8.5, 23, 8.5]},
			"faces": {
				"north": {"uv": [11.5, 11.5, 11.625, 11.6875], "texture": "#1"},
				"east": {"uv": [8, 1, 9, 1.1875], "texture": "#1"},
				"south": {"uv": [0, 12, 0.125, 12.1875], "texture": "#1"},
				"west": {"uv": [8, 1.5, 9, 1.6875], "texture": "#1"},
				"up": {"uv": [10.125, 10.5, 10, 9.5], "texture": "#1"},
				"down": {"uv": [10.625, 0, 10.5, 1], "texture": "#1"}
			}
		},
		{
			"from": [8.80711, 22.8, 8.20711],
			"to": [9.20711, 23, 10.20711],
			"rotation": {"angle": -22.5, "axis": "x", "origin": [8.5, 23, 8.5]},
			"faces": {
				"north": {"uv": [12, 0, 12.1875, 0.125], "texture": "#1"},
				"east": {"uv": [10.5, 1, 11.5, 1.125], "texture": "#1"},
				"south": {"uv": [0.5, 12, 0.6875, 12.125], "texture": "#1"},
				"west": {"uv": [10.5, 1.5, 11.5, 1.625], "texture": "#1"},
				"up": {"uv": [2.1875, 9, 2, 8], "texture": "#1"},
				"down": {"uv": [8.1875, 2, 8, 3], "texture": "#1"}
			}
		},
		{
			"from": [8.80711, 22.8, 8.20711],
			"to": [9.20711, 23, 10.20711],
			"rotation": {"angle": -22.5, "axis": "x", "origin": [8.5, 23, 8.5]},
			"faces": {
				"north": {"uv": [12, 0.5, 12.1875, 0.625], "texture": "#1"},
				"east": {"uv": [10.5, 2, 11.5, 2.125], "texture": "#1"},
				"south": {"uv": [1, 12, 1.1875, 12.125], "texture": "#1"},
				"west": {"uv": [10.5, 2.5, 11.5, 2.625], "texture": "#1"},
				"up": {"uv": [2.6875, 9, 2.5, 8], "texture": "#1"},
				"down": {"uv": [3.1875, 8, 3, 9], "texture": "#1"}
			}
		},
		{
			"from": [7.79289, 22.8, 6.79289],
			"to": [8.19289, 23, 8.79289],
			"rotation": {"angle": 22.5, "axis": "x", "origin": [8.5, 23, 8.5]},
			"faces": {
				"north": {"uv": [12, 1, 12.1875, 1.125], "texture": "#1"},
				"east": {"uv": [10.5, 3, 11.5, 3.125], "texture": "#1"},
				"south": {"uv": [1.5, 12, 1.6875, 12.125], "texture": "#1"},
				"west": {"uv": [10.5, 3.5, 11.5, 3.625], "texture": "#1"},
				"up": {"uv": [8.1875, 4, 8, 3], "texture": "#1"},
				"down": {"uv": [3.6875, 8, 3.5, 9], "texture": "#1"}
			}
		},
		{
			"from": [8.3, 23.30711, 6.79289],
			"to": [8.5, 23.70711, 8.79289],
			"rotation": {"angle": 22.5, "axis": "x", "origin": [8.5, 23, 8.5]},
			"faces": {
				"north": {"uv": [12, 1.5, 12.125, 1.6875], "texture": "#1"},
				"east": {"uv": [8, 4, 9, 4.1875], "texture": "#1"},
				"south": {"uv": [2, 12, 2.125, 12.1875], "texture": "#1"},
				"west": {"uv": [8, 4.5, 9, 4.6875], "texture": "#1"},
				"up": {"uv": [4.125, 11.5, 4, 10.5], "texture": "#1"},
				"down": {"uv": [10.625, 4, 10.5, 5], "texture": "#1"}
			}
		},
		{
			"from": [8.3, 23.30711, 6.79289],
			"to": [8.5, 23.70711, 8.79289],
			"rotation": {"angle": 22.5, "axis": "x", "origin": [8.5, 23, 8.5]},
			"faces": {
				"north": {"uv": [12, 2, 12.125, 2.1875], "texture": "#1"},
				"east": {"uv": [8, 5, 9, 5.1875], "texture": "#1"},
				"south": {"uv": [2.5, 12, 2.625, 12.1875], "texture": "#1"},
				"west": {"uv": [8, 5.5, 9, 5.6875], "texture": "#1"},
				"up": {"uv": [4.625, 11.5, 4.5, 10.5], "texture": "#1"},
				"down": {"uv": [5.125, 10.5, 5, 11.5], "texture": "#1"}
			}
		},
		{
			"from": [8.80711, 23, 6.79289],
			"to": [9.20711, 23.2, 8.79289],
			"rotation": {"angle": 22.5, "axis": "x", "origin": [8.5, 23, 8.5]},
			"faces": {
				"north": {"uv": [12, 2.5, 12.1875, 2.625], "texture": "#1"},
				"east": {"uv": [10.5, 5, 11.5, 5.125], "texture": "#1"},
				"south": {"uv": [3, 12, 3.1875, 12.125], "texture": "#1"},
				"west": {"uv": [5.5, 10.5, 6.5, 10.625], "texture": "#1"},
				"up": {"uv": [4.1875, 9, 4, 8], "texture": "#1"},
				"down": {"uv": [5.1875, 8, 5, 9], "texture": "#1"}
			}
		},
		{
			"from": [8.80711, 23, 6.79289],
			"to": [9.20711, 23.2, 8.79289],
			"rotation": {"angle": 22.5, "axis": "x", "origin": [8.5, 23, 8.5]},
			"faces": {
				"north": {"uv": [12, 3, 12.1875, 3.125], "texture": "#1"},
				"east": {"uv": [10.5, 5.5, 11.5, 5.625], "texture": "#1"},
				"south": {"uv": [3.5, 12, 3.6875, 12.125], "texture": "#1"},
				"west": {"uv": [10.5, 6, 11.5, 6.125], "texture": "#1"},
				"up": {"uv": [8.1875, 7, 8, 6], "texture": "#1"},
				"down": {"uv": [6.6875, 8, 6.5, 9], "texture": "#1"}
			}
		},
		{
			"from": [6.79289, 22.8, 8.80711],
			"to": [8.79289, 23, 9.20711],
			"rotation": {"angle": -22.5, "axis": "z", "origin": [8.5, 23, 8.5]},
			"faces": {
				"north": {"uv": [6.5, 10.5, 7.5, 10.625], "texture": "#1"},
				"east": {"uv": [12, 3.5, 12.1875, 3.625], "texture": "#1"},
				"south": {"uv": [7.5, 10.5, 8.5, 10.625], "texture": "#1"},
				"west": {"uv": [4, 12, 4.1875, 12.125], "texture": "#1"},
				"up": {"uv": [8, 8.1875, 7, 8], "texture": "#1"},
				"down": {"uv": [9, 7, 8, 7.1875], "texture": "#1"}
			}
		},
		{
			"from": [6.79289, 23.30711, 8.5],
			"to": [8.79289, 23.70711, 8.7],
			"rotation": {"angle": -22.5, "axis": "z", "origin": [8.5, 23, 8.5]},
			"faces": {
				"north": {"uv": [8, 7.5, 9, 7.6875], "texture": "#1"},
				"east": {"uv": [12, 4, 12.125, 4.1875], "texture": "#1"},
				"south": {"uv": [8, 8, 9, 8.1875], "texture": "#1"},
				"west": {"uv": [4.5, 12, 4.625, 12.1875], "texture": "#1"},
				"up": {"uv": [11.5, 7.625, 10.5, 7.5], "texture": "#1"},
				"down": {"uv": [11.5, 8, 10.5, 8.125], "texture": "#1"}
			}
		},
		{
			"from": [6.79289, 23.30711, 8.5],
			"to": [8.79289, 23.70711, 8.7],
			"rotation": {"angle": -22.5, "axis": "z", "origin": [8.5, 23, 8.5]},
			"faces": {
				"north": {"uv": [0.5, 8.5, 1.5, 8.6875], "texture": "#1"},
				"east": {"uv": [12, 4.5, 12.125, 4.6875], "texture": "#1"},
				"south": {"uv": [8.5, 2, 9.5, 2.1875], "texture": "#1"},
				"west": {"uv": [5, 12, 5.125, 12.1875], "texture": "#1"},
				"up": {"uv": [9.5, 10.625, 8.5, 10.5], "texture": "#1"},
				"down": {"uv": [11.5, 8.5, 10.5, 8.625], "texture": "#1"}
			}
		},
		{
			"from": [6.79289, 23, 7.79289],
			"to": [8.79289, 23.2, 8.19289],
			"rotation": {"angle": -22.5, "axis": "z", "origin": [8.5, 23, 8.5]},
			"faces": {
				"north": {"uv": [10.5, 9, 11.5, 9.125], "texture": "#1"},
				"east": {"uv": [12, 5, 12.1875, 5.125], "texture": "#1"},
				"south": {"uv": [9.5, 10.5, 10.5, 10.625], "texture": "#1"},
				"west": {"uv": [5.5, 12, 5.6875, 12.125], "texture": "#1"},
				"up": {"uv": [9.5, 2.6875, 8.5, 2.5], "texture": "#1"},
				"down": {"uv": [9.5, 3, 8.5, 3.1875], "texture": "#1"}
			}
		},
		{
			"from": [6.79289, 23, 7.79289],
			"to": [8.79289, 23.2, 8.19289],
			"rotation": {"angle": -22.5, "axis": "z", "origin": [8.5, 23, 8.5]},
			"faces": {
				"north": {"uv": [10.5, 9.5, 11.5, 9.625], "texture": "#1"},
				"east": {"uv": [12, 5.5, 12.1875, 5.625], "texture": "#1"},
				"south": {"uv": [10.5, 10, 11.5, 10.125], "texture": "#1"},
				"west": {"uv": [6, 12, 6.1875, 12.125], "texture": "#1"},
				"up": {"uv": [9.5, 3.6875, 8.5, 3.5], "texture": "#1"},
				"down": {"uv": [6.5, 8.5, 5.5, 8.6875], "texture": "#1"}
			}
		},
		{
			"from": [8.3, 22.70711, 8.80711],
			"to": [8.5, 24.70711, 9.20711],
			"rotation": {"angle": -45, "axis": "z", "origin": [8.5, 23, 8.5]},
			"faces": {
				"north": {"uv": [10.5, 10.5, 10.625, 11.5], "texture": "#1"},
				"east": {"uv": [1.5, 8.5, 1.6875, 9.5], "texture": "#1"},
				"south": {"uv": [0, 11, 0.125, 12], "texture": "#1"},
				"west": {"uv": [4.5, 8.5, 4.6875, 9.5], "texture": "#1"},
				"up": {"uv": [12.125, 6.1875, 12, 6], "texture": "#1"},
				"down": {"uv": [6.625, 12, 6.5, 12.1875], "texture": "#1"}
			}
		},
		{
			"from": [8.80711, 22.70711, 8.5],
			"to": [9.20711, 24.70711, 8.7],
			"rotation": {"angle": -45, "axis": "z", "origin": [8.5, 23, 8.5]},
			"faces": {
				"north": {"uv": [8.5, 6, 8.6875, 7], "texture": "#1"},
				"east": {"uv": [11, 0, 11.125, 1], "texture": "#1"},
				"south": {"uv": [7, 8.5, 7.1875, 9.5], "texture": "#1"},
				"west": {"uv": [0.5, 11, 0.625, 12], "texture": "#1"},
				"up": {"uv": [12.1875, 6.625, 12, 6.5], "texture": "#1"},
				"down": {"uv": [7.1875, 12, 7, 12.125], "texture": "#1"}
			}
		},
		{
			"from": [8.80711, 22.70711, 8.5],
			"to": [9.20711, 24.70711, 8.7],
			"rotation": {"angle": -45, "axis": "z", "origin": [8.5, 23, 8.5]},
			"faces": {
				"north": {"uv": [7.5, 8.5, 7.6875, 9.5], "texture": "#1"},
				"east": {"uv": [1, 11, 1.125, 12], "texture": "#1"},
				"south": {"uv": [8, 8.5, 8.1875, 9.5], "texture": "#1"},
				"west": {"uv": [1.5, 11, 1.625, 12], "texture": "#1"},
				"up": {"uv": [12.1875, 7.125, 12, 7], "texture": "#1"},
				"down": {"uv": [7.6875, 12, 7.5, 12.125], "texture": "#1"}
			}
		},
		{
			"from": [8.5, 22.70711, 7.79289],
			"to": [8.7, 24.70711, 8.19289],
			"rotation": {"angle": -45, "axis": "z", "origin": [8.5, 23, 8.5]},
			"faces": {
				"north": {"uv": [2, 11, 2.125, 12], "texture": "#1"},
				"east": {"uv": [8.5, 8.5, 8.6875, 9.5], "texture": "#1"},
				"south": {"uv": [2.5, 11, 2.625, 12], "texture": "#1"},
				"west": {"uv": [0, 9, 0.1875, 10], "texture": "#1"},
				"up": {"uv": [12.125, 7.6875, 12, 7.5], "texture": "#1"},
				"down": {"uv": [8.125, 12, 8, 12.1875], "texture": "#1"}
			}
		},
		{
			"from": [8.5, 22.70711, 7.79289],
			"to": [8.7, 24.70711, 8.19289],
			"rotation": {"angle": -45, "axis": "z", "origin": [8.5, 23, 8.5]},
			"faces": {
				"north": {"uv": [3, 11, 3.125, 12], "texture": "#1"},
				"east": {"uv": [9, 0, 9.1875, 1], "texture": "#1"},
				"south": {"uv": [3.5, 11, 3.625, 12], "texture": "#1"},
				"west": {"uv": [0.5, 9, 0.6875, 10], "texture": "#1"},
				"up": {"uv": [12.125, 8.1875, 12, 8], "texture": "#1"},
				"down": {"uv": [8.625, 12, 8.5, 12.1875], "texture": "#1"}
			}
		},
		{
			"from": [8.80711, 22.70711, 8.5],
			"to": [9.20711, 24.70711, 8.7],
			"rotation": {"angle": -22.5, "axis": "z", "origin": [8.5, 23, 8.5]},
			"faces": {
				"north": {"uv": [1, 9, 1.1875, 10], "texture": "#1"},
				"east": {"uv": [11, 4, 11.125, 5], "texture": "#1"},
				"south": {"uv": [9, 1, 9.1875, 2], "texture": "#1"},
				"west": {"uv": [5.5, 11, 5.625, 12], "texture": "#1"},
				"up": {"uv": [12.1875, 8.625, 12, 8.5], "texture": "#1"},
				"down": {"uv": [9.1875, 12, 9, 12.125], "texture": "#1"}
			}
		},
		{
			"from": [8.5, 22.70711, 7.79289],
			"to": [8.7, 24.70711, 8.19289],
			"rotation": {"angle": -22.5, "axis": "z", "origin": [8.5, 23, 8.5]},
			"faces": {
				"north": {"uv": [6, 11, 6.125, 12], "texture": "#1"},
				"east": {"uv": [2, 9, 2.1875, 10], "texture": "#1"},
				"south": {"uv": [6.5, 11, 6.625, 12], "texture": "#1"},
				"west": {"uv": [2.5, 9, 2.6875, 10], "texture": "#1"},
				"up": {"uv": [12.125, 9.1875, 12, 9], "texture": "#1"},
				"down": {"uv": [9.625, 12, 9.5, 12.1875], "texture": "#1"}
			}
		},
		{
			"from": [8.5, 22.70711, 7.79289],
			"to": [8.7, 24.70711, 8.19289],
			"rotation": {"angle": -22.5, "axis": "z", "origin": [8.5, 23, 8.5]},
			"faces": {
				"north": {"uv": [11, 6.5, 11.125, 7.5], "texture": "#1"},
				"east": {"uv": [3, 9, 3.1875, 10], "texture": "#1"},
				"south": {"uv": [7, 11, 7.125, 12], "texture": "#1"},
				"west": {"uv": [3.5, 9, 3.6875, 10], "texture": "#1"},
				"up": {"uv": [12.125, 9.6875, 12, 9.5], "texture": "#1"},
				"down": {"uv": [10.125, 12, 10, 12.1875], "texture": "#1"}
			}
		},
		{
			"from": [8, 20, 8],
			"to": [9, 23, 8.8],
			"rotation": {"angle": -22.5, "axis": "x", "origin": [7, 22, 8]},
			"faces": {
				"north": {"uv": [2, 3, 2.5, 4.5], "texture": "#0"},
				"east": {"uv": [2, 4.5, 2.375, 6], "texture": "#0"},
				"south": {"uv": [2.5, 3, 3, 4.5], "texture": "#0"},
				"west": {"uv": [4.5, 2, 4.875, 3.5], "texture": "#0"},
				"up": {"uv": [6.5, 1.875, 6, 1.5], "texture": "#0"},
				"down": {"uv": [4.5, 9, 4, 9.375], "texture": "#0"}
			}
		},
		{
			"from": [8.05, 18, 8],
			"to": [8.85, 21, 8.8],
			"rotation": {"angle": 22.5, "axis": "x", "origin": [7, 20, 8]},
			"faces": {
				"north": {"uv": [2.5, 4.5, 2.875, 6], "texture": "#0"},
				"east": {"uv": [3, 4.5, 3.375, 6], "texture": "#0"},
				"south": {"uv": [4.5, 3.5, 4.875, 5], "texture": "#0"},
				"west": {"uv": [5, 0, 5.375, 1.5], "texture": "#0"},
				"up": {"uv": [9.375, 9.375, 9, 9], "texture": "#0"},
				"down": {"uv": [9.875, 0, 9.5, 0.375], "texture": "#0"}
			}
		},
		{
			"from": [8.05, 15, 8],
			"to": [8.85, 21, 8.8],
			"rotation": {"angle": -22.5, "axis": "x", "origin": [7, 17, 8]},
			"faces": {
				"north": {"uv": [1.5, 0, 1.875, 3], "texture": "#0"},
				"east": {"uv": [2, 0, 2.375, 3], "texture": "#0"},
				"south": {"uv": [2.5, 0, 2.875, 3], "texture": "#0"},
				"west": {"uv": [0, 3, 0.375, 6], "texture": "#0"},
				"up": {"uv": [9.875, 0.875, 9.5, 0.5], "texture": "#0"},
				"down": {"uv": [9.875, 1, 9.5, 1.375], "texture": "#0"}
			}
		},
		{
			"from": [8.2, 11, 8],
			"to": [8.8, 16, 8.8],
			"rotation": {"angle": 0, "axis": "x", "origin": [7, 15, 8]},
			"faces": {
				"north": {"uv": [1, 3, 1.3125, 5.5], "texture": "#0"},
				"east": {"uv": [3, 0, 3.375, 2.5], "texture": "#0"},
				"south": {"uv": [1.5, 3, 1.8125, 5.5], "texture": "#0"},
				"west": {"uv": [0.5, 3, 0.875, 5.5], "texture": "#0"},
				"up": {"uv": [7.8125, 11.375, 7.5, 11], "texture": "#0"},
				"down": {"uv": [8.3125, 11, 8, 11.375], "texture": "#0"}
			}
		},
		{
			"from": [8.2, 16, 9],
			"to": [8.7, 16.8, 11],
			"rotation": {"angle": -45, "axis": "x", "origin": [7, 16, 8]},
			"faces": {
				"north": {"uv": [9.5, 11, 9.75, 11.375], "texture": "#0"},
				"east": {"uv": [5.5, 2, 6.5, 2.375], "texture": "#0"},
				"south": {"uv": [10, 11, 10.25, 11.375], "texture": "#0"},
				"west": {"uv": [5.5, 2.5, 6.5, 2.875], "texture": "#0"},
				"up": {"uv": [5.75, 6.5, 5.5, 5.5], "texture": "#0"},
				"down": {"uv": [0.25, 6, 0, 7], "texture": "#0"}
			}
		},
		{
			"from": [8.05, 9, 8],
			"to": [8.85, 12, 8.8],
			"rotation": {"angle": -22.5, "axis": "x", "origin": [7, 11, 8]},
			"faces": {
				"north": {"uv": [5, 1.5, 5.375, 3], "texture": "#0"},
				"east": {"uv": [5, 3, 5.375, 4.5], "texture": "#0"},
				"south": {"uv": [4.5, 5, 4.875, 6.5], "texture": "#0"},
				"west": {"uv": [5, 4.5, 5.375, 6], "texture": "#0"},
				"up": {"uv": [1.875, 9.875, 1.5, 9.5], "texture": "#0"},
				"down": {"uv": [9.875, 1.5, 9.5, 1.875], "texture": "#0"}
			}
		},
		{
			"from": [8.2, 6, 8],
			"to": [8.8, 10, 8.8],
			"rotation": {"angle": 22.5, "axis": "x", "origin": [7, 8, 8]},
			"faces": {
				"north": {"uv": [4, 4, 4.3125, 6], "texture": "#0"},
				"east": {"uv": [3, 2.5, 3.375, 4.5], "texture": "#0"},
				"south": {"uv": [4.5, 0, 4.8125, 2], "texture": "#0"},
				"west": {"uv": [3.5, 0, 3.875, 2], "texture": "#0"},
				"up": {"uv": [8.8125, 11.375, 8.5, 11], "texture": "#0"},
				"down": {"uv": [9.3125, 11, 9, 11.375], "texture": "#0"}
			}
		},
		{
			"from": [8.05, 2, 7],
			"to": [8.85, 6, 7.8],
			"rotation": {"angle": 0, "axis": "x", "origin": [7, 4, 7]},
			"faces": {
				"north": {"uv": [3.5, 2, 3.875, 4], "texture": "#0"},
				"east": {"uv": [4, 0, 4.375, 2], "texture": "#0"},
				"south": {"uv": [4, 2, 4.375, 4], "texture": "#0"},
				"west": {"uv": [3.5, 4, 3.875, 6], "texture": "#0"},
				"up": {"uv": [9.875, 2.375, 9.5, 2], "texture": "#0"},
				"down": {"uv": [9.875, 2.5, 9.5, 2.875], "texture": "#0"}
			}
		},
		{
			"from": [8.2, -1, 8.2],
			"to": [8.6, 3, 7.8],
			"rotation": {"angle": -22.5, "axis": "x", "origin": [7, 1, 8]},
			"faces": {
				"north": {"uv": [5.5, 0, 5.6875, 2], "texture": "#0"},
				"east": {"uv": [0.5, 5.5, 0.6875, 7.5], "texture": "#0"},
				"south": {"uv": [1, 5.5, 1.1875, 7.5], "texture": "#0"},
				"west": {"uv": [1.5, 5.5, 1.6875, 7.5], "texture": "#0"},
				"up": {"uv": [11.1875, 10.6875, 11, 10.5], "texture": "#0"},
				"down": {"uv": [11.1875, 11, 11, 11.1875], "texture": "#0"}
			}
		},
		{
			"from": [7.05, 22.4, 7],
			"to": [9.85, 22.6, 9.8],
			"rotation": {"angle": 0, "axis": "y", "origin": [7, -8, 7]},
			"faces": {
				"north": {"uv": [9, 4, 10.375, 4.125], "texture": "#0"},
				"east": {"uv": [9, 4.5, 10.375, 4.625], "texture": "#0"},
				"south": {"uv": [5, 9, 6.375, 9.125], "texture": "#0"},
				"west": {"uv": [9, 5, 10.375, 5.125], "texture": "#0"},
				"up": {"uv": [1.375, 1.375, 0, 0], "texture": "#0"},
				"down": {"uv": [1.375, 1.5, 0, 2.875], "texture": "#0"}
			}
		},
		{
			"from": [7.05, 22.4, 9],
			"to": [7.85, 23.6, 9.8],
			"rotation": {"angle": 0, "axis": "y", "origin": [7, -8, 7]},
			"faces": {
				"north": {"uv": [2, 6, 2.375, 6.625], "texture": "#0"},
				"east": {"uv": [2.5, 6, 2.875, 6.625], "texture": "#0"},
				"south": {"uv": [3, 6, 3.375, 6.625], "texture": "#0"},
				"west": {"uv": [3.5, 6, 3.875, 6.625], "texture": "#0"},
				"up": {"uv": [9.375, 5.875, 9, 5.5], "texture": "#0"},
				"down": {"uv": [9.375, 6, 9, 6.375], "texture": "#0"}
			}
		},
		{
			"from": [7.05, 22.4, 7],
			"to": [7.85, 23.6, 7.8],
			"rotation": {"angle": 0, "axis": "y", "origin": [7, -8, 5]},
			"faces": {
				"north": {"uv": [4, 6, 4.375, 6.625], "texture": "#0"},
				"east": {"uv": [5, 6, 5.375, 6.625], "texture": "#0"},
				"south": {"uv": [6, 5.5, 6.375, 6.125], "texture": "#0"},
				"west": {"uv": [6.5, 0, 6.875, 0.625], "texture": "#0"},
				"up": {"uv": [6.875, 9.375, 6.5, 9], "texture": "#0"},
				"down": {"uv": [9.375, 6.5, 9, 6.875], "texture": "#0"}
			}
		},
		{
			"from": [9.05, 22.4, 7],
			"to": [9.85, 23.6, 7.8],
			"rotation": {"angle": 0, "axis": "y", "origin": [9, -8, 5]},
			"faces": {
				"north": {"uv": [6.5, 1, 6.875, 1.625], "texture": "#0"},
				"east": {"uv": [6.5, 2, 6.875, 2.625], "texture": "#0"},
				"south": {"uv": [6.5, 3, 6.875, 3.625], "texture": "#0"},
				"west": {"uv": [6.5, 4, 6.875, 4.625], "texture": "#0"},
				"up": {"uv": [9.375, 7.375, 9, 7], "texture": "#0"},
				"down": {"uv": [9.375, 7.5, 9, 7.875], "texture": "#0"}
			}
		},
		{
			"from": [9.05, 22.4, 9],
			"to": [9.85, 23.6, 9.8],
			"rotation": {"angle": 0, "axis": "y", "origin": [9, -8, 7]},
			"faces": {
				"north": {"uv": [4.5, 6.5, 4.875, 7.125], "texture": "#0"},
				"east": {"uv": [6.5, 5, 6.875, 5.625], "texture": "#0"},
				"south": {"uv": [5.5, 6.5, 5.875, 7.125], "texture": "#0"},
				"west": {"uv": [6, 6.5, 6.375, 7.125], "texture": "#0"},
				"up": {"uv": [9.375, 8.375, 9, 8], "texture": "#0"},
				"down": {"uv": [9.375, 8.5, 9, 8.875], "texture": "#0"}
			}
		},
		{
			"from": [7.9, 18, 8],
			"to": [9.1, 19, 9],
			"rotation": {"angle": -22.5, "axis": "x", "origin": [8, 17, 8]},
			"faces": {
				"north": {"uv": [5.5, 3, 6.125, 3.5], "texture": "#2"},
				"east": {"uv": [6, 0, 6.5, 0.5], "texture": "#2"},
				"south": {"uv": [5.5, 3, 6.125, 3.5], "texture": "#2"},
				"west": {"uv": [6, 0, 6.5, 0.5], "texture": "#2"},
				"up": {"uv": [6.125, 3.5, 5.5, 3], "texture": "#2"},
				"down": {"uv": [6.125, 3, 5.5, 3.5], "texture": "#2"}
			}
		},
		{
			"from": [7.9, 6, 7],
			"to": [9.1, 7, 8],
			"rotation": {"angle": 22.5, "axis": "x", "origin": [8, 5, 7]},
			"faces": {
				"north": {"uv": [5.5, 3, 6.125, 3.5], "texture": "#2"},
				"east": {"uv": [6, 0, 6.5, 0.5], "texture": "#2"},
				"south": {"uv": [5.5, 3, 6.125, 3.5], "texture": "#2"},
				"west": {"uv": [6, 0, 6.5, 0.5], "texture": "#2"},
				"up": {"uv": [6.125, 3.5, 5.5, 3], "texture": "#2"},
				"down": {"uv": [6.125, 3, 5.5, 3.5], "texture": "#2"}
			}
		},
		{
			"from": [7.9, 14, 8],
			"to": [9.1, 15, 9],
			"rotation": {"angle": 0, "axis": "x", "origin": [8, 13, 8]},
			"faces": {
				"north": {"uv": [5.5, 3.5, 6.125, 4], "texture": "#2"},
				"east": {"uv": [6, 0.5, 6.5, 1], "texture": "#2"},
				"south": {"uv": [5.5, 4, 6.125, 4.5], "texture": "#2"},
				"west": {"uv": [6, 1, 6.5, 1.5], "texture": "#2"},
				"up": {"uv": [6.125, 5, 5.5, 4.5], "texture": "#2"},
				"down": {"uv": [6.125, 5, 5.5, 5.5], "texture": "#2"}
			}
		}
	],
	"display": {
		"thirdperson_righthand": {
			"translation": [-0.25, -8.25, 0.5],
			"scale": [1.31, 1.31, 1.31]
		},
		"thirdperson_lefthand": {
			"translation": [0.5, -8.5, 1],
			"scale": [1.31, 1.31, 1.31]
		},
		"firstperson_righthand": {
			"rotation": [0, -180, 0],
			"translation": [1.25, -2.25, 0]
		},
		"firstperson_lefthand": {
			"rotation": [0, -180, 0],
			"translation": [2, -2.75, 0]
		},
		"ground": {
			"rotation": [-83, 0, 0],
			"translation": [0, -2.5, 3.75]
		},
		"gui": {
			"rotation": [-57.47, 42, 64],
			"translation": [1.5, -2.75, 0],
			"scale": [0.75, 0.75, 0.75]
		},
		"fixed": {
			"rotation": [87.51, 0.52, -94.54],
			"translation": [-10.75, 0.5, 0],
			"scale": [2.52, 2.52, 2.52]
		}
	},
	"groups": [
		{
			"name": "Cabezal",
			"origin": [8.5, 23, 8.5],
			"color": 0,
			"children": [0, 1, 2, 3, 4, 5, 6, 7, 8, 9, 10, 11, 12, 13, 14, 15, 16, 17, 18, 19, 20, 21, 22, 23, 24, 25, 26, 27, 28, 29, 30, 31, 32, 33, 34, 35, 36, 37]
		},
		{
			"name": "group",
			"origin": [8.5, 24, 8.5],
			"color": 0,
			"children": [38, 39, 40, 41, 42, 43, 44, 45, 46, 47, 48, 49, 50, 51]
		},
		{
			"name": "group",
			"origin": [8, 13, 8],
			"color": 0,
			"children": [52, 53, 54]
		}
	]
}