{
	"texture_size": [64, 64],
	"textures": {
		"0": "item/cascoelfico",
		"particle": "item/cascoelfico"
	},
	"elements": [
		{
			"name": "armorHead",
			"from": [-12, 4, -11],
			"to": [-4, 12, -10.6],
			"rotation": {"x": 0, "y": 90, "z": 90, "origin": [-7, 11, -11]},
			"faces": {
				"north": {"uv": [0, 4.5, 2, 6.5], "texture": "#0"},
				"east": {"uv": [7, 2.25, 7.125, 4.25], "texture": "#0"},
				"south": {"uv": [2, 4.5, 4, 6.5], "texture": "#0"},
				"west": {"uv": [7, 4.5, 7.125, 6.5], "texture": "#0"},
				"up": {"uv": [8.75, 1.375, 6.75, 1.25], "texture": "#0"},
				"down": {"uv": [8.75, 1.5, 6.75, 1.625], "texture": "#0"}
			}
		},
		{
			"name": "armorHead",
			"from": [-10.8, 8.6, -10.6],
			"to": [-5.8, 11.6, -10.2],
			"rotation": {"x": 0, "y": 90, "z": 90, "origin": [-5, 11, -11]},
			"faces": {
				"north": {"uv": [5.5, 4.5, 6.75, 5.25], "texture": "#0"},
				"east": {"uv": [8.25, 8, 8.375, 8.75], "texture": "#0"},
				"south": {"uv": [5.5, 5.25, 6.75, 6], "texture": "#0"},
				"west": {"uv": [1.25, 8.5, 1.375, 9.25], "texture": "#0"},
				"up": {"uv": [9, 4.625, 7.75, 4.5], "texture": "#0"},
				"down": {"uv": [9, 4.75, 7.75, 4.875], "texture": "#0"}
			}
		},
		{
			"name": "armorHead",
			"from": [-6.8, 8.6, -14.6],
			"to": [-4.8, 11.6, -14.2],
			"rotation": {"x": 0, "y": 90, "z": 90, "origin": [-5, 11, -15]},
			"faces": {
				"north": {"uv": [0.75, 6.5, 1.25, 7.25], "texture": "#0"},
				"east": {"uv": [8.5, 1.75, 8.625, 2.5], "texture": "#0"},
				"south": {"uv": [1.25, 6.5, 1.75, 7.25], "texture": "#0"},
				"west": {"uv": [8.5, 2.5, 8.625, 3.25], "texture": "#0"},
				"up": {"uv": [9.25, 5.875, 8.75, 5.75], "texture": "#0"},
				"down": {"uv": [9.5, 2.25, 9, 2.375], "texture": "#0"}
			}
		},
		{
			"name": "armorHead",
			"from": [-8.8, 8.6, -10.6],
			"to": [-7.8, 9.6, -10.2],
			"rotation": {"x": 0, "y": 90, "z": 90, "origin": [-3, 11, -11]},
			"faces": {
				"north": {"uv": [6.75, 5.75, 7, 6], "texture": "#0"},
				"east": {"uv": [9, 9, 9.125, 9.25], "texture": "#0"},
				"south": {"uv": [8, 5.5, 8.25, 5.75], "texture": "#0"},
				"west": {"uv": [0, 9.25, 0.125, 9.5], "texture": "#0"},
				"up": {"uv": [9.5, 0.125, 9.25, 0], "texture": "#0"},
				"down": {"uv": [0.5, 9.25, 0.25, 9.375], "texture": "#0"}
			}
		},
		{
			"name": "armorHead",
			"from": [-14.8, 8.4, -10.6],
			"to": [-13.8, 9.4, -10.2],
			"rotation": {"x": 0, "y": 90, "z": 90, "origin": [-9, 11, -11]},
			"faces": {
				"north": {"uv": [2.5, 9, 2.75, 9.25], "texture": "#0"},
				"east": {"uv": [9.25, 0.25, 9.375, 0.5], "texture": "#0"},
				"south": {"uv": [9, 2.5, 9.25, 2.75], "texture": "#0"},
				"west": {"uv": [0.5, 9.25, 0.625, 9.5], "texture": "#0"},
				"up": {"uv": [9.5, 0.625, 9.25, 0.5], "texture": "#0"},
				"down": {"uv": [9.5, 0.75, 9.25, 0.875], "texture": "#0"}
			}
		},
		{
			"name": "armorHead",
			"from": [-12, 0.6, -6],
			"to": [-3.6, 9.4, -5.6],
			"rotation": {"x": 0, "y": 0, "z": 90, "origin": [-7, 8, -6]},
			"faces": {
				"north": {"uv": [0, 0, 2.125, 2.1875], "texture": "#0"},
				"east": {"uv": [2.25, 6.75, 2.375, 8.9375], "texture": "#0"},
				"south": {"uv": [0, 2.25, 2.125, 4.4375], "texture": "#0"},
				"west": {"uv": [2.5, 6.75, 2.625, 8.9375], "texture": "#0"},
				"up": {"uv": [8.875, 0.875, 6.75, 0.75], "texture": "#0"},
				"down": {"uv": [8.875, 1, 6.75, 1.125], "texture": "#0"}
			}
		},
		{
			"name": "armorHead",
			"from": [-3.6, 1.5, -14.8],
			"to": [-2.6, 6.5, -14.4],
			"rotation": {"x": 0, "y": 0, "z": 90, "origin": [-7, 7, -15]},
			"faces": {
				"north": {"uv": [6.5, 2.25, 6.75, 3.5], "texture": "#0"},
				"east": {"uv": [6.75, 2.25, 6.875, 3.5], "texture": "#0"},
				"south": {"uv": [3.25, 6.5, 3.5, 7.75], "texture": "#0"},
				"west": {"uv": [6.75, 4.5, 6.875, 5.75], "texture": "#0"},
				"up": {"uv": [9.5, 1.125, 9.25, 1], "texture": "#0"},
				"down": {"uv": [1.5, 9.25, 1.25, 9.375], "texture": "#0"}
			}
		},
		{
			"name": "armorHead",
			"from": [-3.6, -0.5, -14.8],
			"to": [-2.6, 6.5, -14.4],
			"rotation": {"x": 0, "y": 0, "z": 90, "origin": [-7, 6, -15]},
			"faces": {
				"north": {"uv": [6.25, 2.5, 6.5, 4.25], "texture": "#0"},
				"east": {"uv": [7, 7.25, 7.125, 9], "texture": "#0"},
				"south": {"uv": [6.25, 6, 6.5, 7.75], "texture": "#0"},
				"west": {"uv": [7.25, 7.25, 7.375, 9], "texture": "#0"},
				"up": {"uv": [9.5, 1.375, 9.25, 1.25], "texture": "#0"},
				"down": {"uv": [1.75, 9.25, 1.5, 9.375], "texture": "#0"}
			}
		},
		{
			"name": "armorHead",
			"from": [-3.6, -2.9, -14.8],
			"to": [-2.6, 6.9, -14.4],
			"rotation": {"x": 0, "y": 0, "z": 90, "origin": [-7, 5, -15]},
			"faces": {
				"north": {"uv": [6, 6, 6.25, 8.4375], "texture": "#0"},
				"east": {"uv": [1.75, 6.75, 1.875, 9.1875], "texture": "#0"},
				"south": {"uv": [6.25, 0, 6.5, 2.4375], "texture": "#0"},
				"west": {"uv": [2, 6.75, 2.125, 9.1875], "texture": "#0"},
				"up": {"uv": [9.5, 1.625, 9.25, 1.5], "texture": "#0"},
				"down": {"uv": [2, 9.25, 1.75, 9.375], "texture": "#0"}
			}
		},
		{
			"name": "armorHead",
			"from": [-3.6, 0, -14.8],
			"to": [-2.6, 2, -14.4],
			"rotation": {"x": 0, "y": 0, "z": 90, "origin": [-7, 4, -15]},
			"faces": {
				"north": {"uv": [4.5, 8, 4.75, 8.5], "texture": "#0"},
				"east": {"uv": [2.75, 9, 2.875, 9.5], "texture": "#0"},
				"south": {"uv": [4.75, 8, 5, 8.5], "texture": "#0"},
				"west": {"uv": [9, 2.75, 9.125, 3.25], "texture": "#0"},
				"up": {"uv": [9.5, 1.875, 9.25, 1.75], "texture": "#0"},
				"down": {"uv": [2.25, 9.25, 2, 9.375], "texture": "#0"}
			}
		},
		{
			"name": "armorHead",
			"from": [-6.6, 1.5, -14.8],
			"to": [-5.6, 2.9, -14.4],
			"rotation": {"x": 0, "y": 0, "z": 90, "origin": [-10, 4, -15]},
			"faces": {
				"north": {"uv": [8.25, 5.75, 8.5, 6.125], "texture": "#0"},
				"east": {"uv": [4, 9, 4.125, 9.375], "texture": "#0"},
				"south": {"uv": [8.5, 0.25, 8.75, 0.625], "texture": "#0"},
				"west": {"uv": [4.25, 9, 4.375, 9.375], "texture": "#0"},
				"up": {"uv": [9.5, 2.125, 9.25, 2], "texture": "#0"},
				"down": {"uv": [2.75, 9.25, 2.5, 9.375], "texture": "#0"}
			}
		},
		{
			"name": "armorHead",
			"from": [1.4, 1.1, -14.8],
			"to": [2.4, 2.5, -14.4],
			"rotation": {"x": 0, "y": 0, "z": 90, "origin": [-2, 4, -15]},
			"faces": {
				"north": {"uv": [3.25, 8.5, 3.5, 8.875], "texture": "#0"},
				"east": {"uv": [4.5, 9, 4.625, 9.375], "texture": "#0"},
				"south": {"uv": [4, 8.5, 4.25, 8.875], "texture": "#0"},
				"west": {"uv": [9, 4.5, 9.125, 4.875], "texture": "#0"},
				"up": {"uv": [9.5, 2.625, 9.25, 2.5], "texture": "#0"},
				"down": {"uv": [9.5, 2.75, 9.25, 2.875], "texture": "#0"}
			}
		},
		{
			"name": "armorHead",
			"from": [0, -1.9, -14.8],
			"to": [2.4, -0.5, -14.4],
			"rotation": {"x": 0, "y": 0, "z": 90, "origin": [-2, 1, -15]},
			"faces": {
				"north": {"uv": [7.25, 0.25, 7.875, 0.625], "texture": "#0"},
				"east": {"uv": [4.75, 9, 4.875, 9.375], "texture": "#0"},
				"south": {"uv": [0.75, 7.25, 1.375, 7.625], "texture": "#0"},
				"west": {"uv": [5, 9, 5.125, 9.375], "texture": "#0"},
				"up": {"uv": [4.875, 8.875, 4.25, 8.75], "texture": "#0"},
				"down": {"uv": [5.625, 8.75, 5, 8.875], "texture": "#0"}
			}
		},
		{
			"name": "armorHead",
			"from": [-8, -1.5, -14.8],
			"to": [-5.6, -0.1, -14.4],
			"rotation": {"x": 0, "y": 0, "z": 90, "origin": [-10, 1, -15]},
			"faces": {
				"north": {"uv": [7.25, 2.25, 7.875, 2.625], "texture": "#0"},
				"east": {"uv": [5.25, 9, 5.375, 9.375], "texture": "#0"},
				"south": {"uv": [7.25, 2.75, 7.875, 3.125], "texture": "#0"},
				"west": {"uv": [5.5, 9, 5.625, 9.375], "texture": "#0"},
				"up": {"uv": [9.375, 5.375, 8.75, 5.25], "texture": "#0"},
				"down": {"uv": [9.375, 5.5, 8.75, 5.625], "texture": "#0"}
			}
		},
		{
			"name": "armorHead",
			"from": [-1, -1.5, -14.8],
			"to": [0.4, -0.5, -14.4],
			"rotation": {"x": 0, "y": 0, "z": 90, "origin": [-3, 1, -15]},
			"faces": {
				"north": {"uv": [4.25, 8.5, 4.625, 8.75], "texture": "#0"},
				"east": {"uv": [3, 9.25, 3.125, 9.5], "texture": "#0"},
				"south": {"uv": [4.75, 8.5, 5.125, 8.75], "texture": "#0"},
				"west": {"uv": [9.25, 3, 9.375, 3.25], "texture": "#0"},
				"up": {"uv": [9.375, 5.125, 9, 5], "texture": "#0"},
				"down": {"uv": [9.375, 6, 9, 6.125], "texture": "#0"}
			}
		},
		{
			"name": "armorHead",
			"from": [-7, -1.5, -14.8],
			"to": [-5.6, -0.5, -14.4],
			"rotation": {"x": 0, "y": 0, "z": 90, "origin": [-9, 1, -15]},
			"faces": {
				"north": {"uv": [8.5, 5, 8.875, 5.25], "texture": "#0"},
				"east": {"uv": [3.25, 9.25, 3.375, 9.5], "texture": "#0"},
				"south": {"uv": [5.25, 8.5, 5.625, 8.75], "texture": "#0"},
				"west": {"uv": [9.25, 3.25, 9.375, 3.5], "texture": "#0"},
				"up": {"uv": [9.375, 6.375, 9, 6.25], "texture": "#0"},
				"down": {"uv": [6.875, 9, 6.5, 9.125], "texture": "#0"}
			}
		},
		{
			"name": "armorHead",
			"from": [-11, 5.4, -5.6],
			"to": [-5.6, 6.4, -5.2],
			"rotation": {"x": 0, "y": 0, "z": 90, "origin": [-9, 8, -6]},
			"faces": {
				"north": {"uv": [6.25, 4.25, 7.625, 4.5], "texture": "#0"},
				"east": {"uv": [3.5, 9.25, 3.625, 9.5], "texture": "#0"},
				"south": {"uv": [1.75, 6.5, 3.125, 6.75], "texture": "#0"},
				"west": {"uv": [9.25, 3.5, 9.375, 3.75], "texture": "#0"},
				"up": {"uv": [8.625, 3.375, 7.25, 3.25], "texture": "#0"},
				"down": {"uv": [8.625, 3.5, 7.25, 3.625], "texture": "#0"}
			}
		},
		{
			"name": "armorHead",
			"from": [-6, 6.6, -5.6],
			"to": [-0.6, 9.6, -5.2],
			"rotation": {"x": 0, "y": 0, "z": 90, "origin": [-4, 8, -6]},
			"faces": {
				"north": {"uv": [4, 4.5, 5.375, 5.25], "texture": "#0"},
				"east": {"uv": [8.5, 5.25, 8.625, 6], "texture": "#0"},
				"south": {"uv": [4, 5.25, 5.375, 6], "texture": "#0"},
				"west": {"uv": [5.75, 8.5, 5.875, 9.25], "texture": "#0"},
				"up": {"uv": [8.625, 3.875, 7.25, 3.75], "texture": "#0"},
				"down": {"uv": [8.625, 4, 7.25, 4.125], "texture": "#0"}
			}
		},
		{
			"name": "armorHead",
			"from": [-4, 6.6, -5.6],
			"to": [1.4, 7.6, -5.2],
			"rotation": {"x": 0, "y": 0, "z": 90, "origin": [-2, 8, -6]},
			"faces": {
				"north": {"uv": [6.5, 1.75, 7.875, 2], "texture": "#0"},
				"east": {"uv": [3.75, 9.25, 3.875, 9.5], "texture": "#0"},
				"south": {"uv": [6.5, 2, 7.875, 2.25], "texture": "#0"},
				"west": {"uv": [9.25, 3.75, 9.375, 4], "texture": "#0"},
				"up": {"uv": [8.875, 6.375, 7.5, 6.25], "texture": "#0"},
				"down": {"uv": [9.125, 4.25, 7.75, 4.375], "texture": "#0"}
			}
		},
		{
			"name": "armorHead",
			"from": [-13, 3, -11.4],
			"to": [-5, 11.4, -11],
			"rotation": {"x": 0, "y": 90, "z": 0, "origin": [-8, 10, -11]},
			"faces": {
				"north": {"uv": [2.25, 0, 4.25, 2.125], "texture": "#0"},
				"east": {"uv": [2.75, 6.75, 2.875, 8.875], "texture": "#0"},
				"south": {"uv": [2.25, 2.25, 4.25, 4.375], "texture": "#0"},
				"west": {"uv": [3, 6.75, 3.125, 8.875], "texture": "#0"},
				"up": {"uv": [9, 6.625, 7, 6.5], "texture": "#0"},
				"down": {"uv": [9, 6.75, 7, 6.875], "texture": "#0"}
			}
		},
		{
			"name": "armorHead",
			"from": [-11, 6, -13.2],
			"to": [-9, 8.4, -12.4],
			"rotation": {"x": 0, "y": 90, "z": 0, "origin": [-8, 11, -12]},
			"faces": {
				"north": {"uv": [3.5, 6.5, 4, 7.125], "texture": "#0"},
				"east": {"uv": [8.25, 5, 8.4375, 5.625], "texture": "#0"},
				"south": {"uv": [6.5, 3.5, 7, 4.125], "texture": "#0"},
				"west": {"uv": [8.25, 7.25, 8.4375, 7.875], "texture": "#0"},
				"up": {"uv": [6.5, 8.6875, 6, 8.5], "texture": "#0"},
				"down": {"uv": [9, 6, 8.5, 6.1875], "texture": "#0"}
			}
		},
		{
			"name": "armorHead",
			"from": [-10, 4, -15.9],
			"to": [-8.6, 10.4, -15.4],
			"rotation": {"x": 0, "y": 90, "z": 0, "origin": [-8, 10, -15]},
			"faces": {
				"north": {"uv": [4, 6, 4.375, 7.875], "texture": "#0"},
				"east": {"uv": [1.5, 7.25, 1.625, 9.125], "texture": "#0"},
				"south": {"uv": [4.5, 6, 4.875, 7.875], "texture": "#0"},
				"west": {"uv": [3.5, 7.25, 3.625, 9.125], "texture": "#0"},
				"up": {"uv": [9.375, 6.625, 9, 6.5], "texture": "#0"},
				"down": {"uv": [9.375, 6.75, 9, 6.875], "texture": "#0"}
			}
		},
		{
			"name": "armorHead",
			"from": [-10, 5, -14.9],
			"to": [-9, 11.4, -14.4],
			"rotation": {"x": 0, "y": 90, "z": 0, "origin": [-8, 11, -14]},
			"faces": {
				"north": {"uv": [0, 6.5, 0.25, 8.125], "texture": "#0"},
				"east": {"uv": [7.5, 4.5, 7.625, 6.125], "texture": "#0"},
				"south": {"uv": [6.5, 0, 6.75, 1.625], "texture": "#0"},
				"west": {"uv": [7.5, 7.25, 7.625, 8.875], "texture": "#0"},
				"up": {"uv": [9.5, 4.125, 9.25, 4], "texture": "#0"},
				"down": {"uv": [9.5, 4.25, 9.25, 4.375], "texture": "#0"}
			}
		},
		{
			"name": "armorHead",
			"from": [-10, 9, -13.9],
			"to": [-9, 11.4, -13.4],
			"rotation": {"x": 0, "y": 90, "z": 0, "origin": [-8, 11, -13]},
			"faces": {
				"north": {"uv": [1.25, 7.75, 1.5, 8.375], "texture": "#0"},
				"east": {"uv": [6, 8.75, 6.125, 9.375], "texture": "#0"},
				"south": {"uv": [3.25, 7.75, 3.5, 8.375], "texture": "#0"},
				"west": {"uv": [6.25, 8.75, 6.375, 9.375], "texture": "#0"},
				"up": {"uv": [9.5, 4.625, 9.25, 4.5], "texture": "#0"},
				"down": {"uv": [9.5, 4.75, 9.25, 4.875], "texture": "#0"}
			}
		},
		{
			"name": "armorHead",
			"from": [-10, 10, -12.9],
			"to": [-9, 11.4, -12.4],
			"rotation": {"x": 0, "y": 90, "z": 0, "origin": [-8, 11, -12]},
			"faces": {
				"north": {"uv": [8.5, 7.25, 8.75, 7.625], "texture": "#0"},
				"east": {"uv": [7, 9, 7.125, 9.375], "texture": "#0"},
				"south": {"uv": [8.5, 7.75, 8.75, 8.125], "texture": "#0"},
				"west": {"uv": [9, 7, 9.125, 7.375], "texture": "#0"},
				"up": {"uv": [6, 9.375, 5.75, 9.25], "texture": "#0"},
				"down": {"uv": [9.5, 5.75, 9.25, 5.875], "texture": "#0"}
			}
		},
		{
			"name": "armorHead",
			"from": [-10, 10.4, -11.9],
			"to": [-9, 11.4, -11.4],
			"rotation": {"x": 0, "y": 90, "z": 0, "origin": [-8, 11, -11]},
			"faces": {
				"north": {"uv": [3, 9, 3.25, 9.25], "texture": "#0"},
				"east": {"uv": [6.5, 9.25, 6.625, 9.5], "texture": "#0"},
				"south": {"uv": [3.25, 9, 3.5, 9.25], "texture": "#0"},
				"west": {"uv": [6.75, 9.25, 6.875, 9.5], "texture": "#0"},
				"up": {"uv": [9.5, 7.125, 9.25, 7], "texture": "#0"},
				"down": {"uv": [7.5, 9.25, 7.25, 9.375], "texture": "#0"}
			}
		},
		{
			"name": "armorHead",
			"from": [-1, 5, -14.6],
			"to": [0, 11.4, -14.1],
			"rotation": {"x": 0, "y": 90, "z": 0, "origin": [1, 11, -14]},
			"faces": {
				"north": {"uv": [0.25, 6.5, 0.5, 8.125], "texture": "#0"},
				"east": {"uv": [0.75, 7.75, 0.875, 9.375], "texture": "#0"},
				"south": {"uv": [0.5, 6.5, 0.75, 8.125], "texture": "#0"},
				"west": {"uv": [1, 7.75, 1.125, 9.375], "texture": "#0"},
				"up": {"uv": [9.5, 7.375, 9.25, 7.25], "texture": "#0"},
				"down": {"uv": [7.75, 9.25, 7.5, 9.375], "texture": "#0"}
			}
		},
		{
			"name": "armorHead",
			"from": [-1, 9, -13.6],
			"to": [0, 11.4, -13.1],
			"rotation": {"x": 0, "y": 90, "z": 0, "origin": [1, 11, -13]},
			"faces": {
				"north": {"uv": [7.75, 5, 8, 5.625], "texture": "#0"},
				"east": {"uv": [8.75, 7.25, 8.875, 7.875], "texture": "#0"},
				"south": {"uv": [6.25, 7.75, 6.5, 8.375], "texture": "#0"},
				"west": {"uv": [8.75, 8, 8.875, 8.625], "texture": "#0"},
				"up": {"uv": [9.5, 7.875, 9.25, 7.75], "texture": "#0"},
				"down": {"uv": [8.25, 9.25, 8, 9.375], "texture": "#0"}
			}
		},
		{
			"name": "armorHead",
			"from": [-1, 10, -12.6],
			"to": [0, 11.4, -12.1],
			"rotation": {"x": 0, "y": 90, "z": 0, "origin": [1, 11, -12]},
			"faces": {
				"north": {"uv": [8.5, 8.25, 8.75, 8.625], "texture": "#0"},
				"east": {"uv": [7.75, 9, 7.875, 9.375], "texture": "#0"},
				"south": {"uv": [0, 8.75, 0.25, 9.125], "texture": "#0"},
				"west": {"uv": [9, 7.75, 9.125, 8.125], "texture": "#0"},
				"up": {"uv": [9.5, 8.125, 9.25, 8], "texture": "#0"},
				"down": {"uv": [8.5, 9.25, 8.25, 9.375], "texture": "#0"}
			}
		},
		{
			"name": "armorHead",
			"from": [-1, 10.4, -11.6],
			"to": [0, 11.4, -11.1],
			"rotation": {"x": 0, "y": 90, "z": 0, "origin": [1, 11, -11]},
			"faces": {
				"north": {"uv": [9, 3.25, 9.25, 3.5], "texture": "#0"},
				"east": {"uv": [9.25, 8.25, 9.375, 8.5], "texture": "#0"},
				"south": {"uv": [9, 3.5, 9.25, 3.75], "texture": "#0"},
				"west": {"uv": [8.5, 9.25, 8.625, 9.5], "texture": "#0"},
				"up": {"uv": [9.5, 8.625, 9.25, 8.5], "texture": "#0"},
				"down": {"uv": [9, 9.25, 8.75, 9.375], "texture": "#0"}
			}
		},
		{
			"name": "armorHead",
			"from": [-11, 7.4, -12.6],
			"to": [-10, 9.4, -11.4],
			"rotation": {"x": 0, "y": 90, "z": 0, "origin": [-8, 12, -11]},
			"faces": {
				"north": {"uv": [5, 8, 5.25, 8.5], "texture": "#0"},
				"east": {"uv": [7.75, 5.75, 8.0625, 6.25], "texture": "#0"},
				"south": {"uv": [8, 5, 8.25, 5.5], "texture": "#0"},
				"west": {"uv": [7.75, 7.25, 8.0625, 7.75], "texture": "#0"},
				"up": {"uv": [8.5, 9.0625, 8.25, 8.75], "texture": "#0"},
				"down": {"uv": [8.75, 8.75, 8.5, 9.0625], "texture": "#0"}
			}
		},
		{
			"name": "armorHead",
			"from": [-11, 8.4, -12],
			"to": [-10, 10.4, -10.8],
			"rotation": {"x": 0, "y": 90, "z": 0, "origin": [-8, 13, -10]},
			"faces": {
				"north": {"uv": [5.25, 8, 5.5, 8.5], "texture": "#0"},
				"east": {"uv": [7.75, 7.75, 8.0625, 8.25], "texture": "#0"},
				"south": {"uv": [5.5, 8, 5.75, 8.5], "texture": "#0"},
				"west": {"uv": [8, 0.25, 8.3125, 0.75], "texture": "#0"},
				"up": {"uv": [9, 9.0625, 8.75, 8.75], "texture": "#0"},
				"down": {"uv": [9.25, 0.25, 9, 0.5625], "texture": "#0"}
			}
		},
		{
			"name": "armorHead",
			"from": [-10.8, 10, -11.3],
			"to": [-10, 12, -10.5],
			"rotation": {"x": 0, "y": 90, "z": 0, "origin": [-8, 15, -9]},
			"faces": {
				"north": {"uv": [0.25, 8.75, 0.4375, 9.25], "texture": "#0"},
				"east": {"uv": [8.75, 0.25, 8.9375, 0.75], "texture": "#0"},
				"south": {"uv": [0.5, 8.75, 0.6875, 9.25], "texture": "#0"},
				"west": {"uv": [8.75, 1.25, 8.9375, 1.75], "texture": "#0"},
				"up": {"uv": [8.1875, 9.1875, 8, 9], "texture": "#0"},
				"down": {"uv": [9.1875, 8.25, 9, 8.4375], "texture": "#0"}
			}
		},
		{
			"name": "armorHead",
			"from": [0.2, 10, -10.5],
			"to": [1, 12, -9.7],
			"rotation": {"x": 0, "y": 90, "z": 0, "origin": [3, 15, -9]},
			"faces": {
				"north": {"uv": [8.75, 1.75, 8.9375, 2.25], "texture": "#0"},
				"east": {"uv": [8.75, 2.25, 8.9375, 2.75], "texture": "#0"},
				"south": {"uv": [8.75, 2.75, 8.9375, 3.25], "texture": "#0"},
				"west": {"uv": [8.75, 3.25, 8.9375, 3.75], "texture": "#0"},
				"up": {"uv": [9.1875, 8.6875, 9, 8.5], "texture": "#0"},
				"down": {"uv": [9.1875, 8.75, 9, 8.9375], "texture": "#0"}
			}
		},
		{
			"name": "armorHead",
			"from": [-1, 6, -13.6],
			"to": [1, 8.4, -12.8],
			"rotation": {"x": 0, "y": 90, "z": 0, "origin": [2, 11, -12]},
			"faces": {
				"north": {"uv": [6.5, 6, 7, 6.625], "texture": "#0"},
				"east": {"uv": [7.75, 8.25, 7.9375, 8.875], "texture": "#0"},
				"south": {"uv": [6.75, 0, 7.25, 0.625], "texture": "#0"},
				"west": {"uv": [8, 8.25, 8.1875, 8.875], "texture": "#0"},
				"up": {"uv": [9.25, 3.9375, 8.75, 3.75], "texture": "#0"},
				"down": {"uv": [9.25, 4, 8.75, 4.1875], "texture": "#0"}
			}
		},
		{
			"name": "armorHead",
			"from": [-1, 7.4, -12.6],
			"to": [0, 9.4, -11.4],
			"rotation": {"x": 0, "y": 90, "z": 0, "origin": [2, 12, -11]},
			"faces": {
				"north": {"uv": [5.75, 8, 6, 8.5], "texture": "#0"},
				"east": {"uv": [8, 1.75, 8.3125, 2.25], "texture": "#0"},
				"south": {"uv": [0, 8.25, 0.25, 8.75], "texture": "#0"},
				"west": {"uv": [8, 2.25, 8.3125, 2.75], "texture": "#0"},
				"up": {"uv": [9.25, 1.0625, 9, 0.75], "texture": "#0"},
				"down": {"uv": [9.25, 1.25, 9, 1.5625], "texture": "#0"}
			}
		},
		{
			"name": "armorHead",
			"from": [-1, 8.4, -11.3],
			"to": [0, 10.4, -10.1],
			"rotation": {"x": 0, "y": 90, "z": 0, "origin": [2, 13, -10]},
			"faces": {
				"north": {"uv": [0.25, 8.25, 0.5, 8.75], "texture": "#0"},
				"east": {"uv": [8, 2.75, 8.3125, 3.25], "texture": "#0"},
				"south": {"uv": [0.5, 8.25, 0.75, 8.75], "texture": "#0"},
				"west": {"uv": [4, 8, 4.3125, 8.5], "texture": "#0"},
				"up": {"uv": [9.25, 2.0625, 9, 1.75], "texture": "#0"},
				"down": {"uv": [2.5, 9, 2.25, 9.3125], "texture": "#0"}
			}
		},
		{
			"name": "armorHead",
			"from": [-5, 3, -11],
			"to": [3, 11.4, -10.6],
			"rotation": {"x": 0, "y": 90, "z": 0, "origin": [0, 10, -11]},
			"faces": {
				"north": {"uv": [4.25, 0, 6.25, 2.125], "texture": "#0"},
				"east": {"uv": [6.5, 6.75, 6.625, 8.875], "texture": "#0"},
				"south": {"uv": [4.25, 2.25, 6.25, 4.375], "texture": "#0"},
				"west": {"uv": [6.75, 6.75, 6.875, 8.875], "texture": "#0"},
				"up": {"uv": [9, 7.125, 7, 7], "texture": "#0"},
				"down": {"uv": [9.25, 0, 7.25, 0.125], "texture": "#0"}
			}
		}
	],
	"display": {
		"head": {
			"translation": [17.5, 3.5, 26.5],
			"scale": [1.47, 1.47, 1.47]
		}
	},
	"groups": [
		{
			"name": "capucha",
			"origin": [-7, 11, -11],
			"color": 0,
			"children": [0, 1, 2, 3, 4, 5, 6, 7, 8, 9, 10, 11, 12, 13, 14, 15, 16, 17, 18, 19, 20, 21, 22, 23, 24, 25, 26, 27, 28, 29, 30, 31, 32, 33, 34, 35, 36, 37]
		}
	]
}