{
	"credit": "Made with Blockbench",
	"texture_size": [32, 32],
	"textures": {
		"2": "item/varaaire4",
		"3": "item/vara1"
	},
	"elements": [
		{
			"from": [7.9, 2, 7.9],
			"to": [8.9, 21, 8.9],
			"rotation": {"angle": 0, "axis": "y", "origin": [11, -9, 4]},
			"faces": {
				"north": {"uv": [0, 0, 0.5, 9.5], "texture": "#2"},
				"east": {"uv": [0.5, 0, 1, 9.5], "texture": "#2"},
				"south": {"uv": [1, 0, 1.5, 9.5], "texture": "#2"},
				"west": {"uv": [1.5, 0, 2, 9.5], "texture": "#2"},
				"up": {"uv": [5, 3.5, 4.5, 3], "texture": "#2"},
				"down": {"uv": [5, 3.5, 4.5, 4], "texture": "#2"}
			}
		},
		{
			"from": [7.75, 1, 7.75],
			"to": [9.05, 2, 9.05],
			"rotation": {"angle": 0, "axis": "y", "origin": [7, -15, 7]},
			"faces": {
				"north": {"uv": [9, 9, 9.625, 9.5], "texture": "#2"},
				"east": {"uv": [0, 9.5, 0.625, 10], "texture": "#2"},
				"south": {"uv": [9.5, 0, 10.125, 0.5], "texture": "#2"},
				"west": {"uv": [9.5, 0.5, 10.125, 1], "texture": "#2"},
				"up": {"uv": [3.625, 9.125, 3, 8.5], "texture": "#2"},
				"down": {"uv": [4.625, 8.5, 4, 9.125], "texture": "#2"}
			}
		},
		{
			"from": [7.5, 21, 7.5],
			"to": [9.5, 23, 9.5],
			"rotation": {"angle": -45, "axis": "x", "origin": [8.5, 22, 8.5]},
			"faces": {
				"north": {"uv": [8, 2, 9, 3], "texture": "#3"},
				"east": {"uv": [5, 8, 6, 9], "texture": "#3"},
				"south": {"uv": [6, 8, 7, 9], "texture": "#3"},
				"west": {"uv": [7, 8, 8, 9], "texture": "#3"},
				"up": {"uv": [9, 9, 8, 8], "texture": "#3"},
				"down": {"uv": [1, 8.5, 0, 9.5], "texture": "#3"}
			}
		},
		{
			"from": [7.5, 21, 7.5],
			"to": [9.5, 23, 9.5],
			"rotation": {"angle": 0, "axis": "y", "origin": [7, 21, 7]},
			"faces": {
				"north": {"uv": [4.5, 3.5, 5.5, 4.5], "texture": "#3"},
				"east": {"uv": [4.5, 4.5, 5.5, 5.5], "texture": "#3"},
				"south": {"uv": [5, 0, 6, 1], "texture": "#3"},
				"west": {"uv": [5, 1, 6, 2], "texture": "#3"},
				"up": {"uv": [6, 3, 5, 2], "texture": "#3"},
				"down": {"uv": [6.5, 3, 5.5, 4], "texture": "#3"}
			}
		},
		{
			"from": [7.5, 21, 7.5],
			"to": [9.5, 23, 9.5],
			"rotation": {"angle": 22.5, "axis": "y", "origin": [8.5, 22, 8.5]},
			"faces": {
				"north": {"uv": [5.5, 4, 6.5, 5], "texture": "#3"},
				"east": {"uv": [4.5, 5.5, 5.5, 6.5], "texture": "#3"},
				"south": {"uv": [5.5, 5, 6.5, 6], "texture": "#3"},
				"west": {"uv": [6, 0, 7, 1], "texture": "#3"},
				"up": {"uv": [7, 2, 6, 1], "texture": "#3"},
				"down": {"uv": [7, 2, 6, 3], "texture": "#3"}
			}
		},
		{
			"from": [7.5, 21, 7.5],
			"to": [9.5, 23, 9.5],
			"rotation": {"angle": 45, "axis": "y", "origin": [8.5, 22, 8.5]},
			"faces": {
				"north": {"uv": [5.5, 6, 6.5, 7], "texture": "#3"},
				"east": {"uv": [6.5, 3, 7.5, 4], "texture": "#3"},
				"south": {"uv": [6.5, 4, 7.5, 5], "texture": "#3"},
				"west": {"uv": [4.5, 6.5, 5.5, 7.5], "texture": "#3"},
				"up": {"uv": [7.5, 6, 6.5, 5], "texture": "#3"},
				"down": {"uv": [7.5, 6, 6.5, 7], "texture": "#3"}
			}
		},
		{
			"from": [7.5, 21, 7.5],
			"to": [9.5, 23, 9.5],
			"rotation": {"angle": -22.5, "axis": "y", "origin": [8.5, 22, 8.5]},
			"faces": {
				"north": {"uv": [7, 0, 8, 1], "texture": "#3"},
				"east": {"uv": [7, 1, 8, 2], "texture": "#3"},
				"south": {"uv": [2, 7, 3, 8], "texture": "#3"},
				"west": {"uv": [7, 2, 8, 3], "texture": "#3"},
				"up": {"uv": [6.5, 8, 5.5, 7], "texture": "#3"},
				"down": {"uv": [7.5, 7, 6.5, 8], "texture": "#3"}
			}
		},
		{
			"from": [7.5, 21, 7.5],
			"to": [9.5, 23, 9.5],
			"rotation": {"angle": -45, "axis": "z", "origin": [8.5, 22, 8.5]},
			"faces": {
				"north": {"uv": [0, 7.5, 1, 8.5], "texture": "#3"},
				"east": {"uv": [1, 7.5, 2, 8.5], "texture": "#3"},
				"south": {"uv": [3, 7.5, 4, 8.5], "texture": "#3"},
				"west": {"uv": [7.5, 3, 8.5, 4], "texture": "#3"},
				"up": {"uv": [5, 8.5, 4, 7.5], "texture": "#3"},
				"down": {"uv": [8.5, 4, 7.5, 5], "texture": "#3"}
			}
		},
		{
			"from": [7.5, 21, 7.5],
			"to": [9.5, 23, 9.5],
			"rotation": {"angle": 22.5, "axis": "x", "origin": [8.5, 22, 8.5]},
			"faces": {
				"north": {"uv": [7.5, 5, 8.5, 6], "texture": "#3"},
				"east": {"uv": [7.5, 6, 8.5, 7], "texture": "#3"},
				"south": {"uv": [7.5, 7, 8.5, 8], "texture": "#3"},
				"west": {"uv": [8, 0, 9, 1], "texture": "#3"},
				"up": {"uv": [9, 2, 8, 1], "texture": "#3"},
				"down": {"uv": [3, 8, 2, 9], "texture": "#3"}
			}
		}
	],
	"display": {
		"thirdperson_righthand": {
			"translation": [0, -5.5, 1.5]
		},
		"thirdperson_lefthand": {
			"translation": [0.5, 0, 1]
		},
		"firstperson_righthand": {
			"translation": [0, -2.5, 0]
		},
		"firstperson_lefthand": {
			"translation": [1.5, -2.75, 0]
		},
		"ground": {
			"rotation": [-89, 1, 0],
			"translation": [0, -2.75, 5.25]
		},
		"gui": {
			"rotation": [-11, -28, 47],
			"translation": [2.75, -2.75, 0],
			"scale": [0.88, 0.88, 0.88]
		},
		"fixed": {
			"rotation": [-3.94, -24.73, -1.14],
			"translation": [0, -7.5, -3.25],
			"scale": [2.19, 2.19, 2.19]
		}
	},
	"groups": [
		{
			"name": "group",
			"origin": [8.5, 24, 8.5],
			"color": 0,
			"children": [0, 1]
		},
		{
			"name": "group",
			"origin": [8.5, 24, 8.5],
			"color": 0,
			"children": [2, 3, 4, 5, 6, 7, 8]
		}
	]
}