{
	"format_version": "1.21.11",
	"credit": "Made with Blockbench",
	"parent": "item/generated",
	"textures": {
		"0": "item/libroypluma2",
		"particle": "item/libroypluma2"
	},
	"elements": [
		{
			"from": [4, 0, 7],
			"to": [11, 2, 13],
			"rotation": {"angle": 22.5, "axis": "y", "origin": [4, 0, 7]},
			"faces": {
				"north": {"uv": [7, 0, 14, 2], "texture": "#0"},
				"east": {"uv": [7, 4, 13, 6], "texture": "#0"},
				"south": {"uv": [7, 2, 14, 4], "texture": "#0"},
				"west": {"uv": [7, 6, 13, 8], "texture": "#0"},
				"up": {"uv": [7, 6, 0, 0], "texture": "#0"},
				"down": {"uv": [7, 6, 0, 12], "texture": "#0"}
			}
		},
		{
			"from": [7.8, 4, 7.8],
			"to": [8.2, 8, 8.2],
			"rotation": {"angle": -12.5, "axis": "z", "origin": [0, 0, 0]},
			"faces": {
				"north": {"uv": [9, 11, 9.5, 15], "texture": "#0"},
				"east": {"uv": [11, 9, 11.5, 13], "texture": "#0"},
				"south": {"uv": [10, 11, 10.5, 15], "texture": "#0"},
				"west": {"uv": [0, 12, 0.5, 16], "texture": "#0"},
				"up": {"uv": [1.5, 12.5, 1, 12], "texture": "#0"},
				"down": {"uv": [2.5, 12, 2, 12.5], "texture": "#0"}
			}
		},
		{
			"from": [8, 2, 7],
			"to": [10, 3, 9],
			"faces": {
				"north": {"uv": [7, 10, 9, 11], "texture": "#0"},
				"east": {"uv": [9, 10, 11, 11], "texture": "#0"},
				"south": {"uv": [7, 11, 9, 12], "texture": "#0"},
				"west": {"uv": [11, 8, 13, 9], "texture": "#0"},
				"up": {"uv": [9, 10, 7, 8], "texture": "#0"},
				"down": {"uv": [11, 8, 9, 10], "texture": "#0"}
			}
		}
	],
	"display": {
		"thirdperson_righthand": {
			"rotation": [-36.22, -7.93, -72.75],
			"translation": [5, 0, 2]
		},
		"thirdperson_lefthand": {
			"rotation": [-19.91, -1.32, 112.18],
			"translation": [-8.75, -4.75, 2.75]
		},
		"firstperson_righthand": {
			"rotation": [43, -164, -83],
			"translation": [-8.25, 5.25, 9],
			"scale": [0.45, 0.45, 0.45]
		},
		"firstperson_lefthand": {
			"rotation": [-9, -20, 107],
			"translation": [-7.25, -0.5, 1.25]
		},
		"ground": {
			"translation": [0, 5, 0]
		},
		"gui": {
			"rotation": [-151.49, -29.43, -177.58],
			"translation": [1.25, 6, 0],
			"scale": [1.51, 1.51, 1.51]
		},
		"head": {
			"translation": [0, -1, 0]
		},
		"fixed": {
			"rotation": [-90, -12, 0],
			"translation": [0, 0, -15.75],
			"scale": [1.96, 1.96, 1.96]
		}
	},
	"groups": [
		{
			"name": "group",
			"origin": [8, 8, 8],
			"color": 0,
			"children": [0, 1, 2]
		}
	]
}