{
	"format_version": "1.21.11",
	"credit": "Made with Blockbench",
	"ambientocclusion": false,
	"textures": {
		"3": "block/cobblestone",
		"4": "block/campfire_log",
		"5": "block/campfire_fire",
		"6": "block/packed_mud",
		"content": "block/regeneracionpotion",
		"particle": "block/cauldron_side"
	},
	"elements": [
		{
			"from": [4, 13.5, 4],
			"to": [12, 13.5, 12],
			"faces": {
				"up": {"uv": [4, 4, 12, 12], "texture": "#content", "tintindex": 0}
			}
		},
		{
			"from": [12, 13.5, 5],
			"to": [13, 13.5, 11],
			"rotation": {"angle": 0, "axis": "y", "origin": [8, 13.5, 8]},
			"faces": {
				"up": {"uv": [2, 5, 3, 11], "texture": "#content", "tintindex": 0}
			}
		},
		{
			"from": [3, 13.5, 5],
			"to": [4, 13.5, 11],
			"rotation": {"angle": 0, "axis": "y", "origin": [8, 13.5, 8]},
			"faces": {
				"up": {"uv": [13, 5, 14, 11], "texture": "#content", "tintindex": 0}
			}
		},
		{
			"from": [5, 13.5, 12],
			"to": [11, 13.5, 13],
			"rotation": {"angle": 0, "axis": "y", "origin": [8, 13.5, 8]},
			"faces": {
				"up": {"uv": [5, 2, 11, 3], "rotation": 180, "texture": "#content", "tintindex": 0}
			}
		},
		{
			"from": [5, 13.5, 3],
			"to": [11, 13.5, 4],
			"rotation": {"angle": 0, "axis": "y", "origin": [8, 13.5, 8]},
			"faces": {
				"up": {"uv": [5, 13, 11, 14], "rotation": 180, "texture": "#content", "tintindex": 0}
			}
		},
		{
			"from": [5, 9, 5],
			"to": [11, 10, 11],
			"rotation": {"angle": 0, "axis": "y", "origin": [9, 2, 2]},
			"faces": {
				"north": {"uv": [0, 0, 6, 1], "texture": "#6"},
				"east": {"uv": [0, 0, 6, 1], "texture": "#6"},
				"south": {"uv": [0, 0, 6, 1], "texture": "#6"},
				"west": {"uv": [0, 0, 6, 1], "texture": "#6"},
				"up": {"uv": [0, 0, 6, 6], "texture": "#6"},
				"down": {"uv": [0, 0, 6, 6], "texture": "#6"}
			}
		},
		{
			"from": [11, 9, 5],
			"to": [12, 10, 11],
			"rotation": {"angle": 0, "axis": "y", "origin": [9, 2, 2]},
			"faces": {
				"north": {"uv": [0, 0, 1, 1], "texture": "#6"},
				"east": {"uv": [0, 0, 6, 1], "texture": "#6"},
				"south": {"uv": [0, 0, 1, 1], "texture": "#6"},
				"west": {"uv": [0, 0, 6, 1], "texture": "#6"},
				"up": {"uv": [0, 0, 1, 6], "texture": "#6"},
				"down": {"uv": [0, 0, 1, 6], "texture": "#6"}
			}
		},
		{
			"from": [4, 9, 5],
			"to": [5, 10, 11],
			"rotation": {"angle": 0, "axis": "y", "origin": [9, 2, 2]},
			"faces": {
				"north": {"uv": [0, 0, 1, 1], "texture": "#6"},
				"east": {"uv": [0, 0, 6, 1], "texture": "#6"},
				"south": {"uv": [0, 0, 1, 1], "texture": "#6"},
				"west": {"uv": [0, 0, 6, 1], "texture": "#6"},
				"up": {"uv": [0, 0, 1, 6], "texture": "#6"},
				"down": {"uv": [0, 0, 1, 6], "texture": "#6"}
			}
		},
		{
			"from": [5, 9, 4],
			"to": [11, 10, 5],
			"rotation": {"angle": 0, "axis": "y", "origin": [9, 2, 2]},
			"faces": {
				"north": {"uv": [0, 0, 6, 1], "texture": "#6"},
				"east": {"uv": [0, 0, 1, 1], "texture": "#6"},
				"south": {"uv": [0, 0, 6, 1], "texture": "#6"},
				"west": {"uv": [0, 0, 1, 1], "texture": "#6"},
				"up": {"uv": [0, 0, 1, 6], "rotation": 270, "texture": "#6"},
				"down": {"uv": [0, 0, 1, 6], "rotation": 90, "texture": "#6"}
			}
		},
		{
			"from": [5, 9, 11],
			"to": [11, 10, 12],
			"rotation": {"angle": 0, "axis": "y", "origin": [9, 2, 2]},
			"faces": {
				"north": {"uv": [0, 0, 6, 1], "texture": "#6"},
				"east": {"uv": [0, 0, 1, 1], "texture": "#6"},
				"south": {"uv": [0, 0, 6, 1], "texture": "#6"},
				"west": {"uv": [0, 0, 1, 1], "texture": "#6"},
				"up": {"uv": [0, 0, 1, 6], "rotation": 270, "texture": "#6"},
				"down": {"uv": [0, 0, 1, 6], "rotation": 90, "texture": "#6"}
			}
		},
		{
			"from": [11, 10, 4],
			"to": [12, 13, 5],
			"rotation": {"angle": 0, "axis": "y", "origin": [9, 2, 2]},
			"faces": {
				"north": {"uv": [0, 0, 1, 3], "texture": "#6"},
				"east": {"uv": [0, 0, 1, 3], "texture": "#6"},
				"south": {"uv": [0, 0, 1, 3], "texture": "#6"},
				"west": {"uv": [0, 0, 1, 3], "texture": "#6"},
				"up": {"uv": [0, 0, 1, 1], "rotation": 270, "texture": "#6"},
				"down": {"uv": [0, 0, 1, 1], "rotation": 90, "texture": "#6"}
			}
		},
		{
			"from": [5, 10, 3],
			"to": [11, 13, 4],
			"rotation": {"angle": 0, "axis": "y", "origin": [9, 2, 2]},
			"faces": {
				"north": {"uv": [0, 0, 6, 3], "texture": "#6"},
				"east": {"uv": [0, 0, 1, 3], "texture": "#6"},
				"south": {"uv": [0, 0, 6, 3], "texture": "#6"},
				"west": {"uv": [0, 0, 1, 3], "texture": "#6"},
				"up": {"uv": [0, 0, 1, 6], "rotation": 270, "texture": "#6"},
				"down": {"uv": [0, 0, 1, 6], "rotation": 90, "texture": "#6"}
			}
		},
		{
			"from": [11, 10, 11],
			"to": [12, 13, 12],
			"rotation": {"angle": 0, "axis": "y", "origin": [9, 2, 2]},
			"faces": {
				"north": {"uv": [0, 0, 1, 3], "texture": "#6"},
				"east": {"uv": [0, 0, 1, 3], "texture": "#6"},
				"south": {"uv": [0, 0, 1, 3], "texture": "#6"},
				"west": {"uv": [0, 0, 1, 3], "texture": "#6"},
				"up": {"uv": [0, 0, 1, 1], "rotation": 270, "texture": "#6"},
				"down": {"uv": [0, 0, 1, 1], "rotation": 90, "texture": "#6"}
			}
		},
		{
			"from": [5, 10, 12],
			"to": [11, 13, 13],
			"rotation": {"angle": 0, "axis": "y", "origin": [9, 2, 2]},
			"faces": {
				"north": {"uv": [0, 0, 6, 3], "texture": "#6"},
				"east": {"uv": [0, 0, 1, 3], "texture": "#6"},
				"south": {"uv": [0, 0, 6, 3], "texture": "#6"},
				"west": {"uv": [0, 0, 1, 3], "texture": "#6"},
				"up": {"uv": [0, 0, 1, 6], "rotation": 270, "texture": "#6"},
				"down": {"uv": [0, 0, 1, 6], "rotation": 90, "texture": "#6"}
			}
		},
		{
			"from": [4, 10, 11],
			"to": [5, 13, 12],
			"rotation": {"angle": 0, "axis": "y", "origin": [9, 2, 2]},
			"faces": {
				"north": {"uv": [0, 0, 1, 3], "texture": "#6"},
				"east": {"uv": [0, 0, 1, 3], "texture": "#6"},
				"south": {"uv": [0, 0, 1, 3], "texture": "#6"},
				"west": {"uv": [0, 0, 1, 3], "texture": "#6"},
				"up": {"uv": [0, 0, 1, 1], "rotation": 270, "texture": "#6"},
				"down": {"uv": [0, 0, 1, 1], "rotation": 90, "texture": "#6"}
			}
		},
		{
			"from": [4, 10, 4],
			"to": [5, 13, 5],
			"rotation": {"angle": 0, "axis": "y", "origin": [9, 2, 2]},
			"faces": {
				"north": {"uv": [0, 0, 1, 3], "texture": "#6"},
				"east": {"uv": [0, 0, 1, 3], "texture": "#6"},
				"south": {"uv": [0, 0, 1, 3], "texture": "#6"},
				"west": {"uv": [0, 0, 1, 3], "texture": "#6"},
				"up": {"uv": [0, 0, 1, 1], "rotation": 270, "texture": "#6"},
				"down": {"uv": [0, 0, 1, 1], "rotation": 90, "texture": "#6"}
			}
		},
		{
			"from": [4, 12, 3],
			"to": [5, 14, 4],
			"rotation": {"angle": 0, "axis": "y", "origin": [9, 2, 2]},
			"faces": {
				"north": {"uv": [0, 0, 1, 2], "texture": "#6"},
				"east": {"uv": [0, 0, 1, 2], "texture": "#6"},
				"south": {"uv": [0, 0, 1, 2], "texture": "#6"},
				"west": {"uv": [0, 0, 1, 2], "texture": "#6"},
				"up": {"uv": [0, 0, 1, 1], "rotation": 270, "texture": "#6"},
				"down": {"uv": [0, 0, 1, 1], "rotation": 90, "texture": "#6"}
			}
		},
		{
			"from": [12, 13, 12],
			"to": [13, 14, 13],
			"rotation": {"angle": 0, "axis": "y", "origin": [9, 2, 2]},
			"faces": {
				"north": {"uv": [0, 0, 1, 1], "texture": "#6"},
				"east": {"uv": [0, 0, 1, 1], "texture": "#6"},
				"south": {"uv": [0, 0, 1, 1], "texture": "#6"},
				"west": {"uv": [0, 0, 1, 1], "texture": "#6"},
				"up": {"uv": [0, 0, 1, 1], "rotation": 270, "texture": "#6"},
				"down": {"uv": [0, 0, 1, 1], "rotation": 90, "texture": "#6"}
			}
		},
		{
			"from": [3, 13, 12],
			"to": [4, 14, 13],
			"rotation": {"angle": 0, "axis": "y", "origin": [9, 2, 2]},
			"faces": {
				"north": {"uv": [0, 0, 1, 1], "texture": "#6"},
				"east": {"uv": [0, 0, 1, 1], "texture": "#6"},
				"south": {"uv": [0, 0, 1, 1], "texture": "#6"},
				"west": {"uv": [0, 0, 1, 1], "texture": "#6"},
				"up": {"uv": [0, 0, 1, 1], "rotation": 270, "texture": "#6"},
				"down": {"uv": [0, 0, 1, 1], "rotation": 90, "texture": "#6"}
			}
		},
		{
			"from": [3, 13, 3],
			"to": [4, 14, 4],
			"rotation": {"angle": 0, "axis": "y", "origin": [9, 2, 2]},
			"faces": {
				"north": {"uv": [0, 0, 1, 1], "texture": "#6"},
				"east": {"uv": [0, 0, 1, 1], "texture": "#6"},
				"south": {"uv": [0, 0, 1, 1], "texture": "#6"},
				"west": {"uv": [0, 0, 1, 1], "texture": "#6"},
				"up": {"uv": [0, 0, 1, 1], "rotation": 270, "texture": "#6"},
				"down": {"uv": [0, 0, 1, 1], "rotation": 90, "texture": "#6"}
			}
		},
		{
			"from": [12, 13, 3],
			"to": [13, 14, 4],
			"rotation": {"angle": 0, "axis": "y", "origin": [9, 2, 2]},
			"faces": {
				"north": {"uv": [0, 0, 1, 1], "texture": "#6"},
				"east": {"uv": [0, 0, 1, 1], "texture": "#6"},
				"south": {"uv": [0, 0, 1, 1], "texture": "#6"},
				"west": {"uv": [0, 0, 1, 1], "texture": "#6"},
				"up": {"uv": [0, 0, 1, 1], "rotation": 270, "texture": "#6"},
				"down": {"uv": [0, 0, 1, 1], "rotation": 90, "texture": "#6"}
			}
		},
		{
			"from": [3, 12, 4],
			"to": [4, 14, 5],
			"rotation": {"angle": 0, "axis": "y", "origin": [9, 2, 2]},
			"faces": {
				"north": {"uv": [0, 0, 1, 2], "texture": "#6"},
				"east": {"uv": [0, 0, 1, 2], "texture": "#6"},
				"south": {"uv": [0, 0, 1, 2], "texture": "#6"},
				"west": {"uv": [0, 0, 1, 2], "texture": "#6"},
				"up": {"uv": [0, 0, 1, 1], "rotation": 270, "texture": "#6"},
				"down": {"uv": [0, 0, 1, 1], "rotation": 90, "texture": "#6"}
			}
		},
		{
			"from": [11, 12, 3],
			"to": [12, 14, 4],
			"rotation": {"angle": 0, "axis": "y", "origin": [9, 2, 2]},
			"faces": {
				"north": {"uv": [0, 0, 1, 2], "texture": "#6"},
				"east": {"uv": [0, 0, 1, 2], "texture": "#6"},
				"south": {"uv": [0, 0, 1, 2], "texture": "#6"},
				"west": {"uv": [0, 0, 1, 2], "texture": "#6"},
				"up": {"uv": [0, 0, 1, 1], "rotation": 270, "texture": "#6"},
				"down": {"uv": [0, 0, 1, 1], "rotation": 90, "texture": "#6"}
			}
		},
		{
			"from": [12, 12, 4],
			"to": [13, 14, 5],
			"rotation": {"angle": 0, "axis": "y", "origin": [9, 2, 2]},
			"faces": {
				"north": {"uv": [0, 0, 1, 2], "texture": "#6"},
				"east": {"uv": [0, 0, 1, 2], "texture": "#6"},
				"south": {"uv": [0, 0, 1, 2], "texture": "#6"},
				"west": {"uv": [0, 0, 1, 2], "texture": "#6"},
				"up": {"uv": [0, 0, 1, 1], "rotation": 270, "texture": "#6"},
				"down": {"uv": [0, 0, 1, 1], "rotation": 90, "texture": "#6"}
			}
		},
		{
			"from": [12, 12, 11],
			"to": [13, 14, 12],
			"rotation": {"angle": 0, "axis": "y", "origin": [9, 2, 2]},
			"faces": {
				"north": {"uv": [0, 0, 1, 2], "texture": "#6"},
				"east": {"uv": [0, 0, 1, 2], "texture": "#6"},
				"south": {"uv": [0, 0, 1, 2], "texture": "#6"},
				"west": {"uv": [0, 0, 1, 2], "texture": "#6"},
				"up": {"uv": [0, 0, 1, 1], "rotation": 270, "texture": "#6"},
				"down": {"uv": [0, 0, 1, 1], "rotation": 90, "texture": "#6"}
			}
		},
		{
			"from": [11, 12, 12],
			"to": [12, 14, 13],
			"rotation": {"angle": 0, "axis": "y", "origin": [9, 2, 2]},
			"faces": {
				"north": {"uv": [0, 0, 1, 2], "texture": "#6"},
				"east": {"uv": [0, 0, 1, 2], "texture": "#6"},
				"south": {"uv": [0, 0, 1, 2], "texture": "#6"},
				"west": {"uv": [0, 0, 1, 2], "texture": "#6"},
				"up": {"uv": [0, 0, 1, 1], "rotation": 270, "texture": "#6"},
				"down": {"uv": [0, 0, 1, 1], "rotation": 90, "texture": "#6"}
			}
		},
		{
			"from": [4, 12, 12],
			"to": [5, 14, 13],
			"rotation": {"angle": 0, "axis": "y", "origin": [9, 2, 2]},
			"faces": {
				"north": {"uv": [0, 0, 1, 2], "texture": "#6"},
				"east": {"uv": [0, 0, 1, 2], "texture": "#6"},
				"south": {"uv": [0, 0, 1, 2], "texture": "#6"},
				"west": {"uv": [0, 0, 1, 2], "texture": "#6"},
				"up": {"uv": [0, 0, 1, 1], "rotation": 270, "texture": "#6"},
				"down": {"uv": [0, 0, 1, 1], "rotation": 90, "texture": "#6"}
			}
		},
		{
			"from": [3, 12, 11],
			"to": [4, 14, 12],
			"rotation": {"angle": 0, "axis": "y", "origin": [9, 2, 2]},
			"faces": {
				"north": {"uv": [0, 0, 1, 2], "texture": "#6"},
				"east": {"uv": [0, 0, 1, 2], "texture": "#6"},
				"south": {"uv": [0, 0, 1, 2], "texture": "#6"},
				"west": {"uv": [0, 0, 1, 2], "texture": "#6"},
				"up": {"uv": [0, 0, 1, 1], "rotation": 270, "texture": "#6"},
				"down": {"uv": [0, 0, 1, 1], "rotation": 90, "texture": "#6"}
			}
		},
		{
			"from": [3, 10, 5],
			"to": [4, 13, 11],
			"rotation": {"angle": 0, "axis": "y", "origin": [9, 2, 2]},
			"faces": {
				"north": {"uv": [0, 0, 1, 3], "texture": "#6"},
				"east": {"uv": [0, 0, 6, 3], "texture": "#6"},
				"south": {"uv": [0, 0, 1, 3], "texture": "#6"},
				"west": {"uv": [0, 0, 6, 3], "texture": "#6"},
				"up": {"uv": [0, 0, 1, 6], "rotation": 180, "texture": "#6"},
				"down": {"uv": [0, 0, 1, 6], "rotation": 180, "texture": "#6"}
			}
		},
		{
			"from": [12, 10, 5],
			"to": [13, 13, 11],
			"rotation": {"angle": 0, "axis": "y", "origin": [9, 2, 2]},
			"faces": {
				"north": {"uv": [0, 0, 1, 3], "texture": "#6"},
				"east": {"uv": [0, 0, 6, 3], "texture": "#6"},
				"south": {"uv": [0, 0, 1, 3], "texture": "#6"},
				"west": {"uv": [0, 0, 6, 3], "texture": "#6"},
				"up": {"uv": [0, 0, 1, 6], "rotation": 180, "texture": "#6"},
				"down": {"uv": [0, 0, 1, 6], "rotation": 180, "texture": "#6"}
			}
		},
		{
			"from": [2, 13, 4],
			"to": [3, 14, 12],
			"rotation": {"angle": 0, "axis": "y", "origin": [9, 2, 2]},
			"faces": {
				"north": {"uv": [0, 0, 1, 1], "texture": "#6"},
				"east": {"uv": [0, 0, 8, 1], "texture": "#6"},
				"south": {"uv": [0, 0, 1, 1], "texture": "#6"},
				"west": {"uv": [0, 0, 8, 1], "texture": "#6"},
				"up": {"uv": [0, 0, 1, 8], "rotation": 180, "texture": "#6"},
				"down": {"uv": [0, 0, 1, 8], "rotation": 180, "texture": "#6"}
			}
		},
		{
			"from": [13, 13, 4],
			"to": [14, 14, 12],
			"rotation": {"angle": 0, "axis": "y", "origin": [9, 2, 2]},
			"faces": {
				"north": {"uv": [0, 0, 1, 1], "texture": "#6"},
				"east": {"uv": [0, 0, 8, 1], "texture": "#6"},
				"south": {"uv": [0, 0, 1, 1], "texture": "#6"},
				"west": {"uv": [0, 0, 8, 1], "texture": "#6"},
				"up": {"uv": [0, 0, 1, 8], "rotation": 180, "texture": "#6"},
				"down": {"uv": [0, 0, 1, 8], "rotation": 180, "texture": "#6"}
			}
		},
		{
			"from": [4, 13, 13],
			"to": [12, 14, 14],
			"rotation": {"angle": 0, "axis": "y", "origin": [9, 2, 2]},
			"faces": {
				"north": {"uv": [0, 0, 8, 1], "texture": "#6"},
				"east": {"uv": [0, 0, 1, 1], "texture": "#6"},
				"south": {"uv": [0, 0, 8, 1], "texture": "#6"},
				"west": {"uv": [0, 0, 1, 1], "texture": "#6"},
				"up": {"uv": [0, 0, 1, 8], "rotation": 90, "texture": "#6"},
				"down": {"uv": [0, 0, 1, 8], "rotation": 270, "texture": "#6"}
			}
		},
		{
			"from": [4, 13, 2],
			"to": [12, 14, 3],
			"rotation": {"angle": 0, "axis": "y", "origin": [9, 2, 2]},
			"faces": {
				"north": {"uv": [0, 0, 8, 1], "texture": "#6"},
				"east": {"uv": [0, 0, 1, 1], "texture": "#6"},
				"south": {"uv": [0, 0, 8, 1], "texture": "#6"},
				"west": {"uv": [0, 0, 1, 1], "texture": "#6"},
				"up": {"uv": [0, 0, 1, 8], "rotation": 90, "texture": "#6"},
				"down": {"uv": [0, 0, 1, 8], "rotation": 270, "texture": "#6"}
			}
		},
		{
			"from": [7.72, 8.69113, 0.7793],
			"to": [8.28, 9.25113, 2.4593],
			"rotation": {"angle": 22.5, "axis": "x", "origin": [8, 12.73411, 8]},
			"faces": {
				"north": {"uv": [0, 0, 1, 1], "texture": "#6"},
				"east": {"uv": [0, 0, 3, 1], "texture": "#6"},
				"south": {"uv": [0, 0, 1, 1], "texture": "#6"},
				"west": {"uv": [0, 0, 3, 1], "texture": "#6"},
				"up": {"uv": [0, 0, 3, 1], "rotation": 90, "texture": "#6"},
				"down": {"uv": [0, 0, 3, 1], "rotation": 270, "texture": "#6"}
			}
		},
		{
			"from": [7.72, 9.25113, 0.9693],
			"to": [8.28, 10.93113, 1.5293],
			"rotation": {"angle": 22.5, "axis": "x", "origin": [8, 12.73411, 8]},
			"faces": {
				"north": {"uv": [0, 0, 1, 3], "texture": "#6"},
				"east": {"uv": [0, 0, 1, 3], "texture": "#6"},
				"south": {"uv": [0, 0, 1, 3], "texture": "#6"},
				"west": {"uv": [0, 0, 1, 3], "texture": "#6"},
				"up": {"uv": [0, 0, 1, 1], "rotation": 90, "texture": "#6"},
				"down": {"uv": [0, 0, 1, 1], "rotation": 270, "texture": "#6"}
			}
		},
		{
			"from": [7.72, 10.93113, 0.7793],
			"to": [8.28, 11.49113, 2.4593],
			"rotation": {"angle": 22.5, "axis": "x", "origin": [8, 12.73411, 8]},
			"faces": {
				"north": {"uv": [0, 0, 1, 1], "texture": "#6"},
				"east": {"uv": [0, 0, 3, 1], "texture": "#6"},
				"south": {"uv": [0, 0, 1, 1], "texture": "#6"},
				"west": {"uv": [0, 0, 3, 1], "texture": "#6"},
				"up": {"uv": [0, 0, 3, 1], "rotation": 90, "texture": "#6"},
				"down": {"uv": [0, 0, 3, 1], "rotation": 270, "texture": "#6"}
			}
		},
		{
			"from": [7.72, 9.25113, 2.4593],
			"to": [8.28, 10.93113, 3.0193],
			"rotation": {"angle": 22.5, "axis": "x", "origin": [8, 12.73411, 8]},
			"faces": {
				"north": {"uv": [0, 0, 1, 3], "texture": "#6"},
				"east": {"uv": [0, 0, 1, 3], "texture": "#6"},
				"south": {"uv": [0, 0, 1, 3], "texture": "#6"},
				"west": {"uv": [0, 0, 1, 3], "texture": "#6"},
				"up": {"uv": [0, 0, 1, 1], "rotation": 90, "texture": "#6"},
				"down": {"uv": [0, 0, 1, 1], "rotation": 270, "texture": "#6"}
			}
		},
		{
			"from": [13.5407, 8.69113, 7.72],
			"to": [15.2207, 9.25113, 8.28],
			"rotation": {"angle": 22.5, "axis": "z", "origin": [8, 12.73411, 8]},
			"faces": {
				"north": {"uv": [0, 0, 3, 1], "texture": "#6"},
				"east": {"uv": [0, 0, 1, 1], "texture": "#6"},
				"south": {"uv": [0, 0, 3, 1], "texture": "#6"},
				"west": {"uv": [0, 0, 1, 1], "texture": "#6"},
				"up": {"uv": [0, 0, 3, 1], "rotation": 180, "texture": "#6"},
				"down": {"uv": [0, 0, 3, 1], "rotation": 180, "texture": "#6"}
			}
		},
		{
			"from": [14.4707, 9.25113, 7.72],
			"to": [15.0307, 10.93113, 8.28],
			"rotation": {"angle": 22.5, "axis": "z", "origin": [8, 12.73411, 8]},
			"faces": {
				"north": {"uv": [0, 0, 1, 3], "texture": "#6"},
				"east": {"uv": [0, 0, 1, 3], "texture": "#6"},
				"south": {"uv": [0, 0, 1, 3], "texture": "#6"},
				"west": {"uv": [0, 0, 1, 3], "texture": "#6"},
				"up": {"uv": [0, 0, 1, 1], "rotation": 180, "texture": "#6"},
				"down": {"uv": [0, 0, 1, 1], "rotation": 180, "texture": "#6"}
			}
		},
		{
			"from": [13.5407, 10.93113, 7.72],
			"to": [15.2207, 11.49113, 8.28],
			"rotation": {"angle": 22.5, "axis": "z", "origin": [8, 12.73411, 8]},
			"faces": {
				"north": {"uv": [0, 0, 3, 1], "texture": "#6"},
				"east": {"uv": [0, 0, 1, 1], "texture": "#6"},
				"south": {"uv": [0, 0, 3, 1], "texture": "#6"},
				"west": {"uv": [0, 0, 1, 1], "texture": "#6"},
				"up": {"uv": [0, 0, 3, 1], "rotation": 180, "texture": "#6"},
				"down": {"uv": [0, 0, 3, 1], "rotation": 180, "texture": "#6"}
			}
		},
		{
			"from": [12.9807, 9.25113, 7.72],
			"to": [13.5407, 10.93113, 8.28],
			"rotation": {"angle": 22.5, "axis": "z", "origin": [8, 12.73411, 8]},
			"faces": {
				"north": {"uv": [0, 0, 1, 3], "texture": "#6"},
				"east": {"uv": [0, 0, 1, 3], "texture": "#6"},
				"south": {"uv": [0, 0, 1, 3], "texture": "#6"},
				"west": {"uv": [0, 0, 1, 3], "texture": "#6"},
				"up": {"uv": [0, 0, 1, 1], "rotation": 180, "texture": "#6"},
				"down": {"uv": [0, 0, 1, 1], "rotation": 180, "texture": "#6"}
			}
		},
		{
			"from": [7.72, 8.69113, 13.5407],
			"to": [8.28, 9.25113, 15.2207],
			"rotation": {"angle": -22.5, "axis": "x", "origin": [8, 12.73411, 8]},
			"faces": {
				"north": {"uv": [1, 0, 0, 1], "texture": "#6"},
				"east": {"uv": [3, 0, 0, 1], "texture": "#6"},
				"south": {"uv": [1, 0, 0, 1], "texture": "#6"},
				"west": {"uv": [3, 0, 0, 1], "texture": "#6"},
				"up": {"uv": [3, 0, 0, 1], "rotation": 90, "texture": "#6"},
				"down": {"uv": [3, 0, 0, 1], "rotation": 270, "texture": "#6"}
			}
		},
		{
			"from": [7.72, 9.25113, 14.4707],
			"to": [8.28, 10.93113, 15.0307],
			"rotation": {"angle": -22.5, "axis": "x", "origin": [8, 12.73411, 8]},
			"faces": {
				"north": {"uv": [1, 0, 0, 3], "texture": "#6"},
				"east": {"uv": [1, 0, 0, 3], "texture": "#6"},
				"south": {"uv": [1, 0, 0, 3], "texture": "#6"},
				"west": {"uv": [1, 0, 0, 3], "texture": "#6"},
				"up": {"uv": [1, 0, 0, 1], "rotation": 90, "texture": "#6"},
				"down": {"uv": [1, 0, 0, 1], "rotation": 270, "texture": "#6"}
			}
		},
		{
			"from": [7.72, 10.93113, 13.5407],
			"to": [8.28, 11.49113, 15.2207],
			"rotation": {"angle": -22.5, "axis": "x", "origin": [8, 12.73411, 8]},
			"faces": {
				"north": {"uv": [1, 0, 0, 1], "texture": "#6"},
				"east": {"uv": [3, 0, 0, 1], "texture": "#6"},
				"south": {"uv": [1, 0, 0, 1], "texture": "#6"},
				"west": {"uv": [3, 0, 0, 1], "texture": "#6"},
				"up": {"uv": [3, 0, 0, 1], "rotation": 90, "texture": "#6"},
				"down": {"uv": [3, 0, 0, 1], "rotation": 270, "texture": "#6"}
			}
		},
		{
			"from": [7.72, 9.25113, 12.9807],
			"to": [8.28, 10.93113, 13.5407],
			"rotation": {"angle": -22.5, "axis": "x", "origin": [8, 12.73411, 8]},
			"faces": {
				"north": {"uv": [1, 0, 0, 3], "texture": "#6"},
				"east": {"uv": [1, 0, 0, 3], "texture": "#6"},
				"south": {"uv": [1, 0, 0, 3], "texture": "#6"},
				"west": {"uv": [1, 0, 0, 3], "texture": "#6"},
				"up": {"uv": [1, 0, 0, 1], "rotation": 90, "texture": "#6"},
				"down": {"uv": [1, 0, 0, 1], "rotation": 270, "texture": "#6"}
			}
		},
		{
			"from": [0.7793, 8.69113, 7.72],
			"to": [2.4593, 9.25113, 8.28],
			"rotation": {"angle": -22.5, "axis": "z", "origin": [8, 12.73411, 8]},
			"faces": {
				"north": {"uv": [3, 0, 0, 1], "texture": "#6"},
				"east": {"uv": [1, 0, 0, 1], "texture": "#6"},
				"south": {"uv": [3, 0, 0, 1], "texture": "#6"},
				"west": {"uv": [1, 0, 0, 1], "texture": "#6"},
				"up": {"uv": [3, 0, 0, 1], "rotation": 180, "texture": "#6"},
				"down": {"uv": [3, 0, 0, 1], "rotation": 180, "texture": "#6"}
			}
		},
		{
			"from": [0.9693, 9.25113, 7.72],
			"to": [1.5293, 10.93113, 8.28],
			"rotation": {"angle": -22.5, "axis": "z", "origin": [8, 12.73411, 8]},
			"faces": {
				"north": {"uv": [1, 0, 0, 3], "texture": "#6"},
				"east": {"uv": [1, 0, 0, 3], "texture": "#6"},
				"south": {"uv": [1, 0, 0, 3], "texture": "#6"},
				"west": {"uv": [1, 0, 0, 3], "texture": "#6"},
				"up": {"uv": [1, 0, 0, 1], "rotation": 180, "texture": "#6"},
				"down": {"uv": [1, 0, 0, 1], "rotation": 180, "texture": "#6"}
			}
		},
		{
			"from": [0.7793, 10.93113, 7.72],
			"to": [2.4593, 11.49113, 8.28],
			"rotation": {"angle": -22.5, "axis": "z", "origin": [8, 12.73411, 8]},
			"faces": {
				"north": {"uv": [3, 0, 0, 1], "texture": "#6"},
				"east": {"uv": [1, 0, 0, 1], "texture": "#6"},
				"south": {"uv": [3, 0, 0, 1], "texture": "#6"},
				"west": {"uv": [1, 0, 0, 1], "texture": "#6"},
				"up": {"uv": [3, 0, 0, 1], "rotation": 180, "texture": "#6"},
				"down": {"uv": [3, 0, 0, 1], "rotation": 180, "texture": "#6"}
			}
		},
		{
			"from": [2.4593, 9.25113, 7.72],
			"to": [3.0193, 10.93113, 8.28],
			"rotation": {"angle": -22.5, "axis": "z", "origin": [8, 12.73411, 8]},
			"faces": {
				"north": {"uv": [1, 0, 0, 3], "texture": "#6"},
				"east": {"uv": [1, 0, 0, 3], "texture": "#6"},
				"south": {"uv": [1, 0, 0, 3], "texture": "#6"},
				"west": {"uv": [1, 0, 0, 3], "texture": "#6"},
				"up": {"uv": [1, 0, 0, 1], "rotation": 180, "texture": "#6"},
				"down": {"uv": [1, 0, 0, 1], "rotation": 180, "texture": "#6"}
			}
		},
		{
			"from": [1, 0, 1],
			"to": [5, 3, 5],
			"faces": {
				"north": {"uv": [4, 2, 8, 5], "texture": "#3"},
				"east": {"uv": [4, 2, 8, 5], "texture": "#3"},
				"south": {"uv": [4, 2, 8, 5], "texture": "#3"},
				"west": {"uv": [4, 2, 8, 5], "texture": "#3"},
				"up": {"uv": [4, 2, 8, 6], "texture": "#3"},
				"down": {"uv": [4, 2, 8, 6], "texture": "#3"}
			}
		},
		{
			"from": [11, 0, 1],
			"to": [15, 3, 5],
			"faces": {
				"north": {"uv": [4, 2, 8, 5], "texture": "#3"},
				"east": {"uv": [4, 2, 8, 5], "texture": "#3"},
				"south": {"uv": [4, 2, 8, 5], "texture": "#3"},
				"west": {"uv": [4, 2, 8, 5], "texture": "#3"},
				"up": {"uv": [4, 2, 8, 6], "texture": "#3"},
				"down": {"uv": [4, 2, 8, 6], "texture": "#3"}
			}
		},
		{
			"from": [11, 0, 11],
			"to": [15, 3, 15],
			"faces": {
				"north": {"uv": [4, 2, 8, 5], "texture": "#3"},
				"east": {"uv": [4, 2, 8, 5], "texture": "#3"},
				"south": {"uv": [4, 2, 8, 5], "texture": "#3"},
				"west": {"uv": [4, 2, 8, 5], "texture": "#3"},
				"up": {"uv": [4, 2, 8, 6], "texture": "#3"},
				"down": {"uv": [4, 2, 8, 6], "texture": "#3"}
			}
		},
		{
			"from": [1, 0, 11],
			"to": [5, 3, 15],
			"faces": {
				"north": {"uv": [4, 2, 8, 5], "texture": "#3"},
				"east": {"uv": [4, 2, 8, 5], "texture": "#3"},
				"south": {"uv": [4, 2, 8, 5], "texture": "#3"},
				"west": {"uv": [4, 2, 8, 5], "texture": "#3"},
				"up": {"uv": [4, 2, 8, 6], "texture": "#3"},
				"down": {"uv": [4, 2, 8, 6], "texture": "#3"}
			}
		},
		{
			"from": [2, 3, 10],
			"to": [6, 6, 14],
			"faces": {
				"north": {"uv": [4, 2, 8, 5], "texture": "#3"},
				"east": {"uv": [4, 2, 8, 5], "texture": "#3"},
				"south": {"uv": [4, 2, 8, 5], "texture": "#3"},
				"west": {"uv": [4, 2, 8, 5], "texture": "#3"},
				"up": {"uv": [4, 2, 8, 6], "texture": "#3"},
				"down": {"uv": [4, 2, 8, 6], "texture": "#3"}
			}
		},
		{
			"from": [6, 5, 13],
			"to": [10, 6, 15],
			"rotation": {"angle": 0, "axis": "y", "origin": [8, 4.5, 14.25]},
			"faces": {
				"north": {"uv": [4, 2, 8, 3], "texture": "#3"},
				"east": {"uv": [4, 2, 6, 3], "texture": "#3"},
				"south": {"uv": [4, 2, 8, 3], "texture": "#3"},
				"west": {"uv": [4, 2, 6, 3], "texture": "#3"},
				"up": {"uv": [4, 2, 8, 4], "texture": "#3"},
				"down": {"uv": [4, 2, 8, 4], "texture": "#3"}
			}
		},
		{
			"from": [6, 4, 13],
			"to": [7, 5, 15],
			"rotation": {"angle": 0, "axis": "y", "origin": [8, 4.5, 14.25]},
			"faces": {
				"north": {"uv": [4, 2, 5, 3], "texture": "#3"},
				"east": {"uv": [4, 2, 6, 3], "texture": "#3"},
				"south": {"uv": [4, 2, 5, 3], "texture": "#3"},
				"west": {"uv": [4, 2, 6, 3], "texture": "#3"},
				"up": {"uv": [4, 2, 5, 4], "texture": "#3"},
				"down": {"uv": [4, 2, 5, 4], "texture": "#3"}
			}
		},
		{
			"from": [5, 2, 14],
			"to": [6, 5, 15],
			"rotation": {"angle": 0, "axis": "y", "origin": [8, 4.5, 14.25]},
			"faces": {
				"north": {"uv": [4, 2, 5, 5], "texture": "#3"},
				"east": {"uv": [4, 2, 5, 5], "texture": "#3"},
				"south": {"uv": [4, 2, 5, 5], "texture": "#3"},
				"west": {"uv": [4, 2, 5, 5], "texture": "#3"},
				"up": {"uv": [4, 2, 5, 3], "texture": "#3"},
				"down": {"uv": [4, 2, 5, 3], "texture": "#3"}
			}
		},
		{
			"from": [10, 2, 14],
			"to": [11, 5, 15],
			"rotation": {"angle": 0, "axis": "y", "origin": [8, 4.5, 14.25]},
			"faces": {
				"north": {"uv": [4, 2, 5, 5], "texture": "#3"},
				"east": {"uv": [4, 2, 5, 5], "texture": "#3"},
				"south": {"uv": [4, 2, 5, 5], "texture": "#3"},
				"west": {"uv": [4, 2, 5, 5], "texture": "#3"},
				"up": {"uv": [4, 2, 5, 3], "texture": "#3"},
				"down": {"uv": [4, 2, 5, 3], "texture": "#3"}
			}
		},
		{
			"from": [9, 4, 13],
			"to": [10, 5, 15],
			"rotation": {"angle": 0, "axis": "y", "origin": [8, 4.5, 14.25]},
			"faces": {
				"north": {"uv": [4, 2, 5, 3], "texture": "#3"},
				"east": {"uv": [4, 2, 6, 3], "texture": "#3"},
				"south": {"uv": [4, 2, 5, 3], "texture": "#3"},
				"west": {"uv": [4, 2, 6, 3], "texture": "#3"},
				"up": {"uv": [4, 2, 5, 4], "texture": "#3"},
				"down": {"uv": [4, 2, 5, 4], "texture": "#3"}
			}
		},
		{
			"from": [5, 2, 1],
			"to": [6, 5, 2],
			"rotation": {"angle": 0, "axis": "y", "origin": [8, 4.5, 14.25]},
			"faces": {
				"north": {"uv": [4, 2, 5, 5], "texture": "#3"},
				"east": {"uv": [4, 2, 5, 5], "texture": "#3"},
				"south": {"uv": [4, 2, 5, 5], "texture": "#3"},
				"west": {"uv": [4, 2, 5, 5], "texture": "#3"},
				"up": {"uv": [4, 2, 5, 3], "texture": "#3"},
				"down": {"uv": [4, 2, 5, 3], "texture": "#3"}
			}
		},
		{
			"from": [6, 4, 1],
			"to": [7, 5, 3],
			"rotation": {"angle": 0, "axis": "y", "origin": [8, 4.5, 14.25]},
			"faces": {
				"north": {"uv": [4, 2, 5, 3], "texture": "#3"},
				"east": {"uv": [4, 2, 6, 3], "texture": "#3"},
				"south": {"uv": [4, 2, 5, 3], "texture": "#3"},
				"west": {"uv": [4, 2, 6, 3], "texture": "#3"},
				"up": {"uv": [4, 2, 5, 4], "texture": "#3"},
				"down": {"uv": [4, 2, 5, 4], "texture": "#3"}
			}
		},
		{
			"from": [6, 5, 1],
			"to": [10, 6, 3],
			"rotation": {"angle": 0, "axis": "y", "origin": [8, 4.5, 14.25]},
			"faces": {
				"north": {"uv": [4, 2, 8, 3], "texture": "#3"},
				"east": {"uv": [4, 2, 6, 3], "texture": "#3"},
				"south": {"uv": [4, 2, 8, 3], "texture": "#3"},
				"west": {"uv": [4, 2, 6, 3], "texture": "#3"},
				"up": {"uv": [4, 2, 8, 4], "texture": "#3"},
				"down": {"uv": [4, 2, 8, 4], "texture": "#3"}
			}
		},
		{
			"from": [9, 4, 1],
			"to": [10, 5, 3],
			"rotation": {"angle": 0, "axis": "y", "origin": [8, 4.5, 14.25]},
			"faces": {
				"north": {"uv": [4, 2, 5, 3], "texture": "#3"},
				"east": {"uv": [4, 2, 6, 3], "texture": "#3"},
				"south": {"uv": [4, 2, 5, 3], "texture": "#3"},
				"west": {"uv": [4, 2, 6, 3], "texture": "#3"},
				"up": {"uv": [4, 2, 5, 4], "texture": "#3"},
				"down": {"uv": [4, 2, 5, 4], "texture": "#3"}
			}
		},
		{
			"from": [10, 2, 1],
			"to": [11, 5, 2],
			"rotation": {"angle": 0, "axis": "y", "origin": [8, 4.5, 14.25]},
			"faces": {
				"north": {"uv": [4, 2, 5, 5], "texture": "#3"},
				"east": {"uv": [4, 2, 5, 5], "texture": "#3"},
				"south": {"uv": [4, 2, 5, 5], "texture": "#3"},
				"west": {"uv": [4, 2, 5, 5], "texture": "#3"},
				"up": {"uv": [4, 2, 5, 3], "texture": "#3"},
				"down": {"uv": [4, 2, 5, 3], "texture": "#3"}
			}
		},
		{
			"from": [1, 5, 6],
			"to": [3, 6, 10],
			"rotation": {"angle": 0, "axis": "y", "origin": [8, 4.5, 14.25]},
			"faces": {
				"north": {"uv": [4, 2, 6, 3], "texture": "#3"},
				"east": {"uv": [4, 2, 8, 3], "texture": "#3"},
				"south": {"uv": [4, 2, 6, 3], "texture": "#3"},
				"west": {"uv": [4, 2, 8, 3], "texture": "#3"},
				"up": {"uv": [4, 2, 8, 4], "rotation": 90, "texture": "#3"},
				"down": {"uv": [4, 2, 8, 4], "rotation": 270, "texture": "#3"}
			}
		},
		{
			"from": [1, 4, 6],
			"to": [3, 5, 7],
			"rotation": {"angle": 0, "axis": "y", "origin": [8, 4.5, 14.25]},
			"faces": {
				"north": {"uv": [4, 2, 6, 3], "texture": "#3"},
				"east": {"uv": [4, 2, 5, 3], "texture": "#3"},
				"south": {"uv": [4, 2, 6, 3], "texture": "#3"},
				"west": {"uv": [4, 2, 5, 3], "texture": "#3"},
				"up": {"uv": [4, 2, 5, 4], "rotation": 90, "texture": "#3"},
				"down": {"uv": [4, 2, 5, 4], "rotation": 270, "texture": "#3"}
			}
		},
		{
			"from": [1, 2, 5],
			"to": [2, 5, 6],
			"rotation": {"angle": 0, "axis": "y", "origin": [8, 4.5, 14.25]},
			"faces": {
				"north": {"uv": [4, 2, 5, 5], "texture": "#3"},
				"east": {"uv": [4, 2, 5, 5], "texture": "#3"},
				"south": {"uv": [4, 2, 5, 5], "texture": "#3"},
				"west": {"uv": [4, 2, 5, 5], "texture": "#3"},
				"up": {"uv": [4, 2, 5, 3], "rotation": 90, "texture": "#3"},
				"down": {"uv": [4, 2, 5, 3], "rotation": 270, "texture": "#3"}
			}
		},
		{
			"from": [1, 4, 9],
			"to": [3, 5, 10],
			"rotation": {"angle": 0, "axis": "y", "origin": [8, 4.5, 14.25]},
			"faces": {
				"north": {"uv": [4, 2, 6, 3], "texture": "#3"},
				"east": {"uv": [4, 2, 5, 3], "texture": "#3"},
				"south": {"uv": [4, 2, 6, 3], "texture": "#3"},
				"west": {"uv": [4, 2, 5, 3], "texture": "#3"},
				"up": {"uv": [4, 2, 5, 4], "rotation": 90, "texture": "#3"},
				"down": {"uv": [4, 2, 5, 4], "rotation": 270, "texture": "#3"}
			}
		},
		{
			"from": [1, 2, 10],
			"to": [2, 5, 11],
			"rotation": {"angle": 0, "axis": "y", "origin": [8, 4.5, 14.25]},
			"faces": {
				"north": {"uv": [4, 2, 5, 5], "texture": "#3"},
				"east": {"uv": [4, 2, 5, 5], "texture": "#3"},
				"south": {"uv": [4, 2, 5, 5], "texture": "#3"},
				"west": {"uv": [4, 2, 5, 5], "texture": "#3"},
				"up": {"uv": [4, 2, 5, 3], "rotation": 90, "texture": "#3"},
				"down": {"uv": [4, 2, 5, 3], "rotation": 270, "texture": "#3"}
			}
		},
		{
			"from": [14, 2, 10],
			"to": [15, 6, 11],
			"rotation": {"angle": 0, "axis": "y", "origin": [8, 4.5, 14.25]},
			"faces": {
				"north": {"uv": [4, 2, 5, 6], "texture": "#3"},
				"east": {"uv": [4, 2, 5, 6], "texture": "#3"},
				"south": {"uv": [4, 2, 5, 6], "texture": "#3"},
				"west": {"uv": [4, 2, 5, 6], "texture": "#3"},
				"up": {"uv": [4, 2, 5, 3], "rotation": 90, "texture": "#3"},
				"down": {"uv": [4, 2, 5, 3], "rotation": 270, "texture": "#3"}
			}
		},
		{
			"from": [14, 3, 11],
			"to": [15, 5, 13],
			"rotation": {"angle": 0, "axis": "y", "origin": [8, 4.5, 14.25]},
			"faces": {
				"north": {"uv": [4, 2, 5, 4], "texture": "#3"},
				"east": {"uv": [4, 2, 6, 4], "texture": "#3"},
				"south": {"uv": [4, 2, 5, 4], "texture": "#3"},
				"west": {"uv": [4, 2, 6, 4], "texture": "#3"},
				"up": {"uv": [4, 2, 6, 3], "rotation": 90, "texture": "#3"},
				"down": {"uv": [4, 2, 6, 3], "rotation": 270, "texture": "#3"}
			}
		},
		{
			"from": [14, 3, 3],
			"to": [15, 5, 5],
			"rotation": {"angle": 0, "axis": "y", "origin": [8, 4.5, 14.25]},
			"faces": {
				"north": {"uv": [4, 2, 5, 4], "texture": "#3"},
				"east": {"uv": [4, 2, 6, 4], "texture": "#3"},
				"south": {"uv": [4, 2, 5, 4], "texture": "#3"},
				"west": {"uv": [4, 2, 6, 4], "texture": "#3"},
				"up": {"uv": [4, 2, 6, 3], "rotation": 90, "texture": "#3"},
				"down": {"uv": [4, 2, 6, 3], "rotation": 270, "texture": "#3"}
			}
		},
		{
			"from": [13, 4, 9],
			"to": [15, 5, 10],
			"rotation": {"angle": 0, "axis": "y", "origin": [8, 4.5, 14.25]},
			"faces": {
				"north": {"uv": [4, 2, 6, 3], "texture": "#3"},
				"east": {"uv": [4, 2, 5, 3], "texture": "#3"},
				"south": {"uv": [4, 2, 6, 3], "texture": "#3"},
				"west": {"uv": [4, 2, 5, 3], "texture": "#3"},
				"up": {"uv": [4, 2, 5, 4], "rotation": 90, "texture": "#3"},
				"down": {"uv": [4, 2, 5, 4], "rotation": 270, "texture": "#3"}
			}
		},
		{
			"from": [14, 2, 5],
			"to": [15, 6, 6],
			"rotation": {"angle": 0, "axis": "y", "origin": [8, 4.5, 14.25]},
			"faces": {
				"north": {"uv": [4, 2, 5, 6], "texture": "#3"},
				"east": {"uv": [4, 2, 5, 6], "texture": "#3"},
				"south": {"uv": [4, 2, 5, 6], "texture": "#3"},
				"west": {"uv": [4, 2, 5, 6], "texture": "#3"},
				"up": {"uv": [4, 2, 5, 3], "rotation": 90, "texture": "#3"},
				"down": {"uv": [4, 2, 5, 3], "rotation": 270, "texture": "#3"}
			}
		},
		{
			"from": [13, 4, 6],
			"to": [15, 5, 7],
			"rotation": {"angle": 0, "axis": "y", "origin": [8, 4.5, 14.25]},
			"faces": {
				"north": {"uv": [4, 2, 6, 3], "texture": "#3"},
				"east": {"uv": [4, 2, 5, 3], "texture": "#3"},
				"south": {"uv": [4, 2, 6, 3], "texture": "#3"},
				"west": {"uv": [4, 2, 5, 3], "texture": "#3"},
				"up": {"uv": [4, 2, 5, 4], "rotation": 90, "texture": "#3"},
				"down": {"uv": [4, 2, 5, 4], "rotation": 270, "texture": "#3"}
			}
		},
		{
			"from": [13, 5, 6],
			"to": [15, 6, 10],
			"rotation": {"angle": 0, "axis": "y", "origin": [8, 4.5, 14.25]},
			"faces": {
				"north": {"uv": [4, 2, 6, 3], "texture": "#3"},
				"east": {"uv": [4, 2, 8, 3], "texture": "#3"},
				"south": {"uv": [4, 2, 6, 3], "texture": "#3"},
				"west": {"uv": [4, 2, 8, 3], "texture": "#3"},
				"up": {"uv": [4, 2, 8, 4], "rotation": 90, "texture": "#3"},
				"down": {"uv": [4, 2, 8, 4], "rotation": 270, "texture": "#3"}
			}
		},
		{
			"from": [2, 3, 2],
			"to": [6, 6, 6],
			"faces": {
				"north": {"uv": [4, 2, 8, 5], "texture": "#3"},
				"east": {"uv": [4, 2, 8, 5], "texture": "#3"},
				"south": {"uv": [4, 2, 8, 5], "texture": "#3"},
				"west": {"uv": [4, 2, 8, 5], "texture": "#3"},
				"up": {"uv": [4, 2, 8, 6], "texture": "#3"},
				"down": {"uv": [4, 2, 8, 6], "texture": "#3"}
			}
		},
		{
			"from": [10, 3, 10],
			"to": [14, 6, 14],
			"faces": {
				"north": {"uv": [4, 2, 8, 5], "texture": "#3"},
				"east": {"uv": [4, 2, 8, 5], "texture": "#3"},
				"south": {"uv": [4, 2, 8, 5], "texture": "#3"},
				"west": {"uv": [4, 2, 8, 5], "texture": "#3"},
				"up": {"uv": [4, 2, 8, 6], "texture": "#3"},
				"down": {"uv": [4, 2, 8, 6], "texture": "#3"}
			}
		},
		{
			"from": [10, 3, 2],
			"to": [14, 6, 6],
			"faces": {
				"north": {"uv": [4, 2, 8, 5], "texture": "#3"},
				"east": {"uv": [4, 2, 8, 5], "texture": "#3"},
				"south": {"uv": [4, 2, 8, 5], "texture": "#3"},
				"west": {"uv": [4, 2, 8, 5], "texture": "#3"},
				"up": {"uv": [4, 2, 8, 6], "texture": "#3"},
				"down": {"uv": [4, 2, 8, 6], "texture": "#3"}
			}
		},
		{
			"from": [3, 6, 3],
			"to": [13, 8, 13],
			"faces": {
				"north": {"uv": [4, 2, 14, 4], "texture": "#3"},
				"east": {"uv": [4, 2, 14, 4], "texture": "#3"},
				"south": {"uv": [4, 2, 14, 4], "texture": "#3"},
				"west": {"uv": [4, 2, 14, 4], "texture": "#3"},
				"up": {"uv": [4, 2, 14, 12], "texture": "#3"},
				"down": {"uv": [4, 2, 14, 12], "texture": "#3"}
			}
		},
		{
			"from": [4, 8, 3],
			"to": [12, 9, 13],
			"faces": {
				"north": {"uv": [4, 2, 12, 3], "texture": "#3"},
				"east": {"uv": [4, 2, 14, 3], "texture": "#3"},
				"south": {"uv": [4, 2, 12, 3], "texture": "#3"},
				"west": {"uv": [4, 2, 14, 3], "texture": "#3"},
				"up": {"uv": [4, 2, 12, 12], "texture": "#3"},
				"down": {"uv": [4, 2, 12, 12], "texture": "#3"}
			}
		},
		{
			"from": [3, 8, 4],
			"to": [4, 9, 12],
			"faces": {
				"north": {"uv": [4, 2, 5, 3], "texture": "#3"},
				"east": {"uv": [4, 2, 12, 3], "texture": "#3"},
				"south": {"uv": [4, 2, 5, 3], "texture": "#3"},
				"west": {"uv": [4, 2, 12, 3], "texture": "#3"},
				"up": {"uv": [4, 2, 5, 10], "texture": "#3"},
				"down": {"uv": [4, 2, 5, 10], "texture": "#3"}
			}
		},
		{
			"from": [12, 8, 4],
			"to": [13, 9, 12],
			"faces": {
				"north": {"uv": [4, 2, 5, 3], "texture": "#3"},
				"east": {"uv": [4, 2, 12, 3], "texture": "#3"},
				"south": {"uv": [4, 2, 5, 3], "texture": "#3"},
				"west": {"uv": [4, 2, 12, 3], "texture": "#3"},
				"up": {"uv": [4, 2, 5, 10], "texture": "#3"},
				"down": {"uv": [4, 2, 5, 10], "texture": "#3"}
			}
		},
		{
			"from": [4, 6, 2],
			"to": [12, 8, 3],
			"rotation": {"angle": 0, "axis": "y", "origin": [8, 7, 8]},
			"faces": {
				"north": {"uv": [4, 2, 12, 4], "texture": "#3"},
				"east": {"uv": [4, 2, 5, 4], "texture": "#3"},
				"south": {"uv": [4, 2, 12, 4], "texture": "#3"},
				"west": {"uv": [4, 2, 5, 4], "texture": "#3"},
				"up": {"uv": [4, 2, 12, 3], "texture": "#3"},
				"down": {"uv": [4, 2, 12, 3], "texture": "#3"}
			}
		},
		{
			"from": [4, 6, 13],
			"to": [12, 8, 14],
			"rotation": {"angle": 0, "axis": "y", "origin": [8, 7, 8]},
			"faces": {
				"north": {"uv": [4, 2, 12, 4], "texture": "#3"},
				"east": {"uv": [4, 2, 5, 4], "texture": "#3"},
				"south": {"uv": [4, 2, 12, 4], "texture": "#3"},
				"west": {"uv": [4, 2, 5, 4], "texture": "#3"},
				"up": {"uv": [4, 2, 12, 3], "texture": "#3"},
				"down": {"uv": [4, 2, 12, 3], "texture": "#3"}
			}
		},
		{
			"from": [13, 6, 4],
			"to": [14, 8, 12],
			"rotation": {"angle": 0, "axis": "y", "origin": [8, 7, 8]},
			"faces": {
				"north": {"uv": [4, 2, 5, 4], "texture": "#3"},
				"east": {"uv": [4, 2, 12, 4], "texture": "#3"},
				"south": {"uv": [4, 2, 5, 4], "texture": "#3"},
				"west": {"uv": [4, 2, 12, 4], "texture": "#3"},
				"up": {"uv": [4, 2, 12, 3], "rotation": 270, "texture": "#3"},
				"down": {"uv": [4, 2, 12, 3], "rotation": 90, "texture": "#3"}
			}
		},
		{
			"from": [2, 6, 4],
			"to": [3, 8, 12],
			"rotation": {"angle": 0, "axis": "y", "origin": [8, 7, 8]},
			"faces": {
				"north": {"uv": [4, 2, 5, 4], "texture": "#3"},
				"east": {"uv": [4, 2, 12, 4], "texture": "#3"},
				"south": {"uv": [4, 2, 5, 4], "texture": "#3"},
				"west": {"uv": [4, 2, 12, 4], "texture": "#3"},
				"up": {"uv": [4, 2, 12, 3], "rotation": 270, "texture": "#3"},
				"down": {"uv": [4, 2, 12, 3], "rotation": 90, "texture": "#3"}
			}
		},
		{
			"from": [5, 0, 5],
			"to": [11, 5, 5],
			"rotation": {"angle": 0, "axis": "y", "origin": [5, 1.5, -7]},
			"faces": {
				"north": {"uv": [5, 0, 11, 5], "texture": "#5"},
				"east": {"uv": [5, 0, 5, 5], "texture": "#5"},
				"south": {"uv": [5, 0, 11, 5], "texture": "#5"},
				"west": {"uv": [5, 0, 5, 5], "texture": "#5"},
				"up": {"uv": [0, 0, 6, 0], "texture": "#5"},
				"down": {"uv": [0, 0, 6, 0], "texture": "#5"}
			}
		},
		{
			"from": [5, 0, 5],
			"to": [5, 5, 11],
			"rotation": {"angle": 0, "axis": "y", "origin": [5, 1.5, -7]},
			"faces": {
				"north": {"uv": [5, 0, 5, 5], "texture": "#5"},
				"east": {"uv": [5, 0, 11, 5], "texture": "#5"},
				"south": {"uv": [5, 0, 5, 5], "texture": "#5"},
				"west": {"uv": [5, 0, 11, 5], "texture": "#5"},
				"up": {"uv": [0, 0, 6, 0], "rotation": 90, "texture": "#5"},
				"down": {"uv": [0, 0, 6, 0], "rotation": 270, "texture": "#5"}
			}
		},
		{
			"from": [11, 0, 5],
			"to": [11, 5, 11],
			"rotation": {"angle": 0, "axis": "y", "origin": [5, 1.5, -7]},
			"faces": {
				"north": {"uv": [5, 0, 5, 5], "texture": "#5"},
				"east": {"uv": [5, 0, 11, 5], "texture": "#5"},
				"south": {"uv": [5, 0, 5, 5], "texture": "#5"},
				"west": {"uv": [5, 0, 11, 5], "texture": "#5"},
				"up": {"uv": [0, 0, 6, 0], "rotation": 90, "texture": "#5"},
				"down": {"uv": [0, 0, 6, 0], "rotation": 270, "texture": "#5"}
			}
		},
		{
			"from": [5, 0, 11],
			"to": [11, 5, 11],
			"rotation": {"angle": 0, "axis": "y", "origin": [5, 1.5, -7]},
			"faces": {
				"north": {"uv": [5, 0, 11, 5], "texture": "#5"},
				"east": {"uv": [5, 0, 5, 5], "texture": "#5"},
				"south": {"uv": [5, 0, 11, 5], "texture": "#5"},
				"west": {"uv": [5, 0, 5, 5], "texture": "#5"},
				"up": {"uv": [0, 0, 6, 0], "texture": "#5"},
				"down": {"uv": [0, 0, 6, 0], "texture": "#5"}
			}
		},
		{
			"from": [6.24404, 0, 1.65853],
			"to": [8.24404, 2, 9.65853],
			"rotation": {"angle": 22.5, "axis": "y", "origin": [5.24404, 1, 1.65853]},
			"faces": {
				"north": {"uv": [0, 4, 4, 8], "texture": "#4"},
				"east": {"uv": [0, 0, 10, 4], "texture": "#4"},
				"south": {"uv": [0, 4, 4, 8], "texture": "#4"},
				"west": {"uv": [0, 0, 10, 4], "texture": "#4"},
				"up": {"uv": [0, 0, 10, 4], "rotation": 270, "texture": "#4"},
				"down": {"uv": [0, 0, 10, 4], "rotation": 90, "texture": "#4"}
			}
		},
		{
			"from": [0.5, 0, 7],
			"to": [8.5, 2, 9],
			"rotation": {"angle": 22.5, "axis": "y", "origin": [3, 1, 8]},
			"faces": {
				"north": {"uv": [0, 0, 10, 4], "texture": "#4"},
				"east": {"uv": [0, 4, 4, 8], "texture": "#4"},
				"south": {"uv": [0, 0, 10, 4], "texture": "#4"},
				"west": {"uv": [0, 4, 4, 8], "texture": "#4"},
				"up": {"uv": [0, 0, 10, 4], "texture": "#4"},
				"down": {"uv": [0, 0, 10, 4], "texture": "#4"}
			}
		},
		{
			"from": [6.5, 0, 11],
			"to": [14.5, 2, 13],
			"rotation": {"angle": 22.5, "axis": "y", "origin": [3, 1, 8]},
			"faces": {
				"north": {"uv": [0, 0, 10, 4], "texture": "#4"},
				"east": {"uv": [0, 4, 4, 8], "texture": "#4"},
				"south": {"uv": [0, 0, 10, 4], "texture": "#4"},
				"west": {"uv": [0, 4, 4, 8], "texture": "#4"},
				"up": {"uv": [0, 0, 10, 4], "texture": "#4"},
				"down": {"uv": [0, 0, 10, 4], "texture": "#4"}
			}
		},
		{
			"from": [6.68192, 0, 8.21925],
			"to": [8.68192, 2, 16.21925],
			"rotation": {"angle": 22.5, "axis": "y", "origin": [6.68192, 1, 12.96925]},
			"faces": {
				"north": {"uv": [0, 4, 4, 8], "texture": "#4"},
				"east": {"uv": [0, 0, 10, 4], "texture": "#4"},
				"south": {"uv": [0, 4, 4, 8], "texture": "#4"},
				"west": {"uv": [0, 0, 10, 4], "texture": "#4"},
				"up": {"uv": [0, 0, 10, 4], "rotation": 270, "texture": "#4"},
				"down": {"uv": [0, 0, 10, 4], "rotation": 90, "texture": "#4"}
			}
		}
	],
	"display": {},
	"groups": [
		0,
		1,
		2,
		3,
		4,
		{
			"name": "group",
			"origin": [9, 2, 2],
			"color": 0,
			"children": [
				5,
				6,
				7,
				8,
				9,
				10,
				11,
				12,
				13,
				14,
				15,
				16,
				17,
				18,
				19,
				20,
				21,
				22,
				23,
				24,
				25,
				26,
				27,
				28,
				29,
				30,
				31,
				32,
				33,
				{
					"name": "group",
					"origin": [9, 2, 2],
					"color": 0,
					"children": [34, 35, 36, 37, 38, 39, 40, 41]
				},
				{
					"name": "group",
					"origin": [9, 2, 2],
					"color": 0,
					"children": [42, 43, 44, 45, 46, 47, 48, 49]
				}
			]
		},
		50,
		51,
		52,
		53,
		54,
		55,
		56,
		57,
		58,
		59,
		60,
		61,
		62,
		63,
		64,
		65,
		66,
		67,
		68,
		69,
		70,
		71,
		72,
		73,
		74,
		75,
		76,
		77,
		78,
		79,
		80,
		81,
		82,
		83,
		84,
		85,
		86,
		87,
		{
			"name": "group",
			"origin": [5, 1.5, -7],
			"color": 0,
			"children": [88, 89, 90, 91]
		},
		{
			"name": "group",
			"origin": [6.68192, 1, 12.96925],
			"color": 0,
			"children": [92, 93, 94, 95]
		}
	]
}