{
  "parent": "minecraft:item/generated",
  "textures": { "layer0": "minecraft:item/stick" },
  "overrides": [
    { "predicate": { "custom_model_data": 2000 }, "model": "minecraft:block/callvacio" },
    { "predicate": { "custom_model_data": 2001 }, "model": "minecraft:block/calagua" },

    { "predicate": { "custom_model_data": 2010 }, "model": "minecraft:block/caldarkpotion1" },
    { "predicate": { "custom_model_data": 2011 }, "model": "minecraft:block/caldarkpotion2" },

    { "predicate": { "custom_model_data": 2020 }, "model": "minecraft:block/caldolfinpotion1" },
    { "predicate": { "custom_model_data": 2021 }, "model": "minecraft:block/caldolfinpotion2" },

    { "predicate": { "custom_model_data": 2030 }, "model": "minecraft:block/calhastepotion1" },
    { "predicate": { "custom_model_data": 2031 }, "model": "minecraft:block/calhastepotion2" },

    { "predicate": { "custom_model_data": 2040 }, "model": "minecraft:block/calsaturacionpotion1" },
    { "predicate": { "custom_model_data": 2041 }, "model": "minecraft:block/calsaturacionpotion2" },

    { "predicate": { "custom_model_data": 2050 }, "model": "minecraft:block/calparalizantepotion1" },
    { "predicate": { "custom_model_data": 2051 }, "model": "minecraft:block/calparalizantepotion2" },

    { "predicate": { "custom_model_data": 2060 }, "model": "minecraft:block/calregeneracionpotion" },

    { "predicate": { "custom_model_data": 2070 }, "model": "minecraft:block/calluna1potion" },
    { "predicate": { "custom_model_data": 2071 }, "model": "minecraft:block/calluna2potion1" },
    { "predicate": { "custom_model_data": 2072 }, "model": "minecraft:block/calluna2potion2" },

    { "predicate": { "custom_model_data": 2080 }, "model": "minecraft:block/calestofado" },
	
	{ "predicate": { "custom_model_data": 5000 }, "model": "item/silla" },
	{ "predicate": { "custom_model_data": 5001 }, "model": "item/sillaabedul" },
	{ "predicate": { "custom_model_data": 5002 }, "model": "item/sillaabeto" },
	{ "predicate": { "custom_model_data": 5003 }, "model": "item/sillaacacia" },
	{ "predicate": { "custom_model_data": 5004 }, "model": "item/sillacherry" },
	{ "predicate": { "custom_model_data": 5005 }, "model": "item/sillajungla" },
	{ "predicate": { "custom_model_data": 5006 }, "model": "item/sillarobleoscuro" },
	{ "predicate": { "custom_model_data": 5007 }, "model": "item/sillacuarzo" },
	
	{ "predicate": { "custom_model_data": 5008 }, "model": "item/mesaroble" },
	{ "predicate": { "custom_model_data": 5009 }, "model": "item/mesaabedul" },
	{ "predicate": { "custom_model_data": 5010 }, "model": "item/mesaabeto" },
	{ "predicate": { "custom_model_data": 5011 }, "model": "item/mesaacacia" },
	{ "predicate": { "custom_model_data": 5012 }, "model": "item/mesacherry" },
	{ "predicate": { "custom_model_data": 5013 }, "model": "item/mesajungla" },
	{ "predicate": { "custom_model_data": 5014 }, "model": "item/mesarobleoscuro" },
	{ "predicate": { "custom_model_data": 5015 }, "model": "item/mesacuarzo" },
	
    { "predicate": { "custom_model_data": 5016 }, "model": "item/mesacartografia" },

    { "predicate": { "custom_model_data": 5018 }, "model": "item/estatua1bigoak" },
    { "predicate": { "custom_model_data": 5019 }, "model": "item/estatua1birch" },
    { "predicate": { "custom_model_data": 5020 }, "model": "item/estatua1cherry" },
    { "predicate": { "custom_model_data": 5021 }, "model": "item/estatua1cuarzo" },
    { "predicate": { "custom_model_data": 5022 }, "model": "item/estatua1jungle" },
    { "predicate": { "custom_model_data": 5023 }, "model": "item/estatua1oak" },
    { "predicate": { "custom_model_data": 5024 }, "model": "item/estatua1piedra" },
    { "predicate": { "custom_model_data": 5025 }, "model": "item/estatua1spruce" },
	{ "predicate": { "custom_model_data": 5062 }, "model": "item/estatua1acacia" },

    { "predicate": { "custom_model_data": 5026 }, "model": "item/estatua2acacia" },
    { "predicate": { "custom_model_data": 5027 }, "model": "item/estatua2bigoak" },
    { "predicate": { "custom_model_data": 5028 }, "model": "item/estatua2birch" },
    { "predicate": { "custom_model_data": 5029 }, "model": "item/estatua2cherry" },
    { "predicate": { "custom_model_data": 5030 }, "model": "item/estatua2cuarzo" },
    { "predicate": { "custom_model_data": 5031 }, "model": "item/estatua2jungle" },
    { "predicate": { "custom_model_data": 5032 }, "model": "item/estatua2oak" },
    { "predicate": { "custom_model_data": 5033 }, "model": "item/estatua2spruce" },
    { "predicate": { "custom_model_data": 5034 }, "model": "item/estatua2stone" },

    { "predicate": { "custom_model_data": 5035 }, "model": "item/estatua3acacia" },
    { "predicate": { "custom_model_data": 5036 }, "model": "item/estatua3bigoak" },
    { "predicate": { "custom_model_data": 5037 }, "model": "item/estatua3birch" },
    { "predicate": { "custom_model_data": 5038 }, "model": "item/estatua3cherry" },
    { "predicate": { "custom_model_data": 5039 }, "model": "item/estatua3cuarzo" },
    { "predicate": { "custom_model_data": 5040 }, "model": "item/estatua3jungle" },
    { "predicate": { "custom_model_data": 5041 }, "model": "item/estatua3oak" },
    { "predicate": { "custom_model_data": 5042 }, "model": "item/estatua3spruce" },
    { "predicate": { "custom_model_data": 5043 }, "model": "item/estatua3stone" },

    { "predicate": { "custom_model_data": 5044 }, "model": "item/estatua4acacia" },
    { "predicate": { "custom_model_data": 5045 }, "model": "item/estatua4bigoak" },
    { "predicate": { "custom_model_data": 5046 }, "model": "item/estatua4birch" },
    { "predicate": { "custom_model_data": 5047 }, "model": "item/estatua4cherry" },
    { "predicate": { "custom_model_data": 5048 }, "model": "item/estatua4cuarzo" },
    { "predicate": { "custom_model_data": 5049 }, "model": "item/estatua4jungle" },
    { "predicate": { "custom_model_data": 5050 }, "model": "item/estatua4oak" },
    { "predicate": { "custom_model_data": 5051 }, "model": "item/estatua4piedra" },
    { "predicate": { "custom_model_data": 5052 }, "model": "item/estatua4spruce" },

    { "predicate": { "custom_model_data": 5053 }, "model": "item/estatua5bigoak" },
    { "predicate": { "custom_model_data": 5054 }, "model": "item/estatua5birch" },
    { "predicate": { "custom_model_data": 5055 }, "model": "item/estatua5cherry" },
    { "predicate": { "custom_model_data": 5056 }, "model": "item/estatua5cuarzo" },
    { "predicate": { "custom_model_data": 5057 }, "model": "item/estatua5jungle" },
    { "predicate": { "custom_model_data": 5058 }, "model": "item/estatua5oak" },
    { "predicate": { "custom_model_data": 5059 }, "model": "item/estatua5piedra" },
    { "predicate": { "custom_model_data": 5060 }, "model": "item/estatua5spruce" },
	{ "predicate": { "custom_model_data": 5061 }, "model": "item/estatua5acacia" },
	
	{ "predicate": { "custom_model_data": 5063 }, "model": "item/estanteriapergaminos0acacia" },
	{ "predicate": { "custom_model_data": 5064 }, "model": "item/estanteriapergaminos0bigoak" },
	{ "predicate": { "custom_model_data": 5065 }, "model": "item/estanteriapergaminos0birch" },
	{ "predicate": { "custom_model_data": 5066 }, "model": "item/estanteriapergaminos0cherry" },
	{ "predicate": { "custom_model_data": 5067 }, "model": "item/estanteriapergaminos0jungle" },
	{ "predicate": { "custom_model_data": 5068 }, "model": "item/estanteriapergaminos0oak" },
	{ "predicate": { "custom_model_data": 5069 }, "model": "item/estanteriapergaminos0spruce" },
	
	{ "predicate": { "custom_model_data": 5070 }, "model": "item/estanteriapergaminos1acacia" },
	{ "predicate": { "custom_model_data": 5071 }, "model": "item/estanteriapergaminos1bigoak" },
	{ "predicate": { "custom_model_data": 5072 }, "model": "item/estanteriapergaminos1birch" },
	{ "predicate": { "custom_model_data": 5073 }, "model": "item/estanteriapergaminos1cherry" },
	{ "predicate": { "custom_model_data": 5074 }, "model": "item/estanteriapergaminos1jungle" },
	{ "predicate": { "custom_model_data": 5075 }, "model": "item/estanteriapergaminos1oak" },
	{ "predicate": { "custom_model_data": 5076 }, "model": "item/estanteriapergaminos1spruce" },
	
	{ "predicate": { "custom_model_data": 5077 }, "model": "item/estanteriapergaminos2acacia" },
	{ "predicate": { "custom_model_data": 5078 }, "model": "item/estanteriapergaminos2bigoak" },
	{ "predicate": { "custom_model_data": 5079 }, "model": "item/estanteriapergaminos2birch" },
	{ "predicate": { "custom_model_data": 5080 }, "model": "item/estanteriapergaminos2cherry" },
	{ "predicate": { "custom_model_data": 5081 }, "model": "item/estanteriapergaminos2jungle" },
	{ "predicate": { "custom_model_data": 5082 }, "model": "item/estanteriapergaminos2oak" },
	{ "predicate": { "custom_model_data": 5083 }, "model": "item/estanteriapergaminos2spruce" },
	
	{ "predicate": { "custom_model_data": 5084 }, "model": "item/estanteriapergaminos3acacia" },
	{ "predicate": { "custom_model_data": 5085 }, "model": "item/estanteriapergaminos3bigoak" },
	{ "predicate": { "custom_model_data": 5086 }, "model": "item/estanteriapergaminos3birch" },
	{ "predicate": { "custom_model_data": 5087 }, "model": "item/estanteriapergaminos3cherry" },
	{ "predicate": { "custom_model_data": 5088 }, "model": "item/estanteriapergaminos3jungle" },
	{ "predicate": { "custom_model_data": 5089 }, "model": "item/estanteriapergaminos3oak" },
	{ "predicate": { "custom_model_data": 5090 }, "model": "item/estanteriapergaminos3spruce" },
	
	{ "predicate": { "custom_model_data": 5091 }, "model": "item/hielobrillante" },
	{ "predicate": { "custom_model_data": 5092 }, "model": "item/bluestone_block" },
	
	{ "predicate": { "custom_model_data": 5093 }, "model": "item/estanteriapociones" },
	{ "predicate": { "custom_model_data": 5094 }, "model": "item/estanterialibros" },
	
	{ "predicate": { "custom_model_data": 5095 }, "model": "item/expositor" }

	

	




  ]
}
