{
  "providers": [
    {
      "type": "bitmap",
      "file": "minecraft:font/gold_coin.png",
      "ascent": 8,
      "height": 16,
      "chars": ["\uE001"]
    },
    {
      "type": "bitmap",
      "file": "minecraft:font/silver_coin.png",
      "ascent": 8,
      "height": 16,
      "chars": ["\uE002"]
    },
    {
      "type": "bitmap",
      "file": "minecraft:font/mana_full.png",
      "ascent": 3,
      "height": 3,
      "chars": ["\uE010"]
    },
    {
      "type": "bitmap",
      "file": "minecraft:font/mana_empty.png",
      "ascent": 3,
      "height": 3,
      "chars": ["\uE011"]
    },
	{
      "type": "bitmap",
      "file": "minecraft:font/pasossombrios.png",
      "ascent": 8,
      "height": 16,
      "chars": ["\uE012"]
    }
  ]
}
