{
	"format_version": "1.21.11",
	"credit": "Made with Blockbench",
	"texture_size": [64, 64],
	"textures": {
		"0": "item/pieltono1",
		"1": "item/orejascolor1",
		"particle": "item/orejascolor1"
	},
	"elements": [
		{
			"name": "head",
			"from": [4, 0, 4],
			"to": [12, 8, 12],
			"rotation": {"angle": 0, "axis": "y", "origin": [8, 0, 8]},
			"faces": {
				"north": {"uv": [2, 2, 4, 4], "texture": "#0"},
				"east": {"uv": [0, 2, 2, 4], "texture": "#0"},
				"south": {"uv": [6, 2, 8, 4], "texture": "#0"},
				"west": {"uv": [4, 2, 6, 4], "texture": "#0"},
				"up": {"uv": [4, 2, 2, 0], "texture": "#0"},
				"down": {"uv": [6, 0, 4, 2], "texture": "#0"}
			}
		},
		{
			"name": "head",
			"from": [3.5, -0.5, 3.5],
			"to": [12.5, 8.5, 12.5],
			"rotation": {"angle": 0, "axis": "y", "origin": [8, 0, 8]},
			"faces": {
				"north": {"uv": [10, 2, 12, 4], "texture": "#0"},
				"east": {"uv": [8, 2, 10, 4], "texture": "#0"},
				"south": {"uv": [14, 2, 16, 4], "texture": "#0"},
				"west": {"uv": [12, 2, 14, 4], "texture": "#0"},
				"up": {"uv": [12, 2, 10, 0], "texture": "#0"},
				"down": {"uv": [14, 0, 12, 2], "texture": "#0"}
			}
		},
		{
			"name": "armorHead",
			"from": [3.2, 4, 8],
			"to": [3.8, 5.2, 9],
			"rotation": {"angle": 0, "axis": "y", "origin": [4, 5, 9]},
			"faces": {
				"north": {"uv": [1.25, 4.25, 1.25, 4.5], "texture": "#1"},
				"east": {"uv": [1, 4.25, 1.25, 4.5], "texture": "#1"},
				"south": {"uv": [1.5, 4.25, 1.5, 4.5], "texture": "#1"},
				"west": {"uv": [1.25, 4.25, 1.5, 4.5], "texture": "#1"},
				"up": {"uv": [1.25, 4.25, 1.25, 4], "texture": "#1"},
				"down": {"uv": [1.25, 4, 1.25, 4.25], "texture": "#1"}
			}
		},
		{
			"name": "armorHead",
			"from": [2.8, 5, 9],
			"to": [3, 6.2, 10],
			"rotation": {"angle": 0, "axis": "y", "origin": [4, 6, 10]},
			"faces": {
				"north": {"uv": [2.75, 4.25, 2.75, 4.5], "texture": "#1"},
				"east": {"uv": [2.5, 4.25, 2.75, 4.5], "texture": "#1"},
				"south": {"uv": [3, 4.25, 3, 4.5], "texture": "#1"},
				"west": {"uv": [2.75, 4.25, 3, 4.5], "texture": "#1"},
				"up": {"uv": [2.75, 4.25, 2.75, 4], "texture": "#1"},
				"down": {"uv": [2.75, 4, 2.75, 4.25], "texture": "#1"}
			}
		},
		{
			"name": "armorHead",
			"from": [2.8, 6, 10],
			"to": [3, 7, 10.2],
			"rotation": {"angle": 0, "axis": "y", "origin": [4, 7, 9]},
			"faces": {
				"north": {"uv": [1.5, 4.5, 1.5, 4.75], "texture": "#1"},
				"east": {"uv": [1.5, 4.5, 1.5, 4.75], "texture": "#1"},
				"south": {"uv": [1.5, 4.5, 1.5, 4.75], "texture": "#1"},
				"west": {"uv": [1.5, 4.5, 1.5, 4.75], "texture": "#1"},
				"up": {"uv": [1.5, 4.5, 1.5, 4.5], "texture": "#1"},
				"down": {"uv": [1.5, 4.5, 1.5, 4.5], "texture": "#1"}
			}
		},
		{
			"name": "armorHead",
			"from": [2.8, 6.2, 9.8],
			"to": [3, 6.7, 10],
			"rotation": {"angle": 0, "axis": "y", "origin": [4, 7, 9]},
			"faces": {
				"north": {"uv": [0, 0, 0, 0], "texture": "#1"},
				"east": {"uv": [0, 0, 0, 0], "texture": "#1"},
				"south": {"uv": [0, 0, 0, 0], "texture": "#1"},
				"west": {"uv": [0, 0, 0, 0], "texture": "#1"},
				"up": {"uv": [0, 0, 0, 0], "texture": "#1"},
				"down": {"uv": [0, 0, 0, 0], "texture": "#1"}
			}
		},
		{
			"name": "armorHead",
			"from": [3, 4, 9],
			"to": [3.2, 5.2, 10],
			"rotation": {"angle": 0, "axis": "y", "origin": [4, 4, 10]},
			"faces": {
				"north": {"uv": [1.75, 4.25, 1.75, 4.5], "texture": "#1"},
				"east": {"uv": [1.5, 4.25, 1.75, 4.5], "texture": "#1"},
				"south": {"uv": [2, 4.25, 2, 4.5], "texture": "#1"},
				"west": {"uv": [1.75, 4.25, 2, 4.5], "texture": "#1"},
				"up": {"uv": [1.75, 4.25, 1.75, 4], "texture": "#1"},
				"down": {"uv": [1.75, 4, 1.75, 4.25], "texture": "#1"}
			}
		},
		{
			"name": "armorHead",
			"from": [3.4, 3, 7],
			"to": [4.1, 4.2, 9],
			"rotation": {"angle": 0, "axis": "y", "origin": [4, 3, 8]},
			"faces": {
				"north": {"uv": [0.5, 4.5, 0.5, 4.75], "texture": "#1"},
				"east": {"uv": [0, 4.5, 0.5, 4.75], "texture": "#1"},
				"south": {"uv": [1, 4.5, 1, 4.75], "texture": "#1"},
				"west": {"uv": [0.5, 4.5, 1, 4.75], "texture": "#1"},
				"up": {"uv": [0.5, 4.5, 0.5, 4], "texture": "#1"},
				"down": {"uv": [0.5, 4, 0.5, 4.5], "texture": "#1"}
			}
		},
		{
			"name": "armorHead",
			"from": [12.2, 4, 8],
			"to": [12.8, 5.2, 9],
			"rotation": {"angle": 0, "axis": "y", "origin": [14, 5, 9]},
			"faces": {
				"north": {"uv": [4.25, 4.25, 4.25, 4.5], "texture": "#1"},
				"east": {"uv": [4, 4.25, 4.25, 4.5], "texture": "#1"},
				"south": {"uv": [4.5, 4.25, 4.5, 4.5], "texture": "#1"},
				"west": {"uv": [4.25, 4.25, 4.5, 4.5], "texture": "#1"},
				"up": {"uv": [4.25, 4.25, 4.25, 4], "texture": "#1"},
				"down": {"uv": [4.25, 4, 4.25, 4.25], "texture": "#1"}
			}
		},
		{
			"name": "armorHead",
			"from": [13, 5, 9],
			"to": [13.2, 6.2, 10],
			"rotation": {"angle": 0, "axis": "y", "origin": [14, 6, 10]},
			"faces": {
				"north": {"uv": [3.75, 4.25, 3.75, 4.5], "texture": "#1"},
				"east": {"uv": [3.5, 4.25, 3.75, 4.5], "texture": "#1"},
				"south": {"uv": [4, 4.25, 4, 4.5], "texture": "#1"},
				"west": {"uv": [3.75, 4.25, 4, 4.5], "texture": "#1"},
				"up": {"uv": [3.75, 4.25, 3.75, 4], "texture": "#1"},
				"down": {"uv": [3.75, 4, 3.75, 4.25], "texture": "#1"}
			}
		},
		{
			"name": "armorHead",
			"from": [13, 6, 10],
			"to": [13.2, 7, 10.2],
			"rotation": {"angle": 0, "axis": "y", "origin": [14, 7, 9]},
			"faces": {
				"north": {"uv": [2, 4.5, 2, 4.75], "texture": "#1"},
				"east": {"uv": [2, 4.5, 2, 4.75], "texture": "#1"},
				"south": {"uv": [2, 4.5, 2, 4.75], "texture": "#1"},
				"west": {"uv": [2, 4.5, 2, 4.75], "texture": "#1"},
				"up": {"uv": [2, 4.5, 2, 4.5], "texture": "#1"},
				"down": {"uv": [2, 4.5, 2, 4.5], "texture": "#1"}
			}
		},
		{
			"name": "armorHead",
			"from": [13, 6.2, 9.8],
			"to": [13.2, 6.7, 10],
			"rotation": {"angle": 0, "axis": "y", "origin": [14, 7, 9]},
			"faces": {
				"north": {"uv": [0, 0, 0, 0], "texture": "#1"},
				"east": {"uv": [0, 0, 0, 0], "texture": "#1"},
				"south": {"uv": [0, 0, 0, 0], "texture": "#1"},
				"west": {"uv": [0, 0, 0, 0], "texture": "#1"},
				"up": {"uv": [0, 0, 0, 0], "texture": "#1"},
				"down": {"uv": [0, 0, 0, 0], "texture": "#1"}
			}
		},
		{
			"name": "armorHead",
			"from": [12.8, 4, 9],
			"to": [13, 5.2, 10],
			"rotation": {"angle": 0, "axis": "y", "origin": [14, 4, 10]},
			"faces": {
				"north": {"uv": [3.25, 4.25, 3.25, 4.5], "texture": "#1"},
				"east": {"uv": [3, 4.25, 3.25, 4.5], "texture": "#1"},
				"south": {"uv": [3.5, 4.25, 3.5, 4.5], "texture": "#1"},
				"west": {"uv": [3.25, 4.25, 3.5, 4.5], "texture": "#1"},
				"up": {"uv": [3.25, 4.25, 3.25, 4], "texture": "#1"},
				"down": {"uv": [3.25, 4, 3.25, 4.25], "texture": "#1"}
			}
		},
		{
			"name": "armorHead",
			"from": [12, 3, 7],
			"to": [12.7, 4.2, 9],
			"rotation": {"angle": 0, "axis": "y", "origin": [12, 3, 8]},
			"faces": {
				"north": {"uv": [1, 4.5, 1, 4.75], "texture": "#1"},
				"east": {"uv": [0.5, 4.5, 1, 4.75], "texture": "#1"},
				"south": {"uv": [1.5, 4.5, 1.5, 4.75], "texture": "#1"},
				"west": {"uv": [1, 4.5, 1.5, 4.75], "texture": "#1"},
				"up": {"uv": [1, 4.5, 1, 4], "texture": "#1"},
				"down": {"uv": [1, 4, 1, 4.5], "texture": "#1"}
			}
		}
	],
	"display": {
		"gui": {
			"rotation": [11.98, -141, 0],
			"translation": [0, 5.5, 0],
			"scale": [1.38, 1.38, 1.38]
		}
	},
	"groups": [
		{
			"name": "head",
			"origin": [8, 0, 8],
			"color": 0,
			"children": [0, 1]
		},
		{
			"name": "armorHead",
			"origin": [8, 24, 8],
			"color": 1,
			"children": [2, 3, 4, 5, 6, 7, 8, 9, 10, 11, 12, 13]
		}
	]
}