{
	"credit": "Made with Blockbench",
	"textures": {
		"0": "item/varaaguatier3",
		"1": "item/canalizador",
		"particle": "item/canalizador"
	},
	"elements": [
		{
			"name": "body",
			"from": [7.5, 0, 7.5],
			"to": [8.5, 25, 8.5],
			"rotation": {"angle": 0, "axis": "y", "origin": [8, 0, 8]},
			"faces": {
				"north": {"uv": [1, 1, 2, 26], "texture": "#0"},
				"east": {"uv": [0, 1, 1, 26], "texture": "#0"},
				"south": {"uv": [3, 1, 4, 26], "texture": "#0"},
				"west": {"uv": [2, 1, 3, 26], "texture": "#0"},
				"up": {"uv": [2, 1, 1, 0], "texture": "#0"},
				"down": {"uv": [3, 0, 2, 1], "texture": "#0"}
			}
		},
		{
			"name": "left_spike",
			"from": [10.5, 26, 7.5],
			"to": [11.5, 30, 8.5],
			"rotation": {"angle": 0, "axis": "y", "origin": [8, 26, 8]},
			"faces": {
				"north": {"uv": [5, 4, 6, 8], "texture": "#0"},
				"east": {"uv": [4, 4, 5, 8], "texture": "#0"},
				"south": {"uv": [7, 4, 8, 8], "texture": "#0"},
				"west": {"uv": [6, 4, 7, 8], "texture": "#0"},
				"up": {"uv": [6, 4, 5, 3], "texture": "#0"},
				"down": {"uv": [7, 3, 6, 4], "texture": "#0"}
			}
		},
		{
			"name": "middle_spike",
			"from": [7.5, 27, 7.5],
			"to": [8.5, 27, 8.5],
			"rotation": {"angle": 0, "axis": "y", "origin": [8, 0, 8]},
			"faces": {
				"north": {"uv": [1, 1, 2, 1], "texture": "#0"},
				"east": {"uv": [0, 1, 1, 1], "texture": "#0"},
				"south": {"uv": [3, 1, 4, 1], "texture": "#0"},
				"west": {"uv": [2, 1, 3, 1], "texture": "#0"},
				"up": {"uv": [2, 1, 1, 0], "texture": "#0"},
				"down": {"uv": [3, 0, 2, 1], "texture": "#0"}
			}
		},
		{
			"name": "base",
			"from": [5.5, 25, 7.5],
			"to": [10.5, 27, 8.5],
			"rotation": {"angle": 0, "axis": "y", "origin": [8, 0, 8]},
			"faces": {
				"north": {"uv": [4, 1, 9, 3], "texture": "#0"},
				"east": {"uv": [3, 1, 4, 3], "texture": "#0"},
				"south": {"uv": [10, 1, 15, 3], "texture": "#0"},
				"west": {"uv": [9, 1, 10, 3], "texture": "#0"},
				"up": {"uv": [9, 1, 4, 0], "texture": "#0"},
				"down": {"uv": [14, 0, 9, 1], "texture": "#0"}
			}
		},
		{
			"name": "base",
			"from": [7.5, 25, 5.5],
			"to": [8.5, 27, 10.5],
			"rotation": {"angle": 0, "axis": "y", "origin": [8, 0, 8]},
			"faces": {
				"north": {"uv": [8, 5, 9, 7], "texture": "#0"},
				"east": {"uv": [3, 5, 8, 7], "texture": "#0"},
				"south": {"uv": [14, 5, 15, 7], "texture": "#0"},
				"west": {"uv": [9, 5, 14, 7], "texture": "#0"},
				"up": {"uv": [9, 5, 8, 0], "texture": "#0"},
				"down": {"uv": [10, 0, 9, 5], "texture": "#0"}
			}
		},
		{
			"name": "right_spike",
			"from": [4.5, 26, 7.5],
			"to": [5.5, 30, 8.5],
			"rotation": {"angle": 0, "axis": "y", "origin": [8, 26, 8]},
			"faces": {
				"north": {"uv": [6, 4, 5, 8], "texture": "#0"},
				"east": {"uv": [7, 4, 6, 8], "texture": "#0"},
				"south": {"uv": [8, 4, 7, 8], "texture": "#0"},
				"west": {"uv": [5, 4, 4, 8], "texture": "#0"},
				"up": {"uv": [5, 4, 6, 3], "texture": "#0"},
				"down": {"uv": [6, 3, 7, 4], "texture": "#0"}
			}
		},
		{
			"name": "left_spike",
			"from": [7.5, 26, 4.5],
			"to": [8.5, 30, 5.5],
			"rotation": {"angle": 0, "axis": "y", "origin": [8, 26, 8]},
			"faces": {
				"north": {"uv": [5, 4, 6, 8], "texture": "#0"},
				"east": {"uv": [4, 4, 5, 8], "texture": "#0"},
				"south": {"uv": [7, 4, 8, 8], "texture": "#0"},
				"west": {"uv": [6, 4, 7, 8], "texture": "#0"},
				"up": {"uv": [6, 4, 5, 3], "texture": "#0"},
				"down": {"uv": [7, 3, 6, 4], "texture": "#0"}
			}
		},
		{
			"name": "right_spike",
			"from": [7.5, 26, 10.5],
			"to": [8.5, 30, 11.5],
			"rotation": {"angle": 0, "axis": "y", "origin": [8, 26, 8]},
			"faces": {
				"north": {"uv": [6, 4, 5, 8], "texture": "#0"},
				"east": {"uv": [7, 4, 6, 8], "texture": "#0"},
				"south": {"uv": [8, 4, 7, 8], "texture": "#0"},
				"west": {"uv": [5, 4, 4, 8], "texture": "#0"},
				"up": {"uv": [5, 4, 6, 3], "texture": "#0"},
				"down": {"uv": [6, 3, 7, 4], "texture": "#0"}
			}
		},
		{
			"from": [6.5, 28, 6.5],
			"to": [9.5, 31, 9.5],
			"rotation": {"angle": 0, "axis": "y", "origin": [8, 29, 7]},
			"faces": {
				"north": {"uv": [3, 3, 6, 6], "texture": "#1"},
				"east": {"uv": [0, 3, 3, 6], "texture": "#1"},
				"south": {"uv": [9, 3, 12, 6], "texture": "#1"},
				"west": {"uv": [6, 3, 9, 6], "texture": "#1"},
				"up": {"uv": [6, 3, 3, 0], "texture": "#1"},
				"down": {"uv": [9, 0, 6, 3], "texture": "#1"}
			}
		}
	],
	"display": {
		"thirdperson_righthand": {
			"translation": [0, -9.25, 1.25]
		},
		"thirdperson_lefthand": {
			"translation": [0, -9.25, 1.25]
		},
		"firstperson_righthand": {
			"translation": [0, -7.5, 0]
		},
		"firstperson_lefthand": {
			"translation": [0, -7.75, 0]
		},
		"ground": {
			"rotation": [-89.96, -1.05, -62.23],
			"translation": [-8.5, 0, 0.25]
		},
		"gui": {
			"rotation": [8.13, -8.36, 43.76],
			"translation": [3.25, -3.75, 0],
			"scale": [0.63, 0.63, 0.63]
		},
		"fixed": {
			"rotation": [-7.25, 0, 0],
			"translation": [0, -14, -1.25],
			"scale": [2.14, 2.14, 2.14]
		}
	},
	"groups": [
		{
			"name": "group",
			"origin": [8, 8, 8],
			"color": 0,
			"children": [0, 1, 2, 3, 4, 5, 6, 7]
		},
		8
	]
}