{
  "parent": "item/generated",
  "textures": { "layer0": "item/player_head" },
  "overrides": [
    { "predicate": { "custom_model_data": 101 }, "model": "minecraft:item/cabezajugadororejas1" },
    { "predicate": { "custom_model_data": 102 }, "model": "minecraft:item/cabezajugadororejas2" },
    { "predicate": { "custom_model_data": 103 }, "model": "minecraft:item/cabezajugadororejas3" },
    { "predicate": { "custom_model_data": 104 }, "model": "minecraft:item/cabezajugadororejas4" },
	{ "predicate": { "custom_model_data": 105 }, "model": "minecraft:item/cabezaelfosteve" },
	
	{ "predicate": { "custom_model_data": 106 }, "model": "minecraft:item/cabezahumanosteve" },
	
	{ "predicate": { "custom_model_data": 107 }, "model": "minecraft:item/cabezaorco" },
	{ "predicate": { "custom_model_data": 108 }, "model": "minecraft:item/cabezaenano" },
	{ "predicate": { "custom_model_data": 109 }, "model": "minecraft:item/cabezaorcofem" },
	
	{ "predicate": { "custom_model_data": 110 }, "model": "minecraft:item/femdiente1" },
	{ "predicate": { "custom_model_data": 111 }, "model": "minecraft:item/femdiente2" },
	{ "predicate": { "custom_model_data": 112 }, "model": "minecraft:item/femdiente3" },
	{ "predicate": { "custom_model_data": 113 }, "model": "minecraft:item/femdiente4" },
	{ "predicate": { "custom_model_data": 114 }, "model": "minecraft:item/femdiente5" },
	{ "predicate": { "custom_model_data": 115 }, "model": "minecraft:item/femdiente6" },
	
	{ "predicate": { "custom_model_data": 116 }, "model": "minecraft:item/mandiente1" },
	{ "predicate": { "custom_model_data": 117 }, "model": "minecraft:item/mandiente2" },
	{ "predicate": { "custom_model_data": 118 }, "model": "minecraft:item/mandiente3" },
	{ "predicate": { "custom_model_data": 119 }, "model": "minecraft:item/mandiente4" },
	{ "predicate": { "custom_model_data": 120 }, "model": "minecraft:item/mandiente5" },
	{ "predicate": { "custom_model_data": 121 }, "model": "minecraft:item/mandiente6" }
  ]
}
