{
  "format_version": "1.21.11",
  "credit": "Made with Blockbench",
  "textures": {
    "glass": "item/pocion",
    "particle": "item/potion_overlay",
    "liquid": "item/potion_overlay"
  },
  "elements": [
    {
      "name": "interior",
      "from": [3, 1.4, 12.05],
      "to": [4.9, 2.78, 13.95],
      "rotation": { "angle": 0, "axis": "y", "origin": [3, 1, 12] },
      "faces": {
        "north": { "uv": [6, 4, 7.90625, 5.375], "texture": "#glass" },
        "east": { "uv": [6, 6, 7.90625, 7.375], "texture": "#glass" },
        "south": { "uv": [0, 8, 1.90625, 9.375], "texture": "#glass" },
        "west": { "uv": [8, 0, 9.90625, 1.375], "texture": "#glass" },
        "up": { "uv": [1.90625, 5.90625, 0, 4], "texture": "#glass" },
        "down": { "uv": [5.90625, 0, 4, 1.90625], "texture": "#glass" }
      }
    },
    {
      "from": [3, 2.9, 12],
      "to": [5, 3.3, 14],
      "rotation": { "angle": 0, "axis": "y", "origin": [3, 3, 12] },
      "faces": {
        "north": { "uv": [10, 4, 12, 4.40625], "texture": "#glass" },
        "east": { "uv": [5, 10, 7, 10.40625], "texture": "#glass" },
        "south": { "uv": [10, 5, 12, 5.40625], "texture": "#glass" },
        "west": { "uv": [7, 10, 9, 10.40625], "texture": "#glass" },
        "up": { "uv": [4, 2, 2, 0], "texture": "#glass" },
        "down": { "uv": [4, 2, 2, 4], "texture": "#glass" }
      }
    },
    {
      "from": [3.2, 3.3, 12.2],
      "to": [4.7, 3.5, 13.7],
      "rotation": { "angle": 0, "axis": "y", "origin": [3, 3, 12] },
      "faces": {
        "north": { "uv": [12, 5, 13.5, 5.1875], "texture": "#glass" },
        "east": { "uv": [12, 6, 13.5, 6.1875], "texture": "#glass" },
        "south": { "uv": [12, 7, 13.5, 7.1875], "texture": "#glass" },
        "west": { "uv": [12, 8, 13.5, 8.1875], "texture": "#glass" },
        "up": { "uv": [3.5, 9.5, 2, 8], "texture": "#glass" },
        "down": { "uv": [9.5, 2, 8, 3.5], "texture": "#glass" }
      }
    },
    {
      "from": [3.6, 3.5, 12.6],
      "to": [4.3, 4.7, 13.3],
      "rotation": { "angle": 0, "axis": "y", "origin": [3, 5, 12] },
      "faces": {
        "north": { "uv": [6, 8, 6.6875, 9.1875], "texture": "#glass" },
        "east": { "uv": [8, 6, 8.6875, 7.1875], "texture": "#glass" },
        "south": { "uv": [7, 8, 7.6875, 9.1875], "texture": "#glass" },
        "west": { "uv": [8, 8, 8.6875, 9.1875], "texture": "#glass" },
        "up": { "uv": [11.6875, 10.6875, 11, 10], "texture": "#glass" },
        "down": { "uv": [11.6875, 11, 11, 11.6875], "texture": "#glass" }
      }
    },
    {
      "from": [3.6, 5.4, 12.6],
      "to": [4.3, 6.1, 13.3],
      "rotation": { "angle": 0, "axis": "y", "origin": [3, 7, 12] },
      "faces": {
        "north": { "uv": [0, 12, 0.6875, 12.6875], "texture": "#glass" },
        "east": { "uv": [1, 12, 1.6875, 12.6875], "texture": "#glass" },
        "south": { "uv": [2, 12, 2.6875, 12.6875], "texture": "#glass" },
        "west": { "uv": [12, 2, 12.6875, 2.6875], "texture": "#glass" },
        "up": { "uv": [12.6875, 3.6875, 12, 3], "texture": "#glass" },
        "down": { "uv": [12.6875, 4, 12, 4.6875], "texture": "#glass" }
      }
    },
    {
      "from": [3.35, 4.7, 12.35],
      "to": [4.55, 5.4, 13.55],
      "rotation": { "angle": 0, "axis": "y", "origin": [3, 6, 12] },
      "faces": {
        "north": { "uv": [9, 6, 10.1875, 6.6875], "texture": "#glass" },
        "east": { "uv": [9, 7, 10.1875, 7.6875], "texture": "#glass" },
        "south": { "uv": [9, 8, 10.1875, 8.6875], "texture": "#glass" },
        "west": { "uv": [9, 9, 10.1875, 9.6875], "texture": "#glass" },
        "up": { "uv": [5.1875, 9.1875, 4, 8], "texture": "#glass" },
        "down": { "uv": [9.1875, 4, 8, 5.1875], "texture": "#glass" }
      }
    },

    {
      "from": [5, 1.4, 12],
      "to": [5.4, 2.9, 14],
      "rotation": { "angle": 0, "axis": "y", "origin": [5, 1, 14] },
      "faces": {
        "north": { "uv": [5, 11, 5.40625, 12.5], "texture": "#liquid", "tintindex": 0 },
        "east": { "uv": [2, 4, 4, 5.5], "texture": "#liquid", "tintindex": 0 },
        "south": { "uv": [6, 11, 6.40625, 12.5], "texture": "#liquid", "tintindex": 0 },
        "west": { "uv": [4, 2, 6, 3.5], "texture": "#liquid", "tintindex": 0 },
        "up": { "uv": [0.40625, 12, 0, 10], "texture": "#liquid", "tintindex": 0 },
        "down": { "uv": [10.40625, 0, 10, 2], "texture": "#liquid", "tintindex": 0 }
      }
    },
    {
      "from": [3, 1, 12],
      "to": [5, 1.4, 14],
      "rotation": { "angle": 0, "axis": "y", "origin": [3, 1, 12] },
      "faces": {
        "north": { "uv": [1, 10, 3, 10.40625], "texture": "#liquid", "tintindex": 0 },
        "east": { "uv": [10, 2, 12, 2.40625], "texture": "#liquid", "tintindex": 0 },
        "south": { "uv": [3, 10, 5, 10.40625], "texture": "#liquid", "tintindex": 0 },
        "west": { "uv": [10, 3, 12, 3.40625], "texture": "#liquid", "tintindex": 0 },
        "up": { "uv": [2, 2, 0, 0], "texture": "#liquid", "tintindex": 0 },
        "down": { "uv": [2, 2, 0, 4], "texture": "#liquid", "tintindex": 0 }
      }
    },
    {
      "from": [3, 1.4, 11.6],
      "to": [5, 2.9, 12],
      "rotation": { "angle": 0, "axis": "y", "origin": [3, 1, 12] },
      "faces": {
        "north": { "uv": [4, 4, 6, 5.5], "texture": "#liquid", "tintindex": 0 },
        "east": { "uv": [11, 6, 11.40625, 7.5], "texture": "#liquid", "tintindex": 0 },
        "south": { "uv": [0, 6, 2, 7.5], "texture": "#liquid", "tintindex": 0 },
        "west": { "uv": [7, 11, 7.40625, 12.5], "texture": "#liquid", "tintindex": 0 },
        "up": { "uv": [11, 10.40625, 9, 10], "texture": "#liquid", "tintindex": 0 },
        "down": { "uv": [13, 0, 11, 0.40625], "texture": "#liquid", "tintindex": 0 }
      }
    },
    {
      "from": [3, 1.4, 14],
      "to": [5, 2.9, 14.4],
      "rotation": { "angle": 0, "axis": "y", "origin": [3, 1, 14] },
      "faces": {
        "north": { "uv": [6, 0, 8, 1.5], "texture": "#liquid", "tintindex": 0 },
        "east": { "uv": [8, 11, 8.40625, 12.5], "texture": "#liquid", "tintindex": 0 },
        "south": { "uv": [2, 6, 4, 7.5], "texture": "#liquid", "tintindex": 0 },
        "west": { "uv": [11, 8, 11.40625, 9.5], "texture": "#liquid", "tintindex": 0 },
        "up": { "uv": [3, 11.40625, 1, 11], "texture": "#liquid", "tintindex": 0 },
        "down": { "uv": [13, 1, 11, 1.40625], "texture": "#liquid", "tintindex": 0 }
      }
    },
    {
      "from": [2.6, 1.4, 12],
      "to": [3, 2.9, 14],
      "rotation": { "angle": 0, "axis": "y", "origin": [3, 1, 14] },
      "faces": {
        "north": { "uv": [9, 11, 9.40625, 12.5], "texture": "#liquid", "tintindex": 0 },
        "east": { "uv": [6, 2, 8, 3.5], "texture": "#liquid", "tintindex": 0 },
        "south": { "uv": [10, 11, 10.40625, 12.5], "texture": "#liquid", "tintindex": 0 },
        "west": { "uv": [4, 6, 6, 7.5], "texture": "#liquid", "tintindex": 0 },
        "up": { "uv": [3.40625, 13, 3, 11], "texture": "#liquid", "tintindex": 0 },
        "down": { "uv": [4.40625, 11, 4, 13], "texture": "#liquid", "tintindex": 0 }
      }
    }
  ],
  "display": {
    "thirdperson_righthand": {
      "translation": [7, 7, -9],
      "scale": [1.74, 1.74, 1.74]
    },
    "thirdperson_lefthand": {
      "translation": [-6, 7.5, -7.75],
      "scale": [1.43, 1.43, 1.43]
    },
    "firstperson_righthand": {
      "translation": [32.5, 7.75, -34.25],
      "scale": [3.24, 3.24, 3.24]
    },
    "firstperson_lefthand": {
      "translation": [0, 8.25, -23],
      "scale": [2.68, 2.68, 2.68]
    },
    "ground": {
      "translation": [9.75, 9, -7.25],
      "scale": [2.05, 2.05, 2.05]
    },
    "gui": {
      "rotation": [28, 71, 0],
      "translation": [-7.75, 16.75, 0],
      "scale": [2.5, 2.5, 2.5]
    },
    "head": {
      "rotation": [0, -86, 0]
    },
    "fixed": {
      "rotation": [-90, 0, 0],
      "translation": [12.75, -15.75, -21.75],
      "scale": [3.13, 3.13, 3.13]
    },
    "on_shelf": {
      "translation": [15, 16.75, -17.5],
      "scale": [4, 4, 4]
    }
  },
  "groups": [
    {
      "name": "cristal",
      "origin": [3, 1, 14],
      "color": 0,
      "children": [0, 1, 2, 3, 4, 5]
    },
    {
      "name": "contenido",
      "origin": [8, 8, 8],
      "color": 0,
      "children": [6, 7, 8, 9, 10]
    }
  ]
}
