{
	"credit": "Made with Blockbench",
	"texture_size": [32, 32],
	"textures": {
		"0": "item/varatierratier2",
		"1": "item/cabezal",
		"2": "item/gemas",
		"particle": "item/varatierratier2"
	},
	"elements": [
		{
			"from": [7.5, 23, 7.5],
			"to": [9.5, 25, 9.5],
			"rotation": {"angle": -45, "axis": "x", "origin": [8.5, 24, 8.5]},
			"faces": {
				"north": {"uv": [8, 2, 9, 3], "texture": "#1"},
				"east": {"uv": [5, 8, 6, 9], "texture": "#1"},
				"south": {"uv": [6, 8, 7, 9], "texture": "#1"},
				"west": {"uv": [7, 8, 8, 9], "texture": "#1"},
				"up": {"uv": [9, 9, 8, 8], "texture": "#1"},
				"down": {"uv": [1, 8.5, 0, 9.5], "texture": "#1"}
			}
		},
		{
			"from": [7.5, 23, 7.5],
			"to": [9.5, 25, 9.5],
			"rotation": {"angle": 0, "axis": "y", "origin": [7, 23, 7]},
			"faces": {
				"north": {"uv": [4.5, 3.5, 5.5, 4.5], "texture": "#1"},
				"east": {"uv": [4.5, 4.5, 5.5, 5.5], "texture": "#1"},
				"south": {"uv": [5, 0, 6, 1], "texture": "#1"},
				"west": {"uv": [5, 1, 6, 2], "texture": "#1"},
				"up": {"uv": [6, 3, 5, 2], "texture": "#1"},
				"down": {"uv": [6.5, 3, 5.5, 4], "texture": "#1"}
			}
		},
		{
			"from": [7.5, 23, 7.5],
			"to": [9.5, 25, 9.5],
			"rotation": {"angle": 22.5, "axis": "y", "origin": [8.5, 24, 8.5]},
			"faces": {
				"north": {"uv": [5.5, 4, 6.5, 5], "texture": "#1"},
				"east": {"uv": [4.5, 5.5, 5.5, 6.5], "texture": "#1"},
				"south": {"uv": [5.5, 5, 6.5, 6], "texture": "#1"},
				"west": {"uv": [6, 0, 7, 1], "texture": "#1"},
				"up": {"uv": [7, 2, 6, 1], "texture": "#1"},
				"down": {"uv": [7, 2, 6, 3], "texture": "#1"}
			}
		},
		{
			"from": [7.5, 23, 7.5],
			"to": [9.5, 25, 9.5],
			"rotation": {"angle": 45, "axis": "y", "origin": [8.5, 24, 8.5]},
			"faces": {
				"north": {"uv": [5.5, 6, 6.5, 7], "texture": "#1"},
				"east": {"uv": [6.5, 3, 7.5, 4], "texture": "#1"},
				"south": {"uv": [6.5, 4, 7.5, 5], "texture": "#1"},
				"west": {"uv": [4.5, 6.5, 5.5, 7.5], "texture": "#1"},
				"up": {"uv": [7.5, 6, 6.5, 5], "texture": "#1"},
				"down": {"uv": [7.5, 6, 6.5, 7], "texture": "#1"}
			}
		},
		{
			"from": [7.5, 23, 7.5],
			"to": [9.5, 25, 9.5],
			"rotation": {"angle": -22.5, "axis": "y", "origin": [8.5, 24, 8.5]},
			"faces": {
				"north": {"uv": [7, 0, 8, 1], "texture": "#1"},
				"east": {"uv": [7, 1, 8, 2], "texture": "#1"},
				"south": {"uv": [2, 7, 3, 8], "texture": "#1"},
				"west": {"uv": [7, 2, 8, 3], "texture": "#1"},
				"up": {"uv": [6.5, 8, 5.5, 7], "texture": "#1"},
				"down": {"uv": [7.5, 7, 6.5, 8], "texture": "#1"}
			}
		},
		{
			"from": [7.5, 23, 7.5],
			"to": [9.5, 25, 9.5],
			"rotation": {"angle": -45, "axis": "z", "origin": [8.5, 24, 8.5]},
			"faces": {
				"north": {"uv": [0, 7.5, 1, 8.5], "texture": "#1"},
				"east": {"uv": [1, 7.5, 2, 8.5], "texture": "#1"},
				"south": {"uv": [3, 7.5, 4, 8.5], "texture": "#1"},
				"west": {"uv": [7.5, 3, 8.5, 4], "texture": "#1"},
				"up": {"uv": [5, 8.5, 4, 7.5], "texture": "#1"},
				"down": {"uv": [8.5, 4, 7.5, 5], "texture": "#1"}
			}
		},
		{
			"from": [7.5, 23, 7.5],
			"to": [9.5, 25, 9.5],
			"rotation": {"angle": 22.5, "axis": "x", "origin": [8.5, 24, 8.5]},
			"faces": {
				"north": {"uv": [7.5, 5, 8.5, 6], "texture": "#1"},
				"east": {"uv": [7.5, 6, 8.5, 7], "texture": "#1"},
				"south": {"uv": [7.5, 7, 8.5, 8], "texture": "#1"},
				"west": {"uv": [8, 0, 9, 1], "texture": "#1"},
				"up": {"uv": [9, 2, 8, 1], "texture": "#1"},
				"down": {"uv": [3, 8, 2, 9], "texture": "#1"}
			}
		},
		{
			"from": [8.05, 18, 8],
			"to": [8.85, 21, 8.8],
			"rotation": {"angle": 22.5, "axis": "x", "origin": [7, 20, 8]},
			"faces": {
				"north": {"uv": [2.5, 4.5, 2.875, 6], "texture": "#0"},
				"east": {"uv": [3, 4.5, 3.375, 6], "texture": "#0"},
				"south": {"uv": [4.5, 3.5, 4.875, 5], "texture": "#0"},
				"west": {"uv": [5, 0, 5.375, 1.5], "texture": "#0"},
				"up": {"uv": [9.375, 9.375, 9, 9], "texture": "#0"},
				"down": {"uv": [9.875, 0, 9.5, 0.375], "texture": "#0"}
			}
		},
		{
			"from": [8.05, 15, 8],
			"to": [8.85, 21, 8.8],
			"rotation": {"angle": -22.5, "axis": "x", "origin": [7, 17, 8]},
			"faces": {
				"north": {"uv": [1.5, 0, 1.875, 3], "texture": "#0"},
				"east": {"uv": [2, 0, 2.375, 3], "texture": "#0"},
				"south": {"uv": [2.5, 0, 2.875, 3], "texture": "#0"},
				"west": {"uv": [0, 3, 0.375, 6], "texture": "#0"},
				"up": {"uv": [9.875, 0.875, 9.5, 0.5], "texture": "#0"},
				"down": {"uv": [9.875, 1, 9.5, 1.375], "texture": "#0"}
			}
		},
		{
			"from": [8.05, 20.9218, 6.39315],
			"to": [8.85, 22.9218, 7.19315],
			"rotation": {"angle": -45, "axis": "x", "origin": [7, 21, 7]},
			"faces": {
				"north": {"uv": [1.5, 0, 1.875, 3], "texture": "#0"},
				"east": {"uv": [2, 0, 2.375, 3], "texture": "#0"},
				"south": {"uv": [2.5, 0, 2.875, 3], "texture": "#0"},
				"west": {"uv": [0, 3, 0.375, 6], "texture": "#0"},
				"up": {"uv": [9.875, 0.875, 9.5, 0.5], "texture": "#0"},
				"down": {"uv": [9.875, 1, 9.5, 1.375], "texture": "#0"}
			}
		},
		{
			"from": [8.05, 21.9218, 5.39315],
			"to": [8.85, 23.9218, 6.19315],
			"rotation": {"angle": 0, "axis": "x", "origin": [7, 22, 6]},
			"faces": {
				"north": {"uv": [1.5, 0, 1.875, 3], "texture": "#0"},
				"east": {"uv": [2, 0, 2.375, 3], "texture": "#0"},
				"south": {"uv": [2.5, 0, 2.875, 3], "texture": "#0"},
				"west": {"uv": [0, 3, 0.375, 6], "texture": "#0"},
				"up": {"uv": [9.875, 0.875, 9.5, 0.5], "texture": "#0"},
				"down": {"uv": [9.875, 1, 9.5, 1.375], "texture": "#0"}
			}
		},
		{
			"from": [8.05, 23.9218, 5.39315],
			"to": [8.85, 25.9218, 6.19315],
			"rotation": {"angle": 22.5, "axis": "x", "origin": [7, 24, 6]},
			"faces": {
				"north": {"uv": [1.5, 0, 1.875, 3], "texture": "#0"},
				"east": {"uv": [2, 0, 2.375, 3], "texture": "#0"},
				"south": {"uv": [2.5, 0, 2.875, 3], "texture": "#0"},
				"west": {"uv": [0, 3, 0.375, 6], "texture": "#0"},
				"up": {"uv": [9.875, 0.875, 9.5, 0.5], "texture": "#0"},
				"down": {"uv": [9.875, 1, 9.5, 1.375], "texture": "#0"}
			}
		},
		{
			"from": [8.05, 25.80685, 5.9218],
			"to": [8.85, 26.60685, 8.9218],
			"rotation": {"angle": -22.5, "axis": "x", "origin": [7, 26, 7]},
			"faces": {
				"north": {"uv": [9.875, 1, 9.5, 1.375], "rotation": 180, "texture": "#0"},
				"east": {"uv": [2, 0, 2.375, 3], "rotation": 270, "texture": "#0"},
				"south": {"uv": [9.875, 0.875, 9.5, 0.5], "texture": "#0"},
				"west": {"uv": [0, 3, 0.375, 6], "rotation": 90, "texture": "#0"},
				"up": {"uv": [1.5, 0, 1.875, 3], "rotation": 180, "texture": "#0"},
				"down": {"uv": [2.5, 0, 2.875, 3], "texture": "#0"}
			}
		},
		{
			"from": [8.05, 26.4, 7.9218],
			"to": [8.85, 27.2, 9.9218],
			"rotation": {"angle": 0, "axis": "x", "origin": [7, 26, 9]},
			"faces": {
				"north": {"uv": [9.875, 1, 9.5, 1.375], "rotation": 180, "texture": "#0"},
				"east": {"uv": [2, 0, 2.375, 3], "rotation": 270, "texture": "#0"},
				"south": {"uv": [9.875, 0.875, 9.5, 0.5], "texture": "#0"},
				"west": {"uv": [0, 3, 0.375, 6], "rotation": 90, "texture": "#0"},
				"up": {"uv": [1.5, 0, 1.875, 3], "rotation": 180, "texture": "#0"},
				"down": {"uv": [2.5, 0, 2.875, 3], "texture": "#0"}
			}
		},
		{
			"from": [8.05, 26, 8.9218],
			"to": [8.85, 26.8, 10.9218],
			"rotation": {"angle": 22.5, "axis": "x", "origin": [7, 26, 10]},
			"faces": {
				"north": {"uv": [9.875, 1, 9.5, 1.375], "rotation": 180, "texture": "#0"},
				"east": {"uv": [2, 0, 2.375, 3], "rotation": 270, "texture": "#0"},
				"south": {"uv": [9.875, 0.875, 9.5, 0.5], "texture": "#0"},
				"west": {"uv": [0, 3, 0.375, 6], "rotation": 90, "texture": "#0"},
				"up": {"uv": [1.5, 0, 1.875, 3], "rotation": 180, "texture": "#0"},
				"down": {"uv": [2.5, 0, 2.875, 3], "texture": "#0"}
			}
		},
		{
			"from": [8.05, 24.0782, 11],
			"to": [8.85, 25.0782, 11.8],
			"rotation": {"angle": 0, "axis": "x", "origin": [7, 25, 11]},
			"faces": {
				"north": {"uv": [2.5, 0, 2.875, 3], "rotation": 180, "texture": "#0"},
				"east": {"uv": [2, 0, 2.375, 3], "rotation": 180, "texture": "#0"},
				"south": {"uv": [1.5, 0, 1.875, 3], "rotation": 180, "texture": "#0"},
				"west": {"uv": [0, 3, 0.375, 6], "rotation": 180, "texture": "#0"},
				"up": {"uv": [9.875, 1, 9.5, 1.375], "texture": "#0"},
				"down": {"uv": [9.875, 0.875, 9.5, 0.5], "texture": "#0"}
			}
		},
		{
			"from": [8.05, 23.0782, 9.6],
			"to": [8.85, 24.0782, 11.4],
			"rotation": {"angle": 0, "axis": "x", "origin": [7, 24, 11]},
			"faces": {
				"north": {"uv": [2.5, 0, 2.875, 3], "rotation": 180, "texture": "#0"},
				"east": {"uv": [2, 0, 2.375, 3], "rotation": 180, "texture": "#0"},
				"south": {"uv": [1.5, 0, 1.875, 3], "rotation": 180, "texture": "#0"},
				"west": {"uv": [0, 3, 0.375, 6], "rotation": 180, "texture": "#0"},
				"up": {"uv": [9.875, 1, 9.5, 1.375], "texture": "#0"},
				"down": {"uv": [9.875, 0.875, 9.5, 0.5], "texture": "#0"}
			}
		},
		{
			"from": [8.05, 25.0782, 11],
			"to": [8.85, 26.0782, 11.8],
			"rotation": {"angle": -22.5, "axis": "x", "origin": [7, 25, 11]},
			"faces": {
				"north": {"uv": [2.5, 0, 2.875, 3], "rotation": 180, "texture": "#0"},
				"east": {"uv": [2, 0, 2.375, 3], "rotation": 180, "texture": "#0"},
				"south": {"uv": [1.5, 0, 1.875, 3], "rotation": 180, "texture": "#0"},
				"west": {"uv": [0, 3, 0.375, 6], "rotation": 180, "texture": "#0"},
				"up": {"uv": [9.875, 1, 9.5, 1.375], "texture": "#0"},
				"down": {"uv": [9.875, 0.875, 9.5, 0.5], "texture": "#0"}
			}
		},
		{
			"from": [8.2, 11, 8],
			"to": [8.8, 16, 8.8],
			"rotation": {"angle": 0, "axis": "x", "origin": [7, 15, 8]},
			"faces": {
				"north": {"uv": [1, 3, 1.3125, 5.5], "texture": "#0"},
				"east": {"uv": [3, 0, 3.375, 2.5], "texture": "#0"},
				"south": {"uv": [1.5, 3, 1.8125, 5.5], "texture": "#0"},
				"west": {"uv": [0.5, 3, 0.875, 5.5], "texture": "#0"},
				"up": {"uv": [7.8125, 11.375, 7.5, 11], "texture": "#0"},
				"down": {"uv": [8.3125, 11, 8, 11.375], "texture": "#0"}
			}
		},
		{
			"from": [8.2, 16, 9],
			"to": [8.7, 16.8, 11],
			"rotation": {"angle": -45, "axis": "x", "origin": [7, 16, 8]},
			"faces": {
				"north": {"uv": [9.5, 11, 9.75, 11.375], "texture": "#0"},
				"east": {"uv": [5.5, 2, 6.5, 2.375], "texture": "#0"},
				"south": {"uv": [10, 11, 10.25, 11.375], "texture": "#0"},
				"west": {"uv": [5.5, 2.5, 6.5, 2.875], "texture": "#0"},
				"up": {"uv": [5.75, 6.5, 5.5, 5.5], "texture": "#0"},
				"down": {"uv": [0.25, 6, 0, 7], "texture": "#0"}
			}
		},
		{
			"from": [8.05, 9, 8],
			"to": [8.85, 12, 8.8],
			"rotation": {"angle": -22.5, "axis": "x", "origin": [7, 11, 8]},
			"faces": {
				"north": {"uv": [5, 1.5, 5.375, 3], "texture": "#0"},
				"east": {"uv": [5, 3, 5.375, 4.5], "texture": "#0"},
				"south": {"uv": [4.5, 5, 4.875, 6.5], "texture": "#0"},
				"west": {"uv": [5, 4.5, 5.375, 6], "texture": "#0"},
				"up": {"uv": [1.875, 9.875, 1.5, 9.5], "texture": "#0"},
				"down": {"uv": [9.875, 1.5, 9.5, 1.875], "texture": "#0"}
			}
		},
		{
			"from": [8.2, 6, 8],
			"to": [8.8, 10, 8.8],
			"rotation": {"angle": 22.5, "axis": "x", "origin": [7, 8, 8]},
			"faces": {
				"north": {"uv": [4, 4, 4.3125, 6], "texture": "#0"},
				"east": {"uv": [3, 2.5, 3.375, 4.5], "texture": "#0"},
				"south": {"uv": [4.5, 0, 4.8125, 2], "texture": "#0"},
				"west": {"uv": [3.5, 0, 3.875, 2], "texture": "#0"},
				"up": {"uv": [8.8125, 11.375, 8.5, 11], "texture": "#0"},
				"down": {"uv": [9.3125, 11, 9, 11.375], "texture": "#0"}
			}
		},
		{
			"from": [8.05, 2, 7],
			"to": [8.85, 6, 7.8],
			"rotation": {"angle": 0, "axis": "x", "origin": [7, 4, 7]},
			"faces": {
				"north": {"uv": [3.5, 2, 3.875, 4], "texture": "#0"},
				"east": {"uv": [4, 0, 4.375, 2], "texture": "#0"},
				"south": {"uv": [4, 2, 4.375, 4], "texture": "#0"},
				"west": {"uv": [3.5, 4, 3.875, 6], "texture": "#0"},
				"up": {"uv": [9.875, 2.375, 9.5, 2], "texture": "#0"},
				"down": {"uv": [9.875, 2.5, 9.5, 2.875], "texture": "#0"}
			}
		},
		{
			"from": [8.2, -1, 8.2],
			"to": [8.6, 3, 7.8],
			"rotation": {"angle": -22.5, "axis": "x", "origin": [7, 1, 8]},
			"faces": {
				"north": {"uv": [5.5, 0, 5.6875, 2], "texture": "#0"},
				"east": {"uv": [0.5, 5.5, 0.6875, 7.5], "texture": "#0"},
				"south": {"uv": [1, 5.5, 1.1875, 7.5], "texture": "#0"},
				"west": {"uv": [1.5, 5.5, 1.6875, 7.5], "texture": "#0"},
				"up": {"uv": [11.1875, 10.6875, 11, 10.5], "texture": "#0"},
				"down": {"uv": [11.1875, 11, 11, 11.1875], "texture": "#0"}
			}
		},
		{
			"from": [7.9, 18, 8],
			"to": [9.1, 19, 9],
			"rotation": {"angle": -22.5, "axis": "x", "origin": [8, 17, 8]},
			"faces": {
				"north": {"uv": [5.5, 3, 6.125, 3.5], "texture": "#2"},
				"east": {"uv": [6, 0, 6.5, 0.5], "texture": "#2"},
				"south": {"uv": [5.5, 3, 6.125, 3.5], "texture": "#2"},
				"west": {"uv": [6, 0, 6.5, 0.5], "texture": "#2"},
				"up": {"uv": [6.125, 3.5, 5.5, 3], "texture": "#2"},
				"down": {"uv": [6.125, 3, 5.5, 3.5], "texture": "#2"}
			}
		},
		{
			"from": [7.9, 6, 7],
			"to": [9.1, 7, 8],
			"rotation": {"angle": 22.5, "axis": "x", "origin": [8, 5, 7]},
			"faces": {
				"north": {"uv": [5.5, 3, 6.125, 3.5], "texture": "#2"},
				"east": {"uv": [6, 0, 6.5, 0.5], "texture": "#2"},
				"south": {"uv": [5.5, 3, 6.125, 3.5], "texture": "#2"},
				"west": {"uv": [6, 0, 6.5, 0.5], "texture": "#2"},
				"up": {"uv": [6.125, 3.5, 5.5, 3], "texture": "#2"},
				"down": {"uv": [6.125, 3, 5.5, 3.5], "texture": "#2"}
			}
		},
		{
			"from": [7.9, 14, 8],
			"to": [9.1, 15, 9],
			"rotation": {"angle": 0, "axis": "x", "origin": [8, 13, 8]},
			"faces": {
				"north": {"uv": [5.5, 3.5, 6.125, 4], "texture": "#2"},
				"east": {"uv": [6, 0.5, 6.5, 1], "texture": "#2"},
				"south": {"uv": [5.5, 4, 6.125, 4.5], "texture": "#2"},
				"west": {"uv": [6, 1, 6.5, 1.5], "texture": "#2"},
				"up": {"uv": [6.125, 5, 5.5, 4.5], "texture": "#2"},
				"down": {"uv": [6.125, 5, 5.5, 5.5], "texture": "#2"}
			}
		}
	],
	"display": {
		"thirdperson_righthand": {
			"rotation": [-175.75, 4.85, 170.06],
			"translation": [1.75, -5.75, 1.5],
			"scale": [1, 1.09, 1]
		},
		"thirdperson_lefthand": {
			"rotation": [-176.65, 4.14, 173.22],
			"translation": [0.5, -7.5, 1.5],
			"scale": [1.31, 1.31, 1.31]
		},
		"firstperson_righthand": {
			"rotation": [0, -180, 0],
			"translation": [1.25, -3.25, 0]
		},
		"firstperson_lefthand": {
			"rotation": [0, -180, 0],
			"translation": [2, -3.5, 0]
		},
		"ground": {
			"rotation": [2.27, -71.84, 95.78],
			"translation": [0, -2.5, 3.75]
		},
		"gui": {
			"rotation": [-57.47, 42, 64],
			"translation": [1.75, -3.25, 0],
			"scale": [0.68, 0.68, 0.68]
		},
		"fixed": {
			"rotation": [87.51, 0.52, -94.54],
			"translation": [-10.75, 0.5, 0],
			"scale": [2.52, 2.52, 2.52]
		}
	},
	"groups": [
		{
			"name": "group",
			"origin": [8.5, 24, 8.5],
			"color": 0,
			"children": [0, 1, 2, 3, 4, 5, 6]
		},
		{
			"name": "group",
			"origin": [8.5, 24, 8.5],
			"color": 0,
			"children": [7, 8, 9, 10, 11, 12, 13, 14, 15, 16, 17, 18, 19, 20, 21, 22, 23]
		},
		{
			"name": "group",
			"origin": [8, 13, 8],
			"color": 0,
			"children": [24, 25, 26]
		}
	]
}