{
	"format_version": "1.21.11",
	"credit": "Made with Blockbench",
	"parent": "minecraft:item/generated",
	"texture_size": [64, 64],
	"textures": {
		"0": "minecraft:item/phantomplegado"
	},
	"elements": [
		{
			"name": "armorBody",
			"from": [8, 14, 5.5],
			"to": [9, 26, 6],
			"rotation": {"angle": 0, "axis": "y", "origin": [8, 0, 8]},
			"faces": {
				"north": {"uv": [3, 5.5, 3.25, 8.5], "texture": "#0"},
				"east": {"uv": [3, 5.5, 3, 8.5], "texture": "#0"},
				"south": {"uv": [3.25, 5.5, 3.5, 8.5], "texture": "#0"},
				"west": {"uv": [3.25, 5.5, 3.25, 8.5], "texture": "#0"},
				"up": {"uv": [3.25, 5.5, 3, 5.5], "texture": "#0"},
				"down": {"uv": [3.5, 5.5, 3.25, 5.5], "texture": "#0"}
			}
		},
		{
			"name": "armorBody",
			"from": [12, 10, 4.5],
			"to": [13, 19, 6],
			"rotation": {"angle": 0, "axis": "y", "origin": [8, 0, 8]},
			"faces": {
				"north": {"uv": [6.75, 2.75, 7, 5], "texture": "#0"},
				"east": {"uv": [6.5, 2.75, 6.75, 5], "texture": "#0"},
				"south": {"uv": [7.25, 2.75, 7.5, 5], "texture": "#0"},
				"west": {"uv": [7, 2.75, 7.25, 5], "texture": "#0"},
				"up": {"uv": [7, 2.75, 6.75, 2.5], "texture": "#0"},
				"down": {"uv": [7.25, 2.5, 7, 2.75], "texture": "#0"}
			}
		},
		{
			"name": "armorBody",
			"from": [11, 14, 4.7],
			"to": [12, 20, 6],
			"rotation": {"angle": 0, "axis": "y", "origin": [8, 0, 8]},
			"faces": {
				"north": {"uv": [4.75, 8, 5, 9.5], "texture": "#0"},
				"east": {"uv": [4.5, 8, 4.75, 9.5], "texture": "#0"},
				"south": {"uv": [5.25, 8, 5.5, 9.5], "texture": "#0"},
				"west": {"uv": [5, 8, 5.25, 9.5], "texture": "#0"},
				"up": {"uv": [5, 8, 4.75, 7.75], "texture": "#0"},
				"down": {"uv": [5.25, 7.75, 5, 8], "texture": "#0"}
			}
		},
		{
			"name": "armorBody",
			"from": [11, 13, 5],
			"to": [12, 14, 6],
			"rotation": {"angle": 0, "axis": "y", "origin": [8, 0, 8]},
			"faces": {
				"north": {"uv": [8.75, 3.5, 9, 3.75], "texture": "#0"},
				"east": {"uv": [8.5, 3.5, 8.75, 3.75], "texture": "#0"},
				"south": {"uv": [9.25, 3.5, 9.5, 3.75], "texture": "#0"},
				"west": {"uv": [9, 3.5, 9.25, 3.75], "texture": "#0"},
				"up": {"uv": [9, 3.5, 8.75, 3.25], "texture": "#0"},
				"down": {"uv": [9.25, 3.25, 9, 3.5], "texture": "#0"}
			}
		},
		{
			"name": "armorBody",
			"from": [8, 13, 5.6],
			"to": [9, 14, 6],
			"rotation": {"angle": 0, "axis": "y", "origin": [8, 0, 8]},
			"faces": {
				"north": {"uv": [9, 5.25, 9.25, 5.5], "texture": "#0"},
				"east": {"uv": [9, 5.25, 9, 5.5], "texture": "#0"},
				"south": {"uv": [9.25, 5.25, 9.5, 5.5], "texture": "#0"},
				"west": {"uv": [9.25, 5.25, 9.25, 5.5], "texture": "#0"},
				"up": {"uv": [9.25, 5.25, 9, 5.25], "texture": "#0"},
				"down": {"uv": [9.5, 5.25, 9.25, 5.25], "texture": "#0"}
			}
		},
		{
			"name": "armorBody",
			"from": [8, 12, 5.8],
			"to": [9, 13, 6],
			"rotation": {"angle": 0, "axis": "y", "origin": [8, 0, 8]},
			"faces": {
				"north": {"uv": [9, 5, 9.25, 5.25], "texture": "#0"},
				"east": {"uv": [9, 5, 9, 5.25], "texture": "#0"},
				"south": {"uv": [9.25, 5, 9.5, 5.25], "texture": "#0"},
				"west": {"uv": [9.25, 5, 9.25, 5.25], "texture": "#0"},
				"up": {"uv": [9.25, 5, 9, 5], "texture": "#0"},
				"down": {"uv": [9.5, 5, 9.25, 5], "texture": "#0"}
			}
		},
		{
			"name": "armorBody",
			"from": [11, 12, 5.2],
			"to": [12, 13, 6],
			"rotation": {"angle": 0, "axis": "y", "origin": [8, 0, 8]},
			"faces": {
				"north": {"uv": [8, 2.25, 8.25, 2.5], "texture": "#0"},
				"east": {"uv": [8, 2.25, 8, 2.5], "texture": "#0"},
				"south": {"uv": [8.25, 2.25, 8.5, 2.5], "texture": "#0"},
				"west": {"uv": [8.25, 2.25, 8.25, 2.5], "texture": "#0"},
				"up": {"uv": [8.25, 2.25, 8, 2.25], "texture": "#0"},
				"down": {"uv": [8.5, 2.25, 8.25, 2.25], "texture": "#0"}
			}
		},
		{
			"name": "armorBody",
			"from": [10, 13, 5],
			"to": [11, 14, 6],
			"rotation": {"angle": 0, "axis": "y", "origin": [8, 0, 8]},
			"faces": {
				"north": {"uv": [8.75, 4, 9, 4.25], "texture": "#0"},
				"east": {"uv": [8.5, 4, 8.75, 4.25], "texture": "#0"},
				"south": {"uv": [9.25, 4, 9.5, 4.25], "texture": "#0"},
				"west": {"uv": [9, 4, 9.25, 4.25], "texture": "#0"},
				"up": {"uv": [9, 4, 8.75, 3.75], "texture": "#0"},
				"down": {"uv": [9.25, 3.75, 9, 4], "texture": "#0"}
			}
		},
		{
			"name": "armorBody",
			"from": [10, 12, 5.2],
			"to": [11, 13, 6],
			"rotation": {"angle": 0, "axis": "y", "origin": [8, 0, 8]},
			"faces": {
				"north": {"uv": [3, 8.5, 3.25, 8.75], "texture": "#0"},
				"east": {"uv": [3, 8.5, 3, 8.75], "texture": "#0"},
				"south": {"uv": [3.25, 8.5, 3.5, 8.75], "texture": "#0"},
				"west": {"uv": [3.25, 8.5, 3.25, 8.75], "texture": "#0"},
				"up": {"uv": [3.25, 8.5, 3, 8.5], "texture": "#0"},
				"down": {"uv": [3.5, 8.5, 3.25, 8.5], "texture": "#0"}
			}
		},
		{
			"name": "armorBody",
			"from": [10, 14, 4.7],
			"to": [11, 23, 6],
			"rotation": {"angle": 0, "axis": "y", "origin": [8, 0, 8]},
			"faces": {
				"north": {"uv": [6.25, 0.25, 6.5, 2.5], "texture": "#0"},
				"east": {"uv": [6, 0.25, 6.25, 2.5], "texture": "#0"},
				"south": {"uv": [6.75, 0.25, 7, 2.5], "texture": "#0"},
				"west": {"uv": [6.5, 0.25, 6.75, 2.5], "texture": "#0"},
				"up": {"uv": [6.5, 0.25, 6.25, 0], "texture": "#0"},
				"down": {"uv": [6.75, 0, 6.5, 0.25], "texture": "#0"}
			}
		},
		{
			"name": "armorBody",
			"from": [9, 10, 4.5],
			"to": [10, 24, 6],
			"rotation": {"angle": 0, "axis": "y", "origin": [8, 0, 8]},
			"faces": {
				"north": {"uv": [3.75, 4.25, 4, 7.75], "texture": "#0"},
				"east": {"uv": [3.5, 4.25, 3.75, 7.75], "texture": "#0"},
				"south": {"uv": [4.25, 4.25, 4.5, 7.75], "texture": "#0"},
				"west": {"uv": [4, 4.25, 4.25, 7.75], "texture": "#0"},
				"up": {"uv": [4, 4.25, 3.75, 4], "texture": "#0"},
				"down": {"uv": [4.25, 4, 4, 4.25], "texture": "#0"}
			}
		},
		{
			"name": "armorBody",
			"from": [8, 14, 4],
			"to": [9, 26, 4.5],
			"rotation": {"x": 0, "y": -180, "z": 0, "origin": [8, 25, 5]},
			"faces": {
				"north": {"uv": [5.5, 7, 5.75, 10], "texture": "#0"},
				"east": {"uv": [5.5, 7, 5.5, 10], "texture": "#0"},
				"south": {"uv": [5.75, 7, 6, 10], "texture": "#0"},
				"west": {"uv": [5.75, 7, 5.75, 10], "texture": "#0"},
				"up": {"uv": [5.75, 7, 5.5, 7], "texture": "#0"},
				"down": {"uv": [6, 7, 5.75, 7], "texture": "#0"}
			}
		},
		{
			"name": "armorBody",
			"from": [8, 24, 5],
			"to": [9, 26, 5.5],
			"rotation": {"angle": 0, "axis": "y", "origin": [8, 0, 8]},
			"faces": {
				"north": {"uv": [3, 5.5, 3.25, 6], "texture": "#0"},
				"east": {"uv": [3, 5.5, 3, 6], "texture": "#0"},
				"south": {"uv": [3.25, 5.5, 3.5, 6], "texture": "#0"},
				"west": {"uv": [3.25, 5.5, 3.25, 6], "texture": "#0"},
				"up": {"uv": [3.25, 5.5, 3, 5.5], "texture": "#0"},
				"down": {"uv": [3.5, 5.5, 3.25, 5.5], "texture": "#0"}
			}
		},
		{
			"name": "armorBody",
			"from": [8, 24, 4.5],
			"to": [9, 26, 5],
			"rotation": {"x": 0, "y": -180, "z": 0, "origin": [8, 25, 5]},
			"faces": {
				"north": {"uv": [5.5, 7, 5.75, 7.5], "texture": "#0"},
				"east": {"uv": [5.5, 7, 5.5, 7.5], "texture": "#0"},
				"south": {"uv": [5.75, 7, 6, 7.5], "texture": "#0"},
				"west": {"uv": [5.75, 7, 5.75, 7.5], "texture": "#0"},
				"up": {"uv": [5.75, 7, 5.5, 7], "texture": "#0"},
				"down": {"uv": [6, 7, 5.75, 7], "texture": "#0"}
			}
		},
		{
			"name": "armorBody",
			"from": [28, 10, 4],
			"to": [29, 19, 5.5],
			"rotation": {"x": 0, "y": -180, "z": 0, "origin": [16, 29, 5]},
			"faces": {
				"north": {"uv": [7.25, 5.25, 7.5, 7.5], "texture": "#0"},
				"east": {"uv": [7, 5.25, 7.25, 7.5], "texture": "#0"},
				"south": {"uv": [7.75, 5.25, 8, 7.5], "texture": "#0"},
				"west": {"uv": [7.5, 5.25, 7.75, 7.5], "texture": "#0"},
				"up": {"uv": [7.5, 5.25, 7.25, 5], "texture": "#0"},
				"down": {"uv": [7.75, 5, 7.5, 5.25], "texture": "#0"}
			}
		},
		{
			"name": "armorBody",
			"from": [27, 14, 4],
			"to": [28, 20, 5.3],
			"rotation": {"x": 0, "y": -180, "z": 0, "origin": [16, 29, 5]},
			"faces": {
				"north": {"uv": [8.25, 4.75, 8.5, 6.25], "texture": "#0"},
				"east": {"uv": [8, 4.75, 8.25, 6.25], "texture": "#0"},
				"south": {"uv": [8.75, 4.75, 9, 6.25], "texture": "#0"},
				"west": {"uv": [8.5, 4.75, 8.75, 6.25], "texture": "#0"},
				"up": {"uv": [8.5, 4.75, 8.25, 4.5], "texture": "#0"},
				"down": {"uv": [8.75, 4.5, 8.5, 4.75], "texture": "#0"}
			}
		},
		{
			"name": "armorBody",
			"from": [27, 13, 4],
			"to": [28, 14, 5],
			"rotation": {"x": 0, "y": -180, "z": 0, "origin": [16, 29, 5]},
			"faces": {
				"north": {"uv": [9.25, 4.5, 9.5, 4.75], "texture": "#0"},
				"east": {"uv": [9, 4.5, 9.25, 4.75], "texture": "#0"},
				"south": {"uv": [9.75, 4.5, 10, 4.75], "texture": "#0"},
				"west": {"uv": [9.5, 4.5, 9.75, 4.75], "texture": "#0"},
				"up": {"uv": [9.5, 4.5, 9.25, 4.25], "texture": "#0"},
				"down": {"uv": [9.75, 4.25, 9.5, 4.5], "texture": "#0"}
			}
		},
		{
			"name": "armorBody",
			"from": [8, 13, 4],
			"to": [9, 14, 4.4],
			"rotation": {"x": 0, "y": -180, "z": 0, "origin": [8, 25, 5]},
			"faces": {
				"north": {"uv": [9, 7.5, 9.25, 7.75], "texture": "#0"},
				"east": {"uv": [9, 7.5, 9, 7.75], "texture": "#0"},
				"south": {"uv": [9.25, 7.5, 9.5, 7.75], "texture": "#0"},
				"west": {"uv": [9.25, 7.5, 9.25, 7.75], "texture": "#0"},
				"up": {"uv": [9.25, 7.5, 9, 7.5], "texture": "#0"},
				"down": {"uv": [9.5, 7.5, 9.25, 7.5], "texture": "#0"}
			}
		},
		{
			"name": "armorBody",
			"from": [8, 12, 4],
			"to": [9, 13, 4.2],
			"rotation": {"x": 0, "y": -180, "z": 0, "origin": [8, 25, 5]},
			"faces": {
				"north": {"uv": [9, 7.25, 9.25, 7.5], "texture": "#0"},
				"east": {"uv": [9, 7.25, 9, 7.5], "texture": "#0"},
				"south": {"uv": [9.25, 7.25, 9.5, 7.5], "texture": "#0"},
				"west": {"uv": [9.25, 7.25, 9.25, 7.5], "texture": "#0"},
				"up": {"uv": [9.25, 7.25, 9, 7.25], "texture": "#0"},
				"down": {"uv": [9.5, 7.25, 9.25, 7.25], "texture": "#0"}
			}
		},
		{
			"name": "armorBody",
			"from": [7.5, 5, 2.2],
			"to": [8.5, 24, 3.2],
			"rotation": {"x": -180, "y": 0, "z": 180, "origin": [8, 13, 4]},
			"faces": {
				"north": {"uv": [6.75, 8.25, 7, 13], "texture": "#0"},
				"east": {"uv": [6.5, 8.25, 6.75, 13], "texture": "#0"},
				"south": {"uv": [7.25, 8.25, 7.5, 13], "texture": "#0"},
				"west": {"uv": [7, 8.25, 7.25, 13], "texture": "#0"},
				"up": {"uv": [7, 8.25, 6.75, 8], "texture": "#0"},
				"down": {"uv": [7.25, 8, 7, 8.25], "texture": "#0"}
			}
		},
		{
			"name": "armorBody",
			"from": [27, 12, 4],
			"to": [28, 13, 4.8],
			"rotation": {"x": 0, "y": -180, "z": 0, "origin": [16, 29, 5]},
			"faces": {
				"north": {"uv": [9, 6.25, 9.25, 6.5], "texture": "#0"},
				"east": {"uv": [9, 6.25, 9, 6.5], "texture": "#0"},
				"south": {"uv": [9.25, 6.25, 9.5, 6.5], "texture": "#0"},
				"west": {"uv": [9.25, 6.25, 9.25, 6.5], "texture": "#0"},
				"up": {"uv": [9.25, 6.25, 9, 6.25], "texture": "#0"},
				"down": {"uv": [9.5, 6.25, 9.25, 6.25], "texture": "#0"}
			}
		},
		{
			"name": "armorBody",
			"from": [16, 13, 4],
			"to": [17, 14, 5],
			"rotation": {"x": 0, "y": -180, "z": 0, "origin": [11, 26, 5]},
			"faces": {
				"north": {"uv": [9.25, 1.25, 9.5, 1.5], "texture": "#0"},
				"east": {"uv": [9, 1.25, 9.25, 1.5], "texture": "#0"},
				"south": {"uv": [9.75, 1.25, 10, 1.5], "texture": "#0"},
				"west": {"uv": [9.5, 1.25, 9.75, 1.5], "texture": "#0"},
				"up": {"uv": [9.5, 1.25, 9.25, 1], "texture": "#0"},
				"down": {"uv": [9.75, 1, 9.5, 1.25], "texture": "#0"}
			}
		},
		{
			"name": "armorBody",
			"from": [16, 12, 4],
			"to": [17, 13, 4.8],
			"rotation": {"x": 0, "y": -180, "z": 0, "origin": [11, 26, 5]},
			"faces": {
				"north": {"uv": [9, 6, 9.25, 6.25], "texture": "#0"},
				"east": {"uv": [9, 6, 9, 6.25], "texture": "#0"},
				"south": {"uv": [9.25, 6, 9.5, 6.25], "texture": "#0"},
				"west": {"uv": [9.25, 6, 9.25, 6.25], "texture": "#0"},
				"up": {"uv": [9.25, 6, 9, 6], "texture": "#0"},
				"down": {"uv": [9.5, 6, 9.25, 6], "texture": "#0"}
			}
		},
		{
			"name": "armorBody",
			"from": [16, 14, 4],
			"to": [17, 23, 5.3],
			"rotation": {"x": 0, "y": -180, "z": 0, "origin": [11, 26, 5]},
			"faces": {
				"north": {"uv": [7.25, 0.25, 7.5, 2.5], "texture": "#0"},
				"east": {"uv": [7, 0.25, 7.25, 2.5], "texture": "#0"},
				"south": {"uv": [7.75, 0.25, 8, 2.5], "texture": "#0"},
				"west": {"uv": [7.5, 0.25, 7.75, 2.5], "texture": "#0"},
				"up": {"uv": [7.5, 0.25, 7.25, 0], "texture": "#0"},
				"down": {"uv": [7.75, 0, 7.5, 0.25], "texture": "#0"}
			}
		},
		{
			"name": "armorBody",
			"from": [15, 10, 4],
			"to": [16, 24, 5.5],
			"rotation": {"x": 0, "y": -180, "z": 0, "origin": [11, 26, 5]},
			"faces": {
				"north": {"uv": [4.75, 4.25, 5, 7.75], "texture": "#0"},
				"east": {"uv": [4.5, 4.25, 4.75, 7.75], "texture": "#0"},
				"south": {"uv": [5.25, 4.25, 5.5, 7.75], "texture": "#0"},
				"west": {"uv": [5, 4.25, 5.25, 7.75], "texture": "#0"},
				"up": {"uv": [5, 4.25, 4.75, 4], "texture": "#0"},
				"down": {"uv": [5.25, 4, 5, 4.25], "texture": "#0"}
			}
		},
		{
			"name": "armorBody",
			"from": [5.5, 24, 3],
			"to": [10.5, 28, 5],
			"rotation": {"angle": 0, "axis": "y", "origin": [8, 0, 8]},
			"faces": {
				"north": {"uv": [0.5, 4.5, 1.75, 5.5], "texture": "#0"},
				"east": {"uv": [0, 4.5, 0.5, 5.5], "texture": "#0"},
				"south": {"uv": [2.25, 4.5, 3.5, 5.5], "texture": "#0"},
				"west": {"uv": [1.75, 4.5, 2.25, 5.5], "texture": "#0"},
				"up": {"uv": [1.75, 4.5, 0.5, 4], "texture": "#0"},
				"down": {"uv": [3, 4, 1.75, 4.5], "texture": "#0"}
			}
		}
	],
	"display": {
		"thirdperson_righthand": {
			"rotation": [90, -180, 0],
			"translation": [-6.5, -2.25, -4]
		},
		"firstperson_righthand": {
			"translation": [0, -8.25, 4.25],
			"scale": [0.69, 0.69, 0.69]
		},
		"firstperson_lefthand": {
			"translation": [0, -7.75, 4.5],
			"scale": [0.67, 0.67, 0.67]
		},
		"ground": {
			"rotation": [90, 0, 0]
		},
		"gui": {
			"translation": [0, -8, 0],
			"scale": [0.78, 0.78, 0.78]
		},
		"fixed": {
			"translation": [0, -17.25, 3.5],
			"scale": [1.78, 1.78, 1.78]
		},
		"on_shelf": {
			"translation": [0.5, 0.25, 0]
		}
	},
	"groups": [
		{
			"name": "bipedHead",
			"origin": [8, 24, 8],
			"color": 0,
			"children": [
				{
					"name": "armorHead",
					"origin": [8, 24, 8],
					"color": 1,
					"children": []
				}
			]
		},
		{
			"name": "bipedBody",
			"origin": [8, 24, 8],
			"color": 2,
			"children": [
				{
					"name": "armorBody",
					"origin": [8, 26, 8],
					"color": 3,
					"children": [0, 1, 2, 3, 4, 5, 6, 7, 8, 9, 10, 11, 12, 13, 14, 15, 16, 17, 18, 19, 20, 21, 22, 23, 24, 25]
				}
			]
		},
		{
			"name": "bipedRightArm",
			"origin": [12, 22, 8],
			"color": 4,
			"children": [
				{
					"name": "armorRightArm",
					"origin": [12, 22, 8],
					"color": 5,
					"children": []
				}
			]
		},
		{
			"name": "bipedLeftArm",
			"origin": [4, 22, 8],
			"color": 6,
			"children": [
				{
					"name": "armorLeftArm",
					"origin": [4, 22, 8],
					"color": 7,
					"children": []
				}
			]
		},
		{
			"name": "bipedLeftLeg",
			"origin": [6, 12, 8],
			"color": 8,
			"children": [
				{
					"name": "armorLeftLeg",
					"origin": [6, 12, 8],
					"color": 9,
					"children": []
				},
				{
					"name": "armorLeftBoot",
					"origin": [6, 12, 8],
					"color": 0,
					"children": []
				}
			]
		},
		{
			"name": "bipedRightLeg",
			"origin": [10, 12, 8],
			"color": 1,
			"children": [
				{
					"name": "armorRightLeg",
					"origin": [10, 12, 8],
					"color": 2,
					"children": []
				},
				{
					"name": "armorRightBoot",
					"origin": [10, 12, 8],
					"color": 3,
					"children": []
				}
			]
		}
	]
}