{
	"format_version": "1.21.11",
	"credit": "Made with Blockbench",
	"texture_size": [64, 64],
	"textures": {
		"0": "item/phantomalas"
	},
	"elements": [
		{
			"name": "body",
			"from": [5.5, 4, 0],
			"to": [10.5, 7, 9],
			"rotation": {"angle": 0, "axis": "y", "origin": [8, 0, 8]},
			"faces": {
				"north": {"uv": [2.25, 4.25, 3.5, 5], "texture": "#0"},
				"east": {"uv": [0, 4.25, 2.25, 5], "texture": "#0"},
				"south": {"uv": [5.75, 4.25, 7, 5], "texture": "#0"},
				"west": {"uv": [3.5, 4.25, 5.75, 5], "texture": "#0"},
				"up": {"uv": [3.5, 4.25, 2.25, 2], "texture": "#0"},
				"down": {"uv": [4.75, 2, 3.5, 4.25], "texture": "#0"}
			}
		},
		{
			"name": "head",
			"from": [4.5, 2.75, -5],
			"to": [11.5, 5.75, 0],
			"rotation": {"angle": 0, "axis": "y", "origin": [8, 0, 8]},
			"faces": {
				"north": {"uv": [1.25, 1.25, 3, 2], "texture": "#0"},
				"east": {"uv": [0, 1.25, 1.25, 2], "texture": "#0"},
				"south": {"uv": [4.25, 1.25, 6, 2], "texture": "#0"},
				"west": {"uv": [3, 1.25, 4.25, 2], "texture": "#0"},
				"up": {"uv": [3, 1.25, 1.25, 0], "texture": "#0"},
				"down": {"uv": [4.75, 0, 3, 1.25], "texture": "#0"}
			}
		},
		{
			"name": "left_wing",
			"from": [-0.5, 5, 0],
			"to": [5.5, 7, 9],
			"rotation": {"angle": 0, "axis": "y", "origin": [8, 0, 8]},
			"faces": {
				"north": {"uv": [8, 5.25, 9.5, 5.75], "texture": "#0"},
				"east": {"uv": [5.75, 5.25, 8, 5.75], "texture": "#0"},
				"south": {"uv": [11.75, 5.25, 13.25, 5.75], "texture": "#0"},
				"west": {"uv": [9.5, 5.25, 11.75, 5.75], "texture": "#0"},
				"up": {"uv": [9.5, 5.25, 8, 3], "texture": "#0"},
				"down": {"uv": [11, 3, 9.5, 5.25], "texture": "#0"}
			}
		},
		{
			"name": "left_wing_tip",
			"from": [-13.5, 6, 0],
			"to": [-0.5, 7, 9],
			"rotation": {"angle": 0, "axis": "y", "origin": [8, 0, 8]},
			"faces": {
				"north": {"uv": [6.25, 8.25, 9.5, 8.5], "texture": "#0"},
				"east": {"uv": [4, 8.25, 6.25, 8.5], "texture": "#0"},
				"south": {"uv": [11.75, 8.25, 15, 8.5], "texture": "#0"},
				"west": {"uv": [9.5, 8.25, 11.75, 8.5], "texture": "#0"},
				"up": {"uv": [9.5, 8.25, 6.25, 6], "texture": "#0"},
				"down": {"uv": [12.75, 6, 9.5, 8.25], "texture": "#0"}
			}
		},
		{
			"name": "right_wing",
			"from": [10.5, 5, 0],
			"to": [16.5, 7, 9],
			"rotation": {"angle": 0, "axis": "y", "origin": [8, 0, 8]},
			"faces": {
				"north": {"uv": [9.5, 5.25, 8, 5.75], "texture": "#0"},
				"east": {"uv": [11.75, 5.25, 9.5, 5.75], "texture": "#0"},
				"south": {"uv": [13.25, 5.25, 11.75, 5.75], "texture": "#0"},
				"west": {"uv": [8, 5.25, 5.75, 5.75], "texture": "#0"},
				"up": {"uv": [8, 5.25, 9.5, 3], "texture": "#0"},
				"down": {"uv": [9.5, 3, 11, 5.25], "texture": "#0"}
			}
		},
		{
			"name": "right_wing_tip",
			"from": [16.5, 6, 0],
			"to": [29.5, 7, 9],
			"rotation": {"angle": 0, "axis": "y", "origin": [8, 0, 8]},
			"faces": {
				"north": {"uv": [9.5, 8.25, 6.25, 8.5], "texture": "#0"},
				"east": {"uv": [11.75, 8.25, 9.5, 8.5], "texture": "#0"},
				"south": {"uv": [15, 8.25, 11.75, 8.5], "texture": "#0"},
				"west": {"uv": [6.25, 8.25, 4, 8.5], "texture": "#0"},
				"up": {"uv": [6.25, 8.25, 9.5, 6], "texture": "#0"},
				"down": {"uv": [9.5, 6, 12.75, 8.25], "texture": "#0"}
			}
		},
		{
			"name": "tail",
			"from": [6.5, 5, 9],
			"to": [9.5, 7, 15],
			"rotation": {"angle": 0, "axis": "y", "origin": [8, 0, 8]},
			"faces": {
				"north": {"uv": [2.25, 6.5, 3, 7], "texture": "#0"},
				"east": {"uv": [0.75, 6.5, 2.25, 7], "texture": "#0"},
				"south": {"uv": [4.5, 6.5, 5.25, 7], "texture": "#0"},
				"west": {"uv": [3, 6.5, 4.5, 7], "texture": "#0"},
				"up": {"uv": [3, 6.5, 2.25, 5], "texture": "#0"},
				"down": {"uv": [3.75, 5, 3, 6.5], "texture": "#0"}
			}
		},
		{
			"name": "tail2",
			"from": [7.5, 5.5, 15],
			"to": [8.5, 6.5, 21],
			"rotation": {"angle": 0, "axis": "y", "origin": [8, 0, 8]},
			"faces": {
				"north": {"uv": [2.5, 8.75, 2.75, 9], "texture": "#0"},
				"east": {"uv": [1, 8.75, 2.5, 9], "texture": "#0"},
				"south": {"uv": [4.25, 8.75, 4.5, 9], "texture": "#0"},
				"west": {"uv": [2.75, 8.75, 4.25, 9], "texture": "#0"},
				"up": {"uv": [2.75, 8.75, 2.5, 7.25], "texture": "#0"},
				"down": {"uv": [3, 7.25, 2.75, 8.75], "texture": "#0"}
			}
		}
	],
	"display": {
		"thirdperson_righthand": {
			"rotation": [157, 0, 0],
			"translation": [-6, -9.5, 4.75]
		},
		"gui": {
			"rotation": [97, 0, 0],
			"scale": [0.35, 0.35, 0.35]
		}
	},
	"groups": [
		{
			"name": "bone",
			"origin": [7.5, 5, 8],
			"color": 0,
			"children": [
				{
					"name": "body",
					"origin": [7.5, 5, 8],
					"color": 0,
					"children": [0]
				},
				{
					"name": "head",
					"origin": [7.5, 3.75, 0],
					"color": 0,
					"children": [1]
				},
				{
					"name": "left_wing",
					"origin": [5.5, 7, 0],
					"color": 0,
					"children": [2]
				},
				{
					"name": "left_wing_tip",
					"origin": [-0.5, 7, 0],
					"color": 0,
					"children": [3]
				},
				{
					"name": "right_wing",
					"origin": [10.5, 7, 0],
					"color": 0,
					"children": [4]
				},
				{
					"name": "right_wing_tip",
					"origin": [16.5, 7, 0],
					"color": 0,
					"children": [5]
				},
				{
					"name": "tail",
					"origin": [7.5, 7, 9],
					"color": 0,
					"children": [6]
				},
				{
					"name": "tail2",
					"origin": [7.5, 6.5, 15],
					"color": 0,
					"children": [7]
				}
			]
		}
	]
}