{
	"credit": "Made with Blockbench",
	"parent": "minecraft:item/shield",
	"texture_size": [32, 32],
	"textures": {
		"1": "item/baluartedesylwen"
	},
	"elements": [
		{
			"name": "plate",
			"from": [4, 7, 5],
			"to": [12, 13, 6],
			"rotation": {"angle": 0, "axis": "y", "origin": [8, 0, 8]},
			"faces": {
				"north": {"uv": [0, 0, 4, 3], "texture": "#1"},
				"east": {"uv": [6, 8.5, 6.5, 11.5], "texture": "#1"},
				"south": {"uv": [0, 3, 4, 6], "texture": "#1"},
				"west": {"uv": [6.5, 8.5, 7, 11.5], "texture": "#1"},
				"up": {"uv": [12, 2.5, 8, 2], "texture": "#1"},
				"down": {"uv": [12, 2.5, 8, 3], "texture": "#1"}
			}
		},
		{
			"name": "plate",
			"from": [12, 7, 5],
			"to": [14, 13, 6],
			"rotation": {"angle": -22.5, "axis": "y", "origin": [12, 12, 5]},
			"faces": {
				"north": {"uv": [0, 6, 1, 9], "texture": "#1"},
				"east": {"uv": [7, 8.5, 7.5, 11.5], "texture": "#1"},
				"south": {"uv": [1, 6, 2, 9], "texture": "#1"},
				"west": {"uv": [7.5, 8.5, 8, 11.5], "texture": "#1"},
				"up": {"uv": [11.5, 10, 10.5, 9.5], "texture": "#1"},
				"down": {"uv": [11, 10.5, 10, 11], "texture": "#1"}
			}
		},
		{
			"name": "plate",
			"from": [2, 7, 5],
			"to": [4, 13, 6],
			"rotation": {"angle": 22.5, "axis": "y", "origin": [4, 12, 5]},
			"faces": {
				"north": {"uv": [2, 6, 3, 9], "texture": "#1"},
				"east": {"uv": [0, 9, 0.5, 12], "texture": "#1"},
				"south": {"uv": [3, 6, 4, 9], "texture": "#1"},
				"west": {"uv": [0.5, 9, 1, 12], "texture": "#1"},
				"up": {"uv": [12, 0.5, 11, 0], "texture": "#1"},
				"down": {"uv": [12, 0.5, 11, 1], "texture": "#1"}
			}
		},
		{
			"name": "plate",
			"from": [1, 13, 5],
			"to": [4, 17, 6],
			"rotation": {"angle": 22.5, "axis": "y", "origin": [4, 12, 5]},
			"faces": {
				"north": {"uv": [4, 6, 5.5, 8], "texture": "#1"},
				"east": {"uv": [9, 8, 9.5, 10], "texture": "#1"},
				"south": {"uv": [5.5, 6, 7, 8], "texture": "#1"},
				"west": {"uv": [9.5, 0, 10, 2], "texture": "#1"},
				"up": {"uv": [11.5, 1.5, 10, 1], "texture": "#1"},
				"down": {"uv": [11.5, 1.5, 10, 2], "texture": "#1"}
			}
		},
		{
			"name": "plate",
			"from": [4, 13, 5],
			"to": [12, 17, 6],
			"rotation": {"angle": 0, "axis": "y", "origin": [8, 4, 8]},
			"faces": {
				"north": {"uv": [4, 0, 8, 2], "texture": "#1"},
				"east": {"uv": [1, 9.5, 1.5, 11.5], "texture": "#1"},
				"south": {"uv": [4, 2, 8, 4], "texture": "#1"},
				"west": {"uv": [1.5, 9.5, 2, 11.5], "texture": "#1"},
				"up": {"uv": [12, 3.5, 8, 3], "texture": "#1"},
				"down": {"uv": [12, 3.5, 8, 4], "texture": "#1"}
			}
		},
		{
			"name": "plate",
			"from": [12, 13, 5],
			"to": [15, 17, 6],
			"rotation": {"angle": -22.5, "axis": "y", "origin": [12, 12, 5]},
			"faces": {
				"north": {"uv": [7, 6, 8.5, 8], "texture": "#1"},
				"east": {"uv": [2, 9.5, 2.5, 11.5], "texture": "#1"},
				"south": {"uv": [8, 0, 9.5, 2], "texture": "#1"},
				"west": {"uv": [2.5, 9.5, 3, 11.5], "texture": "#1"},
				"up": {"uv": [11.5, 10.5, 10, 10], "texture": "#1"},
				"down": {"uv": [4.5, 10.5, 3, 11], "texture": "#1"}
			}
		},
		{
			"name": "plate",
			"from": [1, 17, 5],
			"to": [3, 19, 6],
			"rotation": {"angle": 22.5, "axis": "y", "origin": [4, 12, 5]},
			"faces": {
				"north": {"uv": [3, 9.5, 4, 10.5], "texture": "#1"},
				"east": {"uv": [8, 4.5, 8.5, 5.5], "texture": "#1"},
				"south": {"uv": [9.5, 4.5, 10.5, 5.5], "texture": "#1"},
				"west": {"uv": [3, 11, 3.5, 12], "texture": "#1"},
				"up": {"uv": [4.5, 11.5, 3.5, 11], "texture": "#1"},
				"down": {"uv": [5.5, 11, 4.5, 11.5], "texture": "#1"}
			}
		},
		{
			"name": "plate",
			"from": [3, 6, 5],
			"to": [4, 7, 6],
			"rotation": {"angle": 22.5, "axis": "y", "origin": [4, 12, 5]},
			"faces": {
				"north": {"uv": [8, 5.5, 8.5, 6], "texture": "#1"},
				"east": {"uv": [11.5, 5.5, 12, 6], "texture": "#1"},
				"south": {"uv": [6, 11.5, 6.5, 12], "texture": "#1"},
				"west": {"uv": [11.5, 6, 12, 6.5], "texture": "#1"},
				"up": {"uv": [7, 12, 6.5, 11.5], "texture": "#1"},
				"down": {"uv": [12, 6.5, 11.5, 7], "texture": "#1"}
			}
		},
		{
			"name": "plate",
			"from": [4, 5, 5],
			"to": [12, 7, 6],
			"rotation": {"angle": 0, "axis": "y", "origin": [14, -9, 8]},
			"faces": {
				"north": {"uv": [4, 4, 8, 5], "texture": "#1"},
				"east": {"uv": [5.5, 11, 6, 12], "texture": "#1"},
				"south": {"uv": [4, 5, 8, 6], "texture": "#1"},
				"west": {"uv": [10, 11, 10.5, 12], "texture": "#1"},
				"up": {"uv": [8, 8.5, 4, 8], "texture": "#1"},
				"down": {"uv": [12, 4, 8, 4.5], "texture": "#1"}
			}
		},
		{
			"name": "plate",
			"from": [5, 4, 5],
			"to": [11, 5, 6],
			"rotation": {"angle": 0, "axis": "y", "origin": [14, -10, 8]},
			"faces": {
				"north": {"uv": [8.5, 6.5, 11.5, 7], "texture": "#1"},
				"east": {"uv": [7, 11.5, 7.5, 12], "texture": "#1"},
				"south": {"uv": [8.5, 7, 11.5, 7.5], "texture": "#1"},
				"west": {"uv": [11.5, 7, 12, 7.5], "texture": "#1"},
				"up": {"uv": [11.5, 8, 8.5, 7.5], "texture": "#1"},
				"down": {"uv": [4, 9, 1, 9.5], "texture": "#1"}
			}
		},
		{
			"name": "plate",
			"from": [6, 3, 5],
			"to": [10, 4, 6],
			"rotation": {"angle": 0, "axis": "y", "origin": [14, -11, 8]},
			"faces": {
				"north": {"uv": [9.5, 5.5, 11.5, 6], "texture": "#1"},
				"east": {"uv": [7.5, 11.5, 8, 12], "texture": "#1"},
				"south": {"uv": [9.5, 6, 11.5, 6.5], "texture": "#1"},
				"west": {"uv": [11.5, 7.5, 12, 8], "texture": "#1"},
				"up": {"uv": [11.5, 8.5, 9.5, 8], "texture": "#1"},
				"down": {"uv": [11.5, 8.5, 9.5, 9], "texture": "#1"}
			}
		},
		{
			"name": "plate",
			"from": [12, 6, 5],
			"to": [13, 7, 6],
			"rotation": {"angle": -22.5, "axis": "y", "origin": [12, 12, 5]},
			"faces": {
				"north": {"uv": [11.5, 8, 12, 8.5], "texture": "#1"},
				"east": {"uv": [11.5, 8.5, 12, 9], "texture": "#1"},
				"south": {"uv": [11.5, 9.5, 12, 10], "texture": "#1"},
				"west": {"uv": [11.5, 10, 12, 10.5], "texture": "#1"},
				"up": {"uv": [12, 11, 11.5, 10.5], "texture": "#1"},
				"down": {"uv": [11.5, 11.5, 11, 12], "texture": "#1"}
			}
		},
		{
			"name": "plate",
			"from": [13, 17, 5],
			"to": [15, 19, 6],
			"rotation": {"angle": -22.5, "axis": "y", "origin": [12, 12, 5]},
			"faces": {
				"north": {"uv": [9.5, 9, 10.5, 10], "texture": "#1"},
				"east": {"uv": [10.5, 11, 11, 12], "texture": "#1"},
				"south": {"uv": [10, 0, 11, 1], "texture": "#1"},
				"west": {"uv": [11, 10.5, 11.5, 11.5], "texture": "#1"},
				"up": {"uv": [2, 12, 1, 11.5], "texture": "#1"},
				"down": {"uv": [12.5, 1, 11.5, 1.5], "texture": "#1"}
			}
		},
		{
			"name": "plate",
			"from": [11, 17, 5],
			"to": [12, 18, 6],
			"rotation": {"angle": 0, "axis": "y", "origin": [16, 3, 8]},
			"faces": {
				"north": {"uv": [11.5, 11, 12, 11.5], "texture": "#1"},
				"east": {"uv": [11.5, 11.5, 12, 12], "texture": "#1"},
				"south": {"uv": [0, 12, 0.5, 12.5], "texture": "#1"},
				"west": {"uv": [12, 0, 12.5, 0.5], "texture": "#1"},
				"up": {"uv": [1, 12.5, 0.5, 12], "texture": "#1"},
				"down": {"uv": [12.5, 0.5, 12, 1], "texture": "#1"}
			}
		},
		{
			"name": "plate",
			"from": [12, 17, 5],
			"to": [13, 18, 6],
			"rotation": {"angle": -22.5, "axis": "y", "origin": [12, 12, 5]},
			"faces": {
				"north": {"uv": [1, 12, 1.5, 12.5], "texture": "#1"},
				"east": {"uv": [1.5, 12, 2, 12.5], "texture": "#1"},
				"south": {"uv": [2, 12, 2.5, 12.5], "texture": "#1"},
				"west": {"uv": [12, 2, 12.5, 2.5], "texture": "#1"},
				"up": {"uv": [3, 12.5, 2.5, 12], "texture": "#1"},
				"down": {"uv": [12.5, 2.5, 12, 3], "texture": "#1"}
			}
		},
		{
			"name": "plate",
			"from": [4, 17, 5],
			"to": [5, 18, 6],
			"rotation": {"angle": 0, "axis": "y", "origin": [8, 3, 8]},
			"faces": {
				"north": {"uv": [3, 12, 3.5, 12.5], "texture": "#1"},
				"east": {"uv": [12, 3, 12.5, 3.5], "texture": "#1"},
				"south": {"uv": [3.5, 12, 4, 12.5], "texture": "#1"},
				"west": {"uv": [12, 3.5, 12.5, 4], "texture": "#1"},
				"up": {"uv": [4.5, 12.5, 4, 12], "texture": "#1"},
				"down": {"uv": [12.5, 4, 12, 4.5], "texture": "#1"}
			}
		},
		{
			"name": "plate",
			"from": [3, 17, 5],
			"to": [4, 18, 6],
			"rotation": {"angle": 22.5, "axis": "y", "origin": [4, 12, 5]},
			"faces": {
				"north": {"uv": [4.5, 12, 5, 12.5], "texture": "#1"},
				"east": {"uv": [12, 4.5, 12.5, 5], "texture": "#1"},
				"south": {"uv": [5, 12, 5.5, 12.5], "texture": "#1"},
				"west": {"uv": [12, 5, 12.5, 5.5], "texture": "#1"},
				"up": {"uv": [6, 12.5, 5.5, 12], "texture": "#1"},
				"down": {"uv": [12.5, 5.5, 12, 6], "texture": "#1"}
			}
		},
		{
			"name": "plate",
			"from": [6.5, 17, 5],
			"to": [9, 18, 6],
			"rotation": {"angle": 0, "axis": "y", "origin": [13, 3, 8]},
			"faces": {
				"north": {"uv": [4.5, 10.5, 5.75, 11], "texture": "#1"},
				"east": {"uv": [6, 12, 6.5, 12.5], "texture": "#1"},
				"south": {"uv": [10.5, 4.5, 11.75, 5], "texture": "#1"},
				"west": {"uv": [12, 6, 12.5, 6.5], "texture": "#1"},
				"up": {"uv": [11.75, 5.5, 10.5, 5], "texture": "#1"},
				"down": {"uv": [11.75, 9, 10.5, 9.5], "texture": "#1"}
			}
		},
		{
			"name": "plate",
			"from": [7.2, 18, 5],
			"to": [8.2, 19, 6],
			"rotation": {"angle": 0, "axis": "y", "origin": [14, 4, 8]},
			"faces": {
				"north": {"uv": [6.5, 12, 7, 12.5], "texture": "#1"},
				"east": {"uv": [12, 6.5, 12.5, 7], "texture": "#1"},
				"south": {"uv": [7, 12, 7.5, 12.5], "texture": "#1"},
				"west": {"uv": [12, 7, 12.5, 7.5], "texture": "#1"},
				"up": {"uv": [8, 12.5, 7.5, 12], "texture": "#1"},
				"down": {"uv": [12.5, 7.5, 12, 8], "texture": "#1"}
			}
		},
		{
			"name": "handle",
			"from": [9, 9, 6],
			"to": [11, 13, 7],
			"rotation": {"angle": 0, "axis": "y", "origin": [10, 0, 8]},
			"faces": {
				"north": {"uv": [8, 8, 9, 10], "texture": "#1"},
				"east": {"uv": [8, 10, 8.5, 12], "texture": "#1"},
				"south": {"uv": [4, 8.5, 5, 10.5], "texture": "#1"},
				"west": {"uv": [8.5, 10, 9, 12], "texture": "#1"},
				"up": {"uv": [12.5, 2, 11.5, 1.5], "texture": "#1"},
				"down": {"uv": [3, 11.5, 2, 12], "texture": "#1"}
			}
		},
		{
			"name": "handle",
			"from": [5, 9, 6],
			"to": [7, 13, 7],
			"rotation": {"angle": 0, "axis": "y", "origin": [6, 0, 8]},
			"faces": {
				"north": {"uv": [8.5, 4.5, 9.5, 6.5], "texture": "#1"},
				"east": {"uv": [9, 10, 9.5, 12], "texture": "#1"},
				"south": {"uv": [5, 8.5, 6, 10.5], "texture": "#1"},
				"west": {"uv": [9.5, 10, 10, 12], "texture": "#1"},
				"up": {"uv": [4.5, 12, 3.5, 11.5], "texture": "#1"},
				"down": {"uv": [5.5, 11.5, 4.5, 12], "texture": "#1"}
			}
		}
	],
	"display": {
		"thirdperson_righthand": {
			"rotation": [43.37, -13.82, 2.89],
			"translation": [-0.25, -3.25, -1]
		},
		"thirdperson_lefthand": {
			"rotation": [33.08, -35.99, -1.19],
			"translation": [0, -4.5, -0.25]
		},
		"firstperson_righthand": {
			"rotation": [1, 3, 0],
			"translation": [-0.5, -10, 0.75],
			"scale": [1.58, 1.58, 1.58]
		},
		"firstperson_lefthand": {
			"translation": [-0.5, -9.75, 0.75],
			"scale": [1.58, 1.58, 1.58]
		},
		"ground": {
			"scale": [0.5, 0.5, 0.5]
		},
		"gui": {
			"rotation": [-155.58, 42.54, 179.38],
			"translation": [1.5, -1.75, 0],
			"scale": [0.81, 0.81, 0.81]
		},
		"head": {
			"translation": [0, 0, -4.5]
		},
		"fixed": {
			"translation": [0, -6.5, 3],
			"scale": [1.96, 1.96, 1.96]
		}
	},
	"groups": [
		{
			"name": "plate",
			"origin": [8, 11, 7],
			"color": 0,
			"children": [0, 1, 2, 3, 4, 5, 6, 7, 8, 9, 10, 11, 12, 13, 14, 15, 16, 17, 18, 19, 20]
		}
	]
}