{
	"texture_size": [32, 32],
	"textures": {
		"0": "item/capuchanegraf",
		"particle": "item/capuchanegraf"
	},
	"elements": [
		{
			"from": [0, 3, 2.1],
			"to": [8, 6.3, 2.3],
			"rotation": {"angle": 0, "axis": "y", "origin": [0, 6, 2]},
			"faces": {
				"north": {"uv": [0, 4, 4, 5.625], "texture": "#0"},
				"east": {"uv": [3.5, 9, 3.625, 10.625], "texture": "#0"},
				"south": {"uv": [4, 4, 8, 5.625], "texture": "#0"},
				"west": {"uv": [4, 9, 4.125, 10.625], "texture": "#0"},
				"up": {"uv": [12.5, 0.125, 8.5, 0], "texture": "#0"},
				"down": {"uv": [12.5, 0.5, 8.5, 0.625], "texture": "#0"}
			}
		},
		{
			"from": [0.2, 3, 2.3],
			"to": [7.8, 5.1, 2.6],
			"rotation": {"angle": 0, "axis": "y", "origin": [0, 6, 2]},
			"faces": {
				"north": {"uv": [4.5, 0, 8.25, 1], "texture": "#0"},
				"east": {"uv": [10, 7, 10.125, 8], "texture": "#0"},
				"south": {"uv": [4.5, 1, 8.25, 2], "texture": "#0"},
				"west": {"uv": [10, 8, 10.125, 9], "texture": "#0"},
				"up": {"uv": [12.25, 1.125, 8.5, 1], "texture": "#0"},
				"down": {"uv": [12.25, 1.5, 8.5, 1.625], "texture": "#0"}
			}
		},
		{
			"from": [-0.2, 5, -3.7],
			"to": [0, 6.3, 2.3],
			"rotation": {"angle": 0, "axis": "y", "origin": [0, 6, 2]},
			"faces": {
				"north": {"uv": [9, 10, 9.125, 10.625], "texture": "#0"},
				"east": {"uv": [6, 6.5, 9, 7.125], "texture": "#0"},
				"south": {"uv": [10, 9, 10.125, 9.625], "texture": "#0"},
				"west": {"uv": [0, 7.5, 3, 8.125], "texture": "#0"},
				"up": {"uv": [8.625, 11.5, 8.5, 8.5], "texture": "#0"},
				"down": {"uv": [0.125, 9, 0, 12], "texture": "#0"}
			}
		},
		{
			"from": [-0.4, 3.6, -2.7],
			"to": [-0.2, 5.9, 1.3],
			"rotation": {"angle": 0, "axis": "y", "origin": [0, 6, 4]},
			"faces": {
				"north": {"uv": [9, 7, 9.125, 8.125], "texture": "#0"},
				"east": {"uv": [4.5, 2, 6.5, 3.125], "texture": "#0"},
				"south": {"uv": [9, 8.5, 9.125, 9.625], "texture": "#0"},
				"west": {"uv": [0, 6, 2, 7.125], "texture": "#0"},
				"up": {"uv": [1.625, 11, 1.5, 9], "texture": "#0"},
				"down": {"uv": [2.125, 9, 2, 11], "texture": "#0"}
			}
		},
		{
			"from": [-0.2, 4, -4.7],
			"to": [0, 5, 2.3],
			"rotation": {"angle": 0, "axis": "y", "origin": [0, 4, 2]},
			"faces": {
				"north": {"uv": [10, 3, 10.125, 3.5], "texture": "#0"},
				"east": {"uv": [6.5, 3, 10, 3.5], "texture": "#0"},
				"south": {"uv": [10, 6, 10.125, 6.5], "texture": "#0"},
				"west": {"uv": [8, 4, 11.5, 4.5], "texture": "#0"},
				"up": {"uv": [6.625, 12, 6.5, 8.5], "texture": "#0"},
				"down": {"uv": [7.125, 8.5, 7, 12], "texture": "#0"}
			}
		},
		{
			"from": [-0.2, 3, -5.7],
			"to": [0, 4, 2.3],
			"rotation": {"angle": 0, "axis": "y", "origin": [0, 3, 2]},
			"faces": {
				"north": {"uv": [10.5, 2, 10.625, 2.5], "texture": "#0"},
				"east": {"uv": [4.5, 3.5, 8.5, 4], "texture": "#0"},
				"south": {"uv": [10.5, 2.5, 10.625, 3], "texture": "#0"},
				"west": {"uv": [6, 6, 10, 6.5], "texture": "#0"},
				"up": {"uv": [4.625, 12.5, 4.5, 8.5], "texture": "#0"},
				"down": {"uv": [5.125, 8.5, 5, 12.5], "texture": "#0"}
			}
		},
		{
			"from": [8, 5, -3.7],
			"to": [8.2, 6.3, 2.3],
			"rotation": {"angle": 0, "axis": "y", "origin": [8, 6, 2]},
			"faces": {
				"north": {"uv": [9.5, 10, 9.625, 10.625], "texture": "#0"},
				"east": {"uv": [3, 7.5, 6, 8.125], "texture": "#0"},
				"south": {"uv": [10, 10, 10.125, 10.625], "texture": "#0"},
				"west": {"uv": [6, 7.5, 9, 8.125], "texture": "#0"},
				"up": {"uv": [0.625, 12, 0.5, 9], "texture": "#0"},
				"down": {"uv": [1.125, 9, 1, 12], "texture": "#0"}
			}
		},
		{
			"from": [8.2, 3.6, -2.7],
			"to": [8.4, 5.9, 1.3],
			"rotation": {"angle": 0, "axis": "y", "origin": [8, 6, 4]},
			"faces": {
				"north": {"uv": [9.5, 7, 9.625, 8.125], "texture": "#0"},
				"east": {"uv": [2, 6, 4, 7.125], "texture": "#0"},
				"south": {"uv": [9.5, 8.5, 9.625, 9.625], "texture": "#0"},
				"west": {"uv": [4, 6, 6, 7.125], "texture": "#0"},
				"up": {"uv": [2.625, 11, 2.5, 9], "texture": "#0"},
				"down": {"uv": [3.125, 9, 3, 11], "texture": "#0"}
			}
		},
		{
			"from": [8, 4, -4.7],
			"to": [8.2, 5, 2.3],
			"rotation": {"angle": 0, "axis": "y", "origin": [8, 4, 2]},
			"faces": {
				"north": {"uv": [10.5, 3, 10.625, 3.5], "texture": "#0"},
				"east": {"uv": [8, 4.5, 11.5, 5], "texture": "#0"},
				"south": {"uv": [10.5, 3.5, 10.625, 4], "texture": "#0"},
				"west": {"uv": [8, 5, 11.5, 5.5], "texture": "#0"},
				"up": {"uv": [7.625, 12, 7.5, 8.5], "texture": "#0"},
				"down": {"uv": [8.125, 8.5, 8, 12], "texture": "#0"}
			}
		},
		{
			"from": [8, 3, -5.7],
			"to": [8.2, 4, 2.3],
			"rotation": {"angle": 0, "axis": "y", "origin": [8, 3, 2]},
			"faces": {
				"north": {"uv": [10.5, 6, 10.625, 6.5], "texture": "#0"},
				"east": {"uv": [6.5, 2, 10.5, 2.5], "texture": "#0"},
				"south": {"uv": [10.5, 7, 10.625, 7.5], "texture": "#0"},
				"west": {"uv": [6.5, 2.5, 10.5, 3], "texture": "#0"},
				"up": {"uv": [5.625, 12.5, 5.5, 8.5], "texture": "#0"},
				"down": {"uv": [6.125, 8.5, 6, 12.5], "texture": "#0"}
			}
		},
		{
			"from": [-0.2, 2.8, -1.7],
			"to": [8.2, 3, 2.3],
			"rotation": {"angle": 0, "axis": "y", "origin": [0, 3, -1]},
			"faces": {
				"north": {"uv": [8, 5.5, 12.25, 5.625], "texture": "#0"},
				"east": {"uv": [8.5, 3.5, 10.5, 3.625], "texture": "#0"},
				"south": {"uv": [0, 8.5, 4.25, 8.625], "texture": "#0"},
				"west": {"uv": [9, 6.5, 11, 6.625], "texture": "#0"},
				"up": {"uv": [4.25, 2, 0, 0], "texture": "#0"},
				"down": {"uv": [4.25, 2, 0, 4], "texture": "#0"}
			}
		}
	],
	"overrides": [
		{"predicate": {"custom_model_data": 101}, "model": "minecraft:item/cabezajugadororejas1"},
		{"predicate": {"custom_model_data": 102}, "model": "minecraft:item/cabezajugadororejas2"},
		{"predicate": {"custom_model_data": 103}, "model": "minecraft:item/cabezajugadororejas3"},
		{"predicate": {"custom_model_data": 104}, "model": "minecraft:item/cabezajugadororejas4"},
		{"predicate": {"custom_model_data": 105}, "model": "minecraft:item/cabezaelfosteve"},
		{"predicate": {"custom_model_data": 106}, "model": "minecraft:item/cabezahumanosteve"},
		{"predicate": {"custom_model_data": 107}, "model": "minecraft:item/cabezaorco"},
		{"predicate": {"custom_model_data": 108}, "model": "minecraft:item/cabezaenano"},
		{"predicate": {"custom_model_data": 109}, "model": "minecraft:item/cabezaorcofem"},
		{"predicate": {"custom_model_data": 110}, "model": "minecraft:item/femdiente1"},
		{"predicate": {"custom_model_data": 111}, "model": "minecraft:item/femdiente2"},
		{"predicate": {"custom_model_data": 112}, "model": "minecraft:item/femdiente3"},
		{"predicate": {"custom_model_data": 113}, "model": "minecraft:item/femdiente4"},
		{"predicate": {"custom_model_data": 114}, "model": "minecraft:item/femdiente5"},
		{"predicate": {"custom_model_data": 115}, "model": "minecraft:item/femdiente6"},
		{"predicate": {"custom_model_data": 116}, "model": "minecraft:item/mandiente1"},
		{"predicate": {"custom_model_data": 117}, "model": "minecraft:item/mandiente2"},
		{"predicate": {"custom_model_data": 118}, "model": "minecraft:item/mandiente3"},
		{"predicate": {"custom_model_data": 119}, "model": "minecraft:item/mandiente4"},
		{"predicate": {"custom_model_data": 120}, "model": "minecraft:item/mandiente5"},
		{"predicate": {"custom_model_data": 121}, "model": "minecraft:item/mandiente6"}
	],
	"display": {
		"thirdperson_righthand": {
			"rotation": [90, 0, 0],
			"translation": [2, -7.5, 1.25],
			"scale": [0.72, 0.72, 0.72]
		},
		"thirdperson_lefthand": {
			"translation": [-2, 0, 5.5],
			"scale": [0.57, 0.57, 0.57]
		},
		"firstperson_righthand": {
			"translation": [13.75, 0, 3.25]
		},
		"firstperson_lefthand": {
			"translation": [4, -2.75, 0]
		},
		"ground": {
			"translation": [3.5, 2.5, 9.75]
		},
		"gui": {
			"rotation": [180, -38, 180],
			"translation": [-9.25, 0, 0]
		},
		"head": {
			"translation": [6.5, 2.25, 16.25],
			"scale": [1.67, 1.67, 1.67]
		},
		"fixed": {
			"translation": [6.5, 0, 20.5],
			"scale": [1.43, 1.43, 1.43]
		}
	},
	"groups": [
		{
			"name": "capucha",
			"origin": [8, 8, 8],
			"color": 0,
			"children": [0, 1, 2, 3, 4, 5, 6, 7, 8, 9, 10]
		}
	]
}