{
	"format_version": "1.21.11",
	"credit": "Made with Blockbench",
	"parent": "item/generated",
	"ambientocclusion": false,
	"texture_size": [64, 64],
	"textures": {
		"1": "item/capuchamarron"
	},
	"elements": [
		{
			"from": [0, 3, 2.1],
			"to": [8, 11.1, 2.3],
			"rotation": {"angle": 0, "axis": "y", "origin": [0, 6, 2]},
			"faces": {
				"north": {"uv": [0, 2.25, 2, 4.25], "texture": "#1"},
				"east": {"uv": [8.25, 2, 8.375, 4], "texture": "#1"},
				"south": {"uv": [2, 2.25, 4, 4.25], "texture": "#1"},
				"west": {"uv": [3.25, 8.25, 3.375, 10.25], "texture": "#1"},
				"up": {"uv": [10, 7.375, 8, 7.25], "texture": "#1"},
				"down": {"uv": [5.5, 8.25, 3.5, 8.375], "texture": "#1"}
			}
		},
		{
			"from": [0.2, 3, 2.3],
			"to": [7.8, 10.1, 2.6],
			"rotation": {"angle": 0, "axis": "y", "origin": [0, 6, 2]},
			"faces": {
				"north": {"uv": [2.25, 5.25, 4.125, 7], "texture": "#1"},
				"east": {"uv": [3.5, 8.5, 3.625, 10.25], "texture": "#1"},
				"south": {"uv": [4.25, 5.25, 6.125, 7], "texture": "#1"},
				"west": {"uv": [3.75, 8.5, 3.875, 10.25], "texture": "#1"},
				"up": {"uv": [10.375, 2.125, 8.5, 2], "texture": "#1"},
				"down": {"uv": [10.375, 2.25, 8.5, 2.375], "texture": "#1"}
			}
		},
		{
			"from": [0, 8, -6.7],
			"to": [8, 11.1, -6.5],
			"rotation": {"angle": 0, "axis": "y", "origin": [0, 5, -7]},
			"faces": {
				"north": {"uv": [7.75, 1, 9.75, 1.5], "texture": "#1"},
				"east": {"uv": [6, 7, 6.125, 7.5], "texture": "#1"},
				"south": {"uv": [7.75, 1.5, 9.75, 2], "texture": "#1"},
				"west": {"uv": [9, 3.5, 9.125, 4], "texture": "#1"},
				"up": {"uv": [10.25, 4.125, 8.25, 4], "texture": "#1"},
				"down": {"uv": [10.25, 4.25, 8.25, 4.375], "texture": "#1"}
			}
		},
		{
			"from": [5, 7, -6.7],
			"to": [8, 8, -6.5],
			"rotation": {"angle": 0, "axis": "y", "origin": [0, 3, -7]},
			"faces": {
				"north": {"uv": [1.5, 6, 2.25, 6.25], "texture": "#1"},
				"east": {"uv": [9.5, 8, 9.625, 8.25], "texture": "#1"},
				"south": {"uv": [1.5, 6.25, 2.25, 6.5], "texture": "#1"},
				"west": {"uv": [8.25, 9.5, 8.375, 9.75], "texture": "#1"},
				"up": {"uv": [9.5, 8.125, 8.75, 8], "texture": "#1"},
				"down": {"uv": [9.5, 8.25, 8.75, 8.375], "texture": "#1"}
			}
		},
		{
			"from": [6, 6, -6.7],
			"to": [8, 7, -6.5],
			"rotation": {"angle": 0, "axis": "y", "origin": [0, 2, -7]},
			"faces": {
				"north": {"uv": [5.5, 7, 6, 7.25], "texture": "#1"},
				"east": {"uv": [9.5, 8.25, 9.625, 8.5], "texture": "#1"},
				"south": {"uv": [5.5, 7.25, 6, 7.5], "texture": "#1"},
				"west": {"uv": [8.5, 9.5, 8.625, 9.75], "texture": "#1"},
				"up": {"uv": [8.25, 9.125, 7.75, 9], "texture": "#1"},
				"down": {"uv": [9, 9, 8.5, 9.125], "texture": "#1"}
			}
		},
		{
			"from": [7, 5, -6.7],
			"to": [8, 6, -6.5],
			"rotation": {"angle": 0, "axis": "y", "origin": [0, 1, -7]},
			"faces": {
				"north": {"uv": [9, 9, 9.25, 9.25], "texture": "#1"},
				"east": {"uv": [9.5, 8.5, 9.625, 8.75], "texture": "#1"},
				"south": {"uv": [9.25, 3.5, 9.5, 3.75], "texture": "#1"},
				"west": {"uv": [8.75, 9.5, 8.875, 9.75], "texture": "#1"},
				"up": {"uv": [9.75, 8.875, 9.5, 8.75], "texture": "#1"},
				"down": {"uv": [9.75, 9, 9.5, 9.125], "texture": "#1"}
			}
		},
		{
			"from": [0, 7, -6.7],
			"to": [3, 8, -6.5],
			"rotation": {"angle": 0, "axis": "y", "origin": [-5, 3, -7]},
			"faces": {
				"north": {"uv": [1.5, 6.5, 2.25, 6.75], "texture": "#1"},
				"east": {"uv": [9.25, 9.5, 9.375, 9.75], "texture": "#1"},
				"south": {"uv": [1.5, 6.75, 2.25, 7], "texture": "#1"},
				"west": {"uv": [9.5, 9.25, 9.625, 9.5], "texture": "#1"},
				"up": {"uv": [9.5, 8.625, 8.75, 8.5], "texture": "#1"},
				"down": {"uv": [9.5, 8.75, 8.75, 8.875], "texture": "#1"}
			}
		},
		{
			"from": [0, 6, -6.7],
			"to": [2, 7, -6.5],
			"rotation": {"angle": 0, "axis": "y", "origin": [-6, 2, -7]},
			"faces": {
				"north": {"uv": [8.5, 3.5, 9, 3.75], "texture": "#1"},
				"east": {"uv": [9.5, 9.5, 9.625, 9.75], "texture": "#1"},
				"south": {"uv": [8.5, 3.75, 9, 4], "texture": "#1"},
				"west": {"uv": [9.75, 1, 9.875, 1.25], "texture": "#1"},
				"up": {"uv": [9.75, 3.875, 9.25, 3.75], "texture": "#1"},
				"down": {"uv": [8.25, 9.25, 7.75, 9.375], "texture": "#1"}
			}
		},
		{
			"from": [0, 5, -6.7],
			"to": [1, 6, -6.5],
			"rotation": {"angle": 0, "axis": "y", "origin": [-7, 1, -7]},
			"faces": {
				"north": {"uv": [8.5, 9.25, 8.75, 9.5], "texture": "#1"},
				"east": {"uv": [9.75, 1.25, 9.875, 1.5], "texture": "#1"},
				"south": {"uv": [8.75, 9.25, 9, 9.5], "texture": "#1"},
				"west": {"uv": [9.75, 1.5, 9.875, 1.75], "texture": "#1"},
				"up": {"uv": [10, 1.875, 9.75, 1.75], "texture": "#1"},
				"down": {"uv": [10, 3.75, 9.75, 3.875], "texture": "#1"}
			}
		},
		{
			"from": [-0.2, 5, -6.7],
			"to": [0, 11.3, 2.3],
			"rotation": {"angle": 0, "axis": "y", "origin": [0, 6, 2]},
			"faces": {
				"north": {"uv": [5, 8.5, 5.125, 10.125], "texture": "#1"},
				"east": {"uv": [4, 0, 6.25, 1.625], "texture": "#1"},
				"south": {"uv": [5.25, 8.5, 5.375, 10.125], "texture": "#1"},
				"west": {"uv": [4, 1.75, 6.25, 3.375], "texture": "#1"},
				"up": {"uv": [0.625, 10.25, 0.5, 8], "texture": "#1"},
				"down": {"uv": [0.875, 8, 0.75, 10.25], "texture": "#1"}
			}
		},
		{
			"from": [-0.4, 6, -6.7],
			"to": [-0.2, 11.3, -4.7],
			"rotation": {"angle": 0, "axis": "y", "origin": [0, 6, 2]},
			"faces": {
				"north": {"uv": [7, 8.5, 7.125, 9.875], "texture": "#1"},
				"east": {"uv": [7.75, 2, 8.25, 3.375], "texture": "#1"},
				"south": {"uv": [7.25, 8.5, 7.375, 9.875], "texture": "#1"},
				"west": {"uv": [7.75, 3.5, 8.25, 4.875], "texture": "#1"},
				"up": {"uv": [9.125, 9.75, 9, 9.25], "texture": "#1"},
				"down": {"uv": [9.375, 9, 9.25, 9.5], "texture": "#1"}
			}
		},
		{
			"from": [-0.4, 3.6, -4.7],
			"to": [-0.2, 10.9, 1.3],
			"rotation": {"angle": 0, "axis": "y", "origin": [0, 6, 4]},
			"faces": {
				"north": {"uv": [2.25, 8.5, 2.375, 10.375], "texture": "#1"},
				"east": {"uv": [0, 6, 1.5, 7.875], "texture": "#1"},
				"south": {"uv": [2.5, 8.5, 2.625, 10.375], "texture": "#1"},
				"west": {"uv": [6.25, 0, 7.75, 1.875], "texture": "#1"},
				"up": {"uv": [6.125, 10, 6, 8.5], "texture": "#1"},
				"down": {"uv": [6.375, 8.5, 6.25, 10], "texture": "#1"}
			}
		},
		{
			"from": [-0.2, 4, -5.7],
			"to": [0, 5, 2.3],
			"rotation": {"angle": 0, "axis": "y", "origin": [0, 4, 2]},
			"faces": {
				"north": {"uv": [9.75, 5, 9.875, 5.25], "texture": "#1"},
				"east": {"uv": [7.75, 5, 9.75, 5.25], "texture": "#1"},
				"south": {"uv": [9.75, 5.25, 9.875, 5.5], "texture": "#1"},
				"west": {"uv": [7.75, 5.25, 9.75, 5.5], "texture": "#1"},
				"up": {"uv": [8.375, 9.5, 8.25, 7.5], "texture": "#1"},
				"down": {"uv": [1.625, 8.5, 1.5, 10.5], "texture": "#1"}
			}
		},
		{
			"from": [-0.2, 3, -4.7],
			"to": [0, 4, 2.3],
			"rotation": {"angle": 0, "axis": "y", "origin": [0, 3, 2]},
			"faces": {
				"north": {"uv": [9.75, 5.5, 9.875, 5.75], "texture": "#1"},
				"east": {"uv": [2.25, 4.25, 4, 4.5], "texture": "#1"},
				"south": {"uv": [9.75, 5.75, 9.875, 6], "texture": "#1"},
				"west": {"uv": [2.25, 4.5, 4, 4.75], "texture": "#1"},
				"up": {"uv": [4.125, 10.25, 4, 8.5], "texture": "#1"},
				"down": {"uv": [4.375, 8.5, 4.25, 10.25], "texture": "#1"}
			}
		},
		{
			"from": [8, 5, -6.7],
			"to": [8.2, 11.3, 2.3],
			"rotation": {"angle": 0, "axis": "y", "origin": [8, 6, 2]},
			"faces": {
				"north": {"uv": [5.5, 8.5, 5.625, 10.125], "texture": "#1"},
				"east": {"uv": [4, 3.5, 6.25, 5.125], "texture": "#1"},
				"south": {"uv": [5.75, 8.5, 5.875, 10.125], "texture": "#1"},
				"west": {"uv": [0, 4.25, 2.25, 5.875], "texture": "#1"},
				"up": {"uv": [1.125, 10.25, 1, 8], "texture": "#1"},
				"down": {"uv": [1.375, 8, 1.25, 10.25], "texture": "#1"}
			}
		},
		{
			"from": [8.2, 6, -6.7],
			"to": [8.4, 11.3, -4.7],
			"rotation": {"angle": 0, "axis": "y", "origin": [8, 6, 2]},
			"faces": {
				"north": {"uv": [7.5, 8.5, 7.625, 9.875], "texture": "#1"},
				"east": {"uv": [7.75, 7.5, 8.25, 8.875], "texture": "#1"},
				"south": {"uv": [8.5, 7.5, 8.625, 8.875], "texture": "#1"},
				"west": {"uv": [0, 8, 0.5, 9.375], "texture": "#1"},
				"up": {"uv": [0.125, 10, 0, 9.5], "texture": "#1"},
				"down": {"uv": [0.375, 9.5, 0.25, 10], "texture": "#1"}
			}
		},
		{
			"from": [8.2, 3.6, -4.7],
			"to": [8.4, 10.9, 1.3],
			"rotation": {"angle": 0, "axis": "y", "origin": [8, 6, 4]},
			"faces": {
				"north": {"uv": [2.75, 8.5, 2.875, 10.375], "texture": "#1"},
				"east": {"uv": [6.25, 2, 7.75, 3.875], "texture": "#1"},
				"south": {"uv": [3, 8.5, 3.125, 10.375], "texture": "#1"},
				"west": {"uv": [6.25, 4, 7.75, 5.875], "texture": "#1"},
				"up": {"uv": [6.625, 10, 6.5, 8.5], "texture": "#1"},
				"down": {"uv": [6.875, 8.5, 6.75, 10], "texture": "#1"}
			}
		},
		{
			"from": [8, 4, -5.7],
			"to": [8.2, 5, 2.3],
			"rotation": {"angle": 0, "axis": "y", "origin": [8, 4, 2]},
			"faces": {
				"north": {"uv": [9.75, 7.5, 9.875, 7.75], "texture": "#1"},
				"east": {"uv": [7.75, 5.5, 9.75, 5.75], "texture": "#1"},
				"south": {"uv": [7.75, 9.75, 7.875, 10], "texture": "#1"},
				"west": {"uv": [7.75, 5.75, 9.75, 6], "texture": "#1"},
				"up": {"uv": [1.875, 10.5, 1.75, 8.5], "texture": "#1"},
				"down": {"uv": [2.125, 8.5, 2, 10.5], "texture": "#1"}
			}
		},
		{
			"from": [8, 3, -4.7],
			"to": [8.2, 4, 2.3],
			"rotation": {"angle": 0, "axis": "y", "origin": [8, 3, 2]},
			"faces": {
				"north": {"uv": [9.75, 7.75, 9.875, 8], "texture": "#1"},
				"east": {"uv": [2.25, 4.75, 4, 5], "texture": "#1"},
				"south": {"uv": [8, 9.75, 8.125, 10], "texture": "#1"},
				"west": {"uv": [2.25, 5, 4, 5.25], "texture": "#1"},
				"up": {"uv": [4.625, 10.25, 4.5, 8.5], "texture": "#1"},
				"down": {"uv": [4.875, 8.5, 4.75, 10.25], "texture": "#1"}
			}
		},
		{
			"from": [0, 11.1, -6.7],
			"to": [8, 11.3, 2.3],
			"rotation": {"angle": 0, "axis": "x", "origin": [0, 11, -1]},
			"faces": {
				"north": {"uv": [8.25, 4.5, 10.25, 4.625], "texture": "#1"},
				"east": {"uv": [3.25, 8, 5.5, 8.125], "texture": "#1"},
				"south": {"uv": [8.25, 4.75, 10.25, 4.875], "texture": "#1"},
				"west": {"uv": [8, 6, 10.25, 6.125], "texture": "#1"},
				"up": {"uv": [2, 2.25, 0, 0], "texture": "#1"},
				"down": {"uv": [4, 0, 2, 2.25], "texture": "#1"}
			}
		},
		{
			"from": [-0.4, 11.3, -6.7],
			"to": [8.4, 11.5, -4.7],
			"rotation": {"angle": 0, "axis": "y", "origin": [0, 11, -1]},
			"faces": {
				"north": {"uv": [8, 6.25, 10.25, 6.375], "texture": "#1"},
				"east": {"uv": [9.5, 3.5, 10, 3.625], "texture": "#1"},
				"south": {"uv": [8, 6.5, 10.25, 6.625], "texture": "#1"},
				"west": {"uv": [7.75, 9.5, 8.25, 9.625], "texture": "#1"},
				"up": {"uv": [10, 0.5, 7.75, 0], "texture": "#1"},
				"down": {"uv": [10, 0.5, 7.75, 1], "texture": "#1"}
			}
		},
		{
			"from": [0.4, 11.3, -4.7],
			"to": [7.6, 11.5, 1.3],
			"rotation": {"angle": 0, "axis": "y", "origin": [0, 11, 3]},
			"faces": {
				"north": {"uv": [8.5, 2.5, 10.25, 2.625], "texture": "#1"},
				"east": {"uv": [8.5, 3, 10, 3.125], "texture": "#1"},
				"south": {"uv": [8.5, 2.75, 10.25, 2.875], "texture": "#1"},
				"west": {"uv": [8.5, 3.25, 10, 3.375], "texture": "#1"},
				"up": {"uv": [8, 7.5, 6.25, 6], "texture": "#1"},
				"down": {"uv": [3.25, 7, 1.5, 8.5], "texture": "#1"}
			}
		},
		{
			"from": [-0.2, 2.8, -1.7],
			"to": [8.2, 3, 2.3],
			"rotation": {"angle": 0, "axis": "y", "origin": [0, 3, -1]},
			"faces": {
				"north": {"uv": [8, 6.75, 10.125, 6.875], "texture": "#1"},
				"east": {"uv": [8.75, 7.5, 9.75, 7.625], "texture": "#1"},
				"south": {"uv": [8, 7, 10.125, 7.125], "texture": "#1"},
				"west": {"uv": [8.75, 7.75, 9.75, 7.875], "texture": "#1"},
				"up": {"uv": [5.375, 8, 3.25, 7], "texture": "#1"},
				"down": {"uv": [7.625, 7.5, 5.5, 8.5], "texture": "#1"}
			}
		}
	],
	"overrides": [
		{"predicate": {"custom_model_data": 101}, "model": "minecraft:item/cabezajugadororejas1"},
		{"predicate": {"custom_model_data": 102}, "model": "minecraft:item/cabezajugadororejas2"},
		{"predicate": {"custom_model_data": 103}, "model": "minecraft:item/cabezajugadororejas3"},
		{"predicate": {"custom_model_data": 104}, "model": "minecraft:item/cabezajugadororejas4"},
		{"predicate": {"custom_model_data": 105}, "model": "minecraft:item/cabezaelfosteve"},
		{"predicate": {"custom_model_data": 106}, "model": "minecraft:item/cabezahumanosteve"},
		{"predicate": {"custom_model_data": 107}, "model": "minecraft:item/cabezaorco"},
		{"predicate": {"custom_model_data": 108}, "model": "minecraft:item/cabezaenano"},
		{"predicate": {"custom_model_data": 109}, "model": "minecraft:item/cabezaorcofem"},
		{"predicate": {"custom_model_data": 110}, "model": "minecraft:item/femdiente1"},
		{"predicate": {"custom_model_data": 111}, "model": "minecraft:item/femdiente2"},
		{"predicate": {"custom_model_data": 112}, "model": "minecraft:item/femdiente3"},
		{"predicate": {"custom_model_data": 113}, "model": "minecraft:item/femdiente4"},
		{"predicate": {"custom_model_data": 114}, "model": "minecraft:item/femdiente5"},
		{"predicate": {"custom_model_data": 115}, "model": "minecraft:item/femdiente6"},
		{"predicate": {"custom_model_data": 116}, "model": "minecraft:item/mandiente1"},
		{"predicate": {"custom_model_data": 117}, "model": "minecraft:item/mandiente2"},
		{"predicate": {"custom_model_data": 118}, "model": "minecraft:item/mandiente3"},
		{"predicate": {"custom_model_data": 119}, "model": "minecraft:item/mandiente4"},
		{"predicate": {"custom_model_data": 120}, "model": "minecraft:item/mandiente5"},
		{"predicate": {"custom_model_data": 121}, "model": "minecraft:item/mandiente6"}
	],
	"display": {
		"thirdperson_righthand": {
			"rotation": [90, 0, 0],
			"translation": [2, -7.5, 1.25],
			"scale": [0.72, 0.72, 0.72]
		},
		"thirdperson_lefthand": {
			"translation": [-2, 0, 5.5],
			"scale": [0.57, 0.57, 0.57]
		},
		"firstperson_righthand": {
			"translation": [13.75, 0, 3.25]
		},
		"firstperson_lefthand": {
			"translation": [4, -2.75, 0]
		},
		"ground": {
			"translation": [3.5, 2.5, 9.75]
		},
		"gui": {
			"rotation": [180, -38, 180],
			"translation": [-9.25, 0, 0]
		},
		"head": {
			"translation": [6.5, 2.25, 16.25],
			"scale": [1.67, 1.67, 1.67]
		},
		"fixed": {
			"translation": [6.5, 0, 20.5],
			"scale": [1.43, 1.43, 1.43]
		}
	},
	"groups": [
		{
			"name": "capucha",
			"origin": [8, 8, 8],
			"color": 0,
			"children": [0, 1, 2, 3, 4, 5, 6, 7, 8, 9, 10, 11, 12, 13, 14, 15, 16, 17, 18, 19, 20, 21, 22]
		}
	]
}