{
	"credit": "Made with Blockbench",
	"parent": "eclipseacero",
	"texture_size": [32, 32],
	"textures": {
		"0": "item/eclipse",
		"particle": "item/eclipse"
	},
	"elements": [
		{
			"from": [5, 0, 2],
			"to": [6, 1, 3],
			"rotation": {"angle": 0, "axis": "x", "origin": [6.5, 0.5, -0.5]},
			"faces": {
				"north": {"uv": [10.5, 0.5, 11, 1], "texture": "#0"},
				"east": {"uv": [1, 10.5, 1.5, 11], "texture": "#0"},
				"south": {"uv": [10.5, 1, 11, 1.5], "texture": "#0"},
				"west": {"uv": [1.5, 10.5, 2, 11], "texture": "#0"},
				"up": {"uv": [11, 2, 10.5, 1.5], "texture": "#0"},
				"down": {"uv": [2.5, 10.5, 2, 11], "texture": "#0"}
			}
		},
		{
			"from": [5, 0, -4],
			"to": [6, 1, 1],
			"rotation": {"angle": 0, "axis": "x", "origin": [6.5, 0.5, -0.5]},
			"faces": {
				"north": {"uv": [10.5, 2, 11, 2.5], "texture": "#0"},
				"east": {"uv": [3, 3, 5.5, 3.5], "texture": "#0"},
				"south": {"uv": [2.5, 10.5, 3, 11], "texture": "#0"},
				"west": {"uv": [3, 3.5, 5.5, 4], "texture": "#0"},
				"up": {"uv": [3.5, 6.5, 3, 4], "texture": "#0"},
				"down": {"uv": [4, 4, 3.5, 6.5], "texture": "#0"}
			}
		},
		{
			"from": [4, 0, -5],
			"to": [5, 1, 0],
			"rotation": {"angle": 0, "axis": "x", "origin": [6.5, 0.5, -0.5]},
			"faces": {
				"north": {"uv": [10.5, 2.5, 11, 3], "texture": "#0"},
				"east": {"uv": [4, 4, 6.5, 4.5], "texture": "#0"},
				"south": {"uv": [3, 10.5, 3.5, 11], "texture": "#0"},
				"west": {"uv": [0, 4.5, 2.5, 5], "texture": "#0"},
				"up": {"uv": [5, 2.5, 4.5, 0], "texture": "#0"},
				"down": {"uv": [3, 4.5, 2.5, 7], "texture": "#0"}
			}
		},
		{
			"from": [3, 0, -6],
			"to": [4, 1, -1],
			"rotation": {"angle": 0, "axis": "x", "origin": [6.5, 0.5, -0.5]},
			"faces": {
				"north": {"uv": [10.5, 3, 11, 3.5], "texture": "#0"},
				"east": {"uv": [4.5, 2.5, 7, 3], "texture": "#0"},
				"south": {"uv": [3.5, 10.5, 4, 11], "texture": "#0"},
				"west": {"uv": [4, 4.5, 6.5, 5], "texture": "#0"},
				"up": {"uv": [0.5, 7.5, 0, 5], "texture": "#0"},
				"down": {"uv": [5.5, 0, 5, 2.5], "texture": "#0"}
			}
		},
		{
			"from": [2, 0, -7],
			"to": [3, 1, -2],
			"rotation": {"angle": 0, "axis": "x", "origin": [6.5, 0.5, -0.5]},
			"faces": {
				"north": {"uv": [4, 10.5, 4.5, 11], "texture": "#0"},
				"east": {"uv": [4, 5, 6.5, 5.5], "texture": "#0"},
				"south": {"uv": [4.5, 10.5, 5, 11], "texture": "#0"},
				"west": {"uv": [5.5, 0, 8, 0.5], "texture": "#0"},
				"up": {"uv": [1, 7.5, 0.5, 5], "texture": "#0"},
				"down": {"uv": [1.5, 5, 1, 7.5], "texture": "#0"}
			}
		},
		{
			"from": [1, 0, -8],
			"to": [2, 1, -3],
			"rotation": {"angle": 0, "axis": "x", "origin": [6.5, 0.5, -0.5]},
			"faces": {
				"north": {"uv": [10.5, 4.5, 11, 5], "texture": "#0"},
				"east": {"uv": [5.5, 0.5, 8, 1], "texture": "#0"},
				"south": {"uv": [5, 10.5, 5.5, 11], "texture": "#0"},
				"west": {"uv": [5.5, 1, 8, 1.5], "texture": "#0"},
				"up": {"uv": [2, 7.5, 1.5, 5], "texture": "#0"},
				"down": {"uv": [2.5, 5, 2, 7.5], "texture": "#0"}
			}
		},
		{
			"from": [-2, 0, -9],
			"to": [1, 1, -6],
			"rotation": {"angle": 0, "axis": "x", "origin": [6.5, 0.5, -0.5]},
			"faces": {
				"north": {"uv": [8, 2, 9.5, 2.5], "texture": "#0"},
				"east": {"uv": [1, 8.5, 2.5, 9], "texture": "#0"},
				"south": {"uv": [8.5, 5.5, 10, 6], "texture": "#0"},
				"west": {"uv": [8.5, 6, 10, 6.5], "texture": "#0"},
				"up": {"uv": [1.5, 1.5, 0, 0], "texture": "#0"},
				"down": {"uv": [1.5, 1.5, 0, 3], "texture": "#0"}
			}
		},
		{
			"from": [-2, 0, -10],
			"to": [0, 1, -9],
			"rotation": {"angle": 0, "axis": "x", "origin": [6.5, 0.5, -1.5]},
			"faces": {
				"north": {"uv": [9, 3.5, 10, 4], "texture": "#0"},
				"east": {"uv": [10.5, 5, 11, 5.5], "texture": "#0"},
				"south": {"uv": [9, 4, 10, 4.5], "texture": "#0"},
				"west": {"uv": [5.5, 10.5, 6, 11], "texture": "#0"},
				"up": {"uv": [5.5, 9.5, 4.5, 9], "texture": "#0"},
				"down": {"uv": [10, 4.5, 9, 5], "texture": "#0"}
			}
		},
		{
			"from": [-2, 0, -11],
			"to": [-1, 1, -10],
			"rotation": {"angle": 0, "axis": "x", "origin": [6.5, 0.5, -2.5]},
			"faces": {
				"north": {"uv": [6, 10.5, 6.5, 11], "texture": "#0"},
				"east": {"uv": [6.5, 10.5, 7, 11], "texture": "#0"},
				"south": {"uv": [7, 10.5, 7.5, 11], "texture": "#0"},
				"west": {"uv": [7.5, 10.5, 8, 11], "texture": "#0"},
				"up": {"uv": [8.5, 11, 8, 10.5], "texture": "#0"},
				"down": {"uv": [9, 10.5, 8.5, 11], "texture": "#0"}
			}
		},
		{
			"from": [-1, 0, -6],
			"to": [1, 1, -5],
			"rotation": {"angle": 0, "axis": "x", "origin": [6.5, 0.5, -0.5]},
			"faces": {
				"north": {"uv": [9, 5, 10, 5.5], "texture": "#0"},
				"east": {"uv": [9, 10.5, 9.5, 11], "texture": "#0"},
				"south": {"uv": [5.5, 9, 6.5, 9.5], "texture": "#0"},
				"west": {"uv": [10.5, 9, 11, 9.5], "texture": "#0"},
				"up": {"uv": [7.5, 9.5, 6.5, 9], "texture": "#0"},
				"down": {"uv": [8.5, 9, 7.5, 9.5], "texture": "#0"}
			}
		},
		{
			"from": [0, 0, -5],
			"to": [1, 1, -4],
			"rotation": {"angle": 0, "axis": "x", "origin": [6.5, 0.5, -0.5]},
			"faces": {
				"north": {"uv": [9.5, 10.5, 10, 11], "texture": "#0"},
				"east": {"uv": [10, 10.5, 10.5, 11], "texture": "#0"},
				"south": {"uv": [10.5, 10.5, 11, 11], "texture": "#0"},
				"west": {"uv": [0, 11, 0.5, 11.5], "texture": "#0"},
				"up": {"uv": [1, 11.5, 0.5, 11], "texture": "#0"},
				"down": {"uv": [11.5, 0.5, 11, 1], "texture": "#0"}
			}
		},
		{
			"from": [6, 0, 2],
			"to": [8, 1, 4],
			"rotation": {"angle": 0, "axis": "x", "origin": [6.5, 0.5, -0.5]},
			"faces": {
				"north": {"uv": [8.5, 9, 9.5, 9.5], "texture": "#0"},
				"east": {"uv": [9, 8.5, 10, 9], "texture": "#0"},
				"south": {"uv": [0, 9.5, 1, 10], "texture": "#0"},
				"west": {"uv": [1, 9.5, 2, 10], "texture": "#0"},
				"up": {"uv": [1, 8.5, 0, 7.5], "texture": "#0"},
				"down": {"uv": [2, 7.5, 1, 8.5], "texture": "#0"}
			}
		},
		{
			"from": [9, 0, -2],
			"to": [10, 1, -1],
			"rotation": {"angle": 0, "axis": "x", "origin": [6.5, 0.5, -0.5]},
			"faces": {
				"north": {"uv": [1, 11, 1.5, 11.5], "texture": "#0"},
				"east": {"uv": [11, 1, 11.5, 1.5], "texture": "#0"},
				"south": {"uv": [1.5, 11, 2, 11.5], "texture": "#0"},
				"west": {"uv": [11, 1.5, 11.5, 2], "texture": "#0"},
				"up": {"uv": [2.5, 11.5, 2, 11], "texture": "#0"},
				"down": {"uv": [11.5, 2, 11, 2.5], "texture": "#0"}
			}
		},
		{
			"from": [6, 0, -2],
			"to": [8, 1, -1],
			"rotation": {"angle": 0, "axis": "x", "origin": [6.5, 0.5, -0.5]},
			"faces": {
				"north": {"uv": [2, 9.5, 3, 10], "texture": "#0"},
				"east": {"uv": [2.5, 11, 3, 11.5], "texture": "#0"},
				"south": {"uv": [9.5, 2, 10.5, 2.5], "texture": "#0"},
				"west": {"uv": [11, 2.5, 11.5, 3], "texture": "#0"},
				"up": {"uv": [10.5, 3, 9.5, 2.5], "texture": "#0"},
				"down": {"uv": [4, 9.5, 3, 10], "texture": "#0"}
			}
		},
		{
			"from": [6, 0, -3],
			"to": [7, 1, -2],
			"rotation": {"angle": 0, "axis": "x", "origin": [6.5, 0.5, -0.5]},
			"faces": {
				"north": {"uv": [3, 11, 3.5, 11.5], "texture": "#0"},
				"east": {"uv": [11, 3, 11.5, 3.5], "texture": "#0"},
				"south": {"uv": [3.5, 11, 4, 11.5], "texture": "#0"},
				"west": {"uv": [11, 3.5, 11.5, 4], "texture": "#0"},
				"up": {"uv": [4.5, 11.5, 4, 11], "texture": "#0"},
				"down": {"uv": [11.5, 4, 11, 4.5], "texture": "#0"}
			}
		},
		{
			"from": [9, 0, -1],
			"to": [11, 1, 1],
			"rotation": {"angle": 0, "axis": "x", "origin": [6.5, 0.5, -0.5]},
			"faces": {
				"north": {"uv": [4, 9.5, 5, 10], "texture": "#0"},
				"east": {"uv": [5, 9.5, 6, 10], "texture": "#0"},
				"south": {"uv": [6, 9.5, 7, 10], "texture": "#0"},
				"west": {"uv": [7, 9.5, 8, 10], "texture": "#0"},
				"up": {"uv": [8.5, 7.5, 7.5, 6.5], "texture": "#0"},
				"down": {"uv": [8.5, 7.5, 7.5, 8.5], "texture": "#0"}
			}
		},
		{
			"from": [6, 0, -1],
			"to": [9, 1, 2],
			"rotation": {"angle": 0, "axis": "x", "origin": [6.5, 0.5, -0.5]},
			"faces": {
				"north": {"uv": [8.5, 6.5, 10, 7], "texture": "#0"},
				"east": {"uv": [8.5, 7, 10, 7.5], "texture": "#0"},
				"south": {"uv": [7.5, 8.5, 9, 9], "texture": "#0"},
				"west": {"uv": [8.5, 7.5, 10, 8], "texture": "#0"},
				"up": {"uv": [3, 1.5, 1.5, 0], "texture": "#0"},
				"down": {"uv": [3, 1.5, 1.5, 3], "texture": "#0"}
			}
		},
		{
			"from": [8, 0, 2],
			"to": [9, 1, 3],
			"rotation": {"angle": 0, "axis": "x", "origin": [14.5, 0.5, 7.5]},
			"faces": {
				"north": {"uv": [4.5, 11, 5, 11.5], "texture": "#0"},
				"east": {"uv": [11, 4.5, 11.5, 5], "texture": "#0"},
				"south": {"uv": [5, 11, 5.5, 11.5], "texture": "#0"},
				"west": {"uv": [11, 5, 11.5, 5.5], "texture": "#0"},
				"up": {"uv": [6, 11.5, 5.5, 11], "texture": "#0"},
				"down": {"uv": [11.5, 5.5, 11, 6], "texture": "#0"}
			}
		},
		{
			"from": [9, 0, 1],
			"to": [10, 1, 2],
			"rotation": {"angle": 0, "axis": "x", "origin": [14.5, 0.5, 7.5]},
			"faces": {
				"north": {"uv": [6, 11, 6.5, 11.5], "texture": "#0"},
				"east": {"uv": [11, 6, 11.5, 6.5], "texture": "#0"},
				"south": {"uv": [6.5, 11, 7, 11.5], "texture": "#0"},
				"west": {"uv": [11, 6.5, 11.5, 7], "texture": "#0"},
				"up": {"uv": [7.5, 11.5, 7, 11], "texture": "#0"},
				"down": {"uv": [11.5, 7, 11, 7.5], "texture": "#0"}
			}
		},
		{
			"from": [11, 0, 3],
			"to": [12, 1, 4],
			"rotation": {"angle": 0, "axis": "x", "origin": [14.5, 0.5, 7.5]},
			"faces": {
				"north": {"uv": [7.5, 11, 8, 11.5], "texture": "#0"},
				"east": {"uv": [11, 7.5, 11.5, 8], "texture": "#0"},
				"south": {"uv": [8, 11, 8.5, 11.5], "texture": "#0"},
				"west": {"uv": [11, 8, 11.5, 8.5], "texture": "#0"},
				"up": {"uv": [9, 11.5, 8.5, 11], "texture": "#0"},
				"down": {"uv": [11.5, 8.5, 11, 9], "texture": "#0"}
			}
		},
		{
			"from": [15, 0, 4],
			"to": [16, 1, 5],
			"rotation": {"angle": 0, "axis": "x", "origin": [14.5, 0.5, 7.5]},
			"faces": {
				"north": {"uv": [9, 11, 9.5, 11.5], "texture": "#0"},
				"east": {"uv": [11, 9, 11.5, 9.5], "texture": "#0"},
				"south": {"uv": [9.5, 11, 10, 11.5], "texture": "#0"},
				"west": {"uv": [11, 9.5, 11.5, 10], "texture": "#0"},
				"up": {"uv": [10.5, 11.5, 10, 11], "texture": "#0"},
				"down": {"uv": [11.5, 10, 11, 10.5], "texture": "#0"}
			}
		},
		{
			"from": [10, 0, 4],
			"to": [11, 1, 5],
			"rotation": {"angle": 0, "axis": "x", "origin": [14.5, 0.5, 7.5]},
			"faces": {
				"north": {"uv": [10.5, 11, 11, 11.5], "texture": "#0"},
				"east": {"uv": [11, 10.5, 11.5, 11], "texture": "#0"},
				"south": {"uv": [11, 11, 11.5, 11.5], "texture": "#0"},
				"west": {"uv": [0, 11.5, 0.5, 12], "texture": "#0"},
				"up": {"uv": [12, 0.5, 11.5, 0], "texture": "#0"},
				"down": {"uv": [1, 11.5, 0.5, 12], "texture": "#0"}
			}
		},
		{
			"from": [9, 0, 2],
			"to": [11, 1, 4],
			"rotation": {"angle": 0, "axis": "x", "origin": [14.5, 0.5, 7.5]},
			"faces": {
				"north": {"uv": [8, 9.5, 9, 10], "texture": "#0"},
				"east": {"uv": [9, 9.5, 10, 10], "texture": "#0"},
				"south": {"uv": [9.5, 9, 10.5, 9.5], "texture": "#0"},
				"west": {"uv": [0, 10, 1, 10.5], "texture": "#0"},
				"up": {"uv": [9, 1, 8, 0], "texture": "#0"},
				"down": {"uv": [9, 1, 8, 2], "texture": "#0"}
			}
		},
		{
			"from": [11, 0, 4],
			"to": [13, 1, 5],
			"rotation": {"angle": 0, "axis": "x", "origin": [14.5, 0.5, 7.5]},
			"faces": {
				"north": {"uv": [1, 10, 2, 10.5], "texture": "#0"},
				"east": {"uv": [11.5, 0.5, 12, 1], "texture": "#0"},
				"south": {"uv": [2, 10, 3, 10.5], "texture": "#0"},
				"west": {"uv": [1, 11.5, 1.5, 12], "texture": "#0"},
				"up": {"uv": [4, 10.5, 3, 10], "texture": "#0"},
				"down": {"uv": [11, 3.5, 10, 4], "texture": "#0"}
			}
		},
		{
			"from": [11, 0, 5],
			"to": [12, 1, 6],
			"rotation": {"angle": 0, "axis": "x", "origin": [14.5, 0.5, 7.5]},
			"faces": {
				"north": {"uv": [11.5, 1, 12, 1.5], "texture": "#0"},
				"east": {"uv": [1.5, 11.5, 2, 12], "texture": "#0"},
				"south": {"uv": [11.5, 1.5, 12, 2], "texture": "#0"},
				"west": {"uv": [2, 11.5, 2.5, 12], "texture": "#0"},
				"up": {"uv": [12, 2.5, 11.5, 2], "texture": "#0"},
				"down": {"uv": [3, 11.5, 2.5, 12], "texture": "#0"}
			}
		},
		{
			"from": [15, 0, 6],
			"to": [16, 1, 11],
			"rotation": {"angle": 0, "axis": "x", "origin": [14.5, 0.5, 7.5]},
			"faces": {
				"north": {"uv": [11.5, 2.5, 12, 3], "texture": "#0"},
				"east": {"uv": [5.5, 1.5, 8, 2], "texture": "#0"},
				"south": {"uv": [3, 11.5, 3.5, 12], "texture": "#0"},
				"west": {"uv": [5.5, 2, 8, 2.5], "texture": "#0"},
				"up": {"uv": [4.5, 8, 4, 5.5], "texture": "#0"},
				"down": {"uv": [5, 5.5, 4.5, 8], "texture": "#0"}
			}
		},
		{
			"from": [16, 0, 7],
			"to": [17, 1, 12],
			"rotation": {"angle": 0, "axis": "x", "origin": [14.5, 0.5, 7.5]},
			"faces": {
				"north": {"uv": [11.5, 3, 12, 3.5], "texture": "#0"},
				"east": {"uv": [5.5, 3, 8, 3.5], "texture": "#0"},
				"south": {"uv": [3.5, 11.5, 4, 12], "texture": "#0"},
				"west": {"uv": [5.5, 3.5, 8, 4], "texture": "#0"},
				"up": {"uv": [5.5, 8, 5, 5.5], "texture": "#0"},
				"down": {"uv": [6, 5.5, 5.5, 8], "texture": "#0"}
			}
		},
		{
			"from": [17, 0, 8],
			"to": [18, 1, 13],
			"rotation": {"angle": 0, "axis": "x", "origin": [14.5, 0.5, 7.5]},
			"faces": {
				"north": {"uv": [11.5, 3.5, 12, 4], "texture": "#0"},
				"east": {"uv": [6, 5.5, 8.5, 6], "texture": "#0"},
				"south": {"uv": [4, 11.5, 4.5, 12], "texture": "#0"},
				"west": {"uv": [6, 6, 8.5, 6.5], "texture": "#0"},
				"up": {"uv": [3.5, 9, 3, 6.5], "texture": "#0"},
				"down": {"uv": [4, 6.5, 3.5, 9], "texture": "#0"}
			}
		},
		{
			"from": [18, 0, 9],
			"to": [19, 1, 14],
			"rotation": {"angle": 0, "axis": "x", "origin": [14.5, 0.5, 7.5]},
			"faces": {
				"north": {"uv": [11.5, 4, 12, 4.5], "texture": "#0"},
				"east": {"uv": [6.5, 4, 9, 4.5], "texture": "#0"},
				"south": {"uv": [4.5, 11.5, 5, 12], "texture": "#0"},
				"west": {"uv": [6.5, 4.5, 9, 5], "texture": "#0"},
				"up": {"uv": [6.5, 9, 6, 6.5], "texture": "#0"},
				"down": {"uv": [7, 6.5, 6.5, 9], "texture": "#0"}
			}
		},
		{
			"from": [19, 0, 10],
			"to": [20, 1, 15],
			"rotation": {"angle": 0, "axis": "x", "origin": [14.5, 0.5, 7.5]},
			"faces": {
				"north": {"uv": [11.5, 4.5, 12, 5], "texture": "#0"},
				"east": {"uv": [6.5, 5, 9, 5.5], "texture": "#0"},
				"south": {"uv": [5, 11.5, 5.5, 12], "texture": "#0"},
				"west": {"uv": [7, 2.5, 9.5, 3], "texture": "#0"},
				"up": {"uv": [3, 9.5, 2.5, 7], "texture": "#0"},
				"down": {"uv": [7.5, 6.5, 7, 9], "texture": "#0"}
			}
		},
		{
			"from": [20, 0, 13],
			"to": [23, 1, 16],
			"rotation": {"angle": 0, "axis": "x", "origin": [14.5, 0.5, 7.5]},
			"faces": {
				"north": {"uv": [8.5, 8, 10, 8.5], "texture": "#0"},
				"east": {"uv": [9, 0, 10.5, 0.5], "texture": "#0"},
				"south": {"uv": [9, 0.5, 10.5, 1], "texture": "#0"},
				"west": {"uv": [1, 9, 2.5, 9.5], "texture": "#0"},
				"up": {"uv": [1.5, 4.5, 0, 3], "texture": "#0"},
				"down": {"uv": [4.5, 0, 3, 1.5], "texture": "#0"}
			}
		},
		{
			"from": [23, 0, 14],
			"to": [24, 1, 16],
			"rotation": {"angle": 0, "axis": "x", "origin": [15.5, 0.5, 7.5]},
			"faces": {
				"north": {"uv": [11.5, 5, 12, 5.5], "texture": "#0"},
				"east": {"uv": [4, 10, 5, 10.5], "texture": "#0"},
				"south": {"uv": [5.5, 11.5, 6, 12], "texture": "#0"},
				"west": {"uv": [10, 4, 11, 4.5], "texture": "#0"},
				"up": {"uv": [2.5, 8.5, 2, 7.5], "texture": "#0"},
				"down": {"uv": [10.5, 4.5, 10, 5.5], "texture": "#0"}
			}
		},
		{
			"from": [24, 0, 15],
			"to": [25, 1, 16],
			"rotation": {"angle": 0, "axis": "x", "origin": [16.5, 0.5, 7.5]},
			"faces": {
				"north": {"uv": [11.5, 5.5, 12, 6], "texture": "#0"},
				"east": {"uv": [6, 11.5, 6.5, 12], "texture": "#0"},
				"south": {"uv": [11.5, 6, 12, 6.5], "texture": "#0"},
				"west": {"uv": [6.5, 11.5, 7, 12], "texture": "#0"},
				"up": {"uv": [12, 7, 11.5, 6.5], "texture": "#0"},
				"down": {"uv": [7.5, 11.5, 7, 12], "texture": "#0"}
			}
		},
		{
			"from": [20, 0, 12],
			"to": [22, 1, 13],
			"rotation": {"angle": 0, "axis": "x", "origin": [14.5, 0.5, 7.5]},
			"faces": {
				"north": {"uv": [5, 10, 6, 10.5], "texture": "#0"},
				"east": {"uv": [11.5, 7, 12, 7.5], "texture": "#0"},
				"south": {"uv": [10, 5.5, 11, 6], "texture": "#0"},
				"west": {"uv": [7.5, 11.5, 8, 12], "texture": "#0"},
				"up": {"uv": [7, 10.5, 6, 10], "texture": "#0"},
				"down": {"uv": [11, 6, 10, 6.5], "texture": "#0"}
			}
		},
		{
			"from": [20, 0, 11],
			"to": [21, 1, 12],
			"rotation": {"angle": 0, "axis": "x", "origin": [14.5, 0.5, 7.5]},
			"faces": {
				"north": {"uv": [11.5, 7.5, 12, 8], "texture": "#0"},
				"east": {"uv": [8, 11.5, 8.5, 12], "texture": "#0"},
				"south": {"uv": [11.5, 8, 12, 8.5], "texture": "#0"},
				"west": {"uv": [8.5, 11.5, 9, 12], "texture": "#0"},
				"up": {"uv": [12, 9, 11.5, 8.5], "texture": "#0"},
				"down": {"uv": [9.5, 11.5, 9, 12], "texture": "#0"}
			}
		},
		{
			"from": [13, 0, 3],
			"to": [15, 1, 5],
			"rotation": {"angle": 0, "axis": "x", "origin": [14.5, 0.5, 7.5]},
			"faces": {
				"north": {"uv": [10, 6.5, 11, 7], "texture": "#0"},
				"east": {"uv": [7, 10, 8, 10.5], "texture": "#0"},
				"south": {"uv": [10, 7, 11, 7.5], "texture": "#0"},
				"west": {"uv": [10, 7.5, 11, 8], "texture": "#0"},
				"up": {"uv": [9, 4, 8, 3], "texture": "#0"},
				"down": {"uv": [5, 8, 4, 9], "texture": "#0"}
			}
		},
		{
			"from": [11, 0, 8],
			"to": [12, 1, 9],
			"rotation": {"angle": 0, "axis": "x", "origin": [14.5, 0.5, 7.5]},
			"faces": {
				"north": {"uv": [11.5, 9, 12, 9.5], "texture": "#0"},
				"east": {"uv": [9.5, 11.5, 10, 12], "texture": "#0"},
				"south": {"uv": [11.5, 9.5, 12, 10], "texture": "#0"},
				"west": {"uv": [10, 11.5, 10.5, 12], "texture": "#0"},
				"up": {"uv": [12, 10.5, 11.5, 10], "texture": "#0"},
				"down": {"uv": [11, 11.5, 10.5, 12], "texture": "#0"}
			}
		},
		{
			"from": [13, 0, 8],
			"to": [15, 1, 9],
			"rotation": {"angle": 0, "axis": "x", "origin": [14.5, 0.5, 7.5]},
			"faces": {
				"north": {"uv": [8, 10, 9, 10.5], "texture": "#0"},
				"east": {"uv": [11.5, 10.5, 12, 11], "texture": "#0"},
				"south": {"uv": [10, 8, 11, 8.5], "texture": "#0"},
				"west": {"uv": [11, 11.5, 11.5, 12], "texture": "#0"},
				"up": {"uv": [11, 9, 10, 8.5], "texture": "#0"},
				"down": {"uv": [10, 10, 9, 10.5], "texture": "#0"}
			}
		},
		{
			"from": [14, 0, 9],
			"to": [15, 1, 10],
			"rotation": {"angle": 0, "axis": "x", "origin": [14.5, 0.5, 7.5]},
			"faces": {
				"north": {"uv": [11.5, 11, 12, 11.5], "texture": "#0"},
				"east": {"uv": [11.5, 11.5, 12, 12], "texture": "#0"},
				"south": {"uv": [0, 12, 0.5, 12.5], "texture": "#0"},
				"west": {"uv": [12, 0, 12.5, 0.5], "texture": "#0"},
				"up": {"uv": [1, 12.5, 0.5, 12], "texture": "#0"},
				"down": {"uv": [12.5, 0.5, 12, 1], "texture": "#0"}
			}
		},
		{
			"from": [10, 0, 6],
			"to": [12, 1, 8],
			"rotation": {"angle": 0, "axis": "x", "origin": [14.5, 0.5, 7.5]},
			"faces": {
				"north": {"uv": [10, 9.5, 11, 10], "texture": "#0"},
				"east": {"uv": [10, 10, 11, 10.5], "texture": "#0"},
				"south": {"uv": [0, 10.5, 1, 11], "texture": "#0"},
				"west": {"uv": [10.5, 0, 11.5, 0.5], "texture": "#0"},
				"up": {"uv": [6, 9, 5, 8], "texture": "#0"},
				"down": {"uv": [1, 8.5, 0, 9.5], "texture": "#0"}
			}
		},
		{
			"from": [12, 0, 5],
			"to": [15, 1, 8],
			"rotation": {"angle": 0, "axis": "x", "origin": [14.5, 0.5, 7.5]},
			"faces": {
				"north": {"uv": [9, 1, 10.5, 1.5], "texture": "#0"},
				"east": {"uv": [9, 1.5, 10.5, 2], "texture": "#0"},
				"south": {"uv": [3, 9, 4.5, 9.5], "texture": "#0"},
				"west": {"uv": [9, 3, 10.5, 3.5], "texture": "#0"},
				"up": {"uv": [3, 4.5, 1.5, 3], "texture": "#0"},
				"down": {"uv": [4.5, 1.5, 3, 3], "texture": "#0"}
			}
		}
	],
	"display": {
		"thirdperson_righthand": {
			"rotation": [-134.23, -0.01, -91.73],
			"translation": [7.75, -0.25, -2.25],
			"scale": [0.96, 0.96, 0.96]
		},
		"thirdperson_lefthand": {
			"rotation": [-129, 1, 90],
			"translation": [-7.5, 0, -2.25],
			"scale": [0.96, 0.96, 0.96]
		},
		"firstperson_righthand": {
			"rotation": [89, -1, 107],
			"translation": [-4.25, -6, -2.25]
		},
		"firstperson_lefthand": {
			"rotation": [93, -3, -86],
			"translation": [7, -5.5, 1]
		},
		"ground": {
			"translation": [-1.75, 5.5, 5.25]
		},
		"gui": {
			"rotation": [-75, 1, 35],
			"translation": [-3.5, 3.25, 0],
			"scale": [0.5, 0.5, 0.5]
		},
		"head": {
			"translation": [0, 6.5, 0]
		},
		"fixed": {
			"rotation": [-90.25, 0, 0],
			"translation": [-4.25, 7, -13.5],
			"scale": [1.67, 1.67, 1.67]
		}
	},
	"groups": [
		{
			"name": "group",
			"origin": [8, 0, 8],
			"color": 0,
			"children": [
				0,
				1,
				2,
				3,
				4,
				5,
				6,
				7,
				8,
				9,
				10,
				11,
				12,
				13,
				14,
				15,
				16,
				{
					"name": "group",
					"origin": [8, 0, 8],
					"color": 0,
					"children": []
				},
				17,
				18,
				19,
				20,
				21,
				22,
				23,
				24,
				25,
				26,
				27,
				28,
				29,
				30,
				31,
				32,
				33,
				34,
				35,
				36,
				37,
				38,
				39,
				40
			]
		}
	]
}