{
	"format_version": "1.21.11",
	"credit": "Made with Blockbench",
	"parent": "minecraft:item/shield_blocking",
	"texture_size": [64, 64],
	"textures": {
		"1": "item/escudoacaciacuadrado"
	},
	"elements": [
		{
			"name": "plate",
			"from": [2, 0, 5],
			"to": [14, 22, 6],
			"rotation": {"angle": 0, "axis": "y", "origin": [8, 11, 5.5]},
			"faces": {
				"north": {"uv": [0.25, 0.25, 3.25, 5.75], "texture": "#1"},
				"east": {"uv": [0, 0.25, 0.25, 5.75], "texture": "#1"},
				"south": {"uv": [3.5, 0.25, 6.5, 5.75], "texture": "#1"},
				"west": {"uv": [3.25, 0.25, 3.5, 5.75], "texture": "#1"},
				"up": {"uv": [3.25, 0.25, 0.25, 0], "texture": "#1"},
				"down": {"uv": [6.25, 0, 3.25, 0.25], "texture": "#1"}
			}
		},
		{
			"name": "handle",
			"from": [7, 8, 6],
			"to": [9, 14, 12],
			"rotation": {"angle": 0, "axis": "y", "origin": [8, 0, 8]},
			"faces": {
				"north": {"uv": [8, 1.5, 8.5, 3], "texture": "#1"},
				"east": {"uv": [6.5, 1.5, 8, 3], "texture": "#1"},
				"south": {"uv": [10, 1.5, 10.5, 3], "texture": "#1"},
				"west": {"uv": [8.5, 1.5, 10, 3], "texture": "#1"},
				"up": {"uv": [8.5, 1.5, 8, 0], "texture": "#1"},
				"down": {"uv": [9, 0, 8.5, 1.5], "texture": "#1"}
			}
		}
	],
	"display": {
		"thirdperson_righthand": {
			"rotation": [75, -8, -180],
			"translation": [0.75, 1, 3.25]
		},
		"thirdperson_lefthand": {
			"rotation": [71, -4, 177],
			"translation": [1, 1, 2.75]
		},
		"firstperson_righthand": {
			"translation": [6.25, -13, 2],
			"scale": [1.4, 1.4, 1.4]
		},
		"firstperson_lefthand": {
			"translation": [5.25, -14, 2],
			"scale": [1.4, 1.4, 1.4]
		},
		"ground": {
			"scale": [0.5, 0.5, 0.5]
		},
		"gui": {
			"rotation": [-155.58, 42.54, 179.38],
			"translation": [0.5, -1.25, 0],
			"scale": [0.5, 0.5, 0.5]
		},
		"head": {
			"translation": [0, 0, -4.5]
		},
		"fixed": {
			"translation": [0, -4.25, 3.5],
			"scale": [2.1, 2.1, 2.1]
		},
		"on_shelf": {
			"rotation": [0, -180, 0]
		}
	},
	"groups": [
		{
			"name": "plate",
			"origin": [8, 11, 7],
			"color": 0,
			"children": [0]
		},
		{
			"name": "handle",
			"origin": [8, 11, 7],
			"color": 0,
			"children": [1]
		}
	]
}