{
	"format_version": "1.21.11",
	"credit": "Made with Blockbench",
	"texture_size": [32, 32],
	"textures": {
		"0": "item/planks_birch",
		"1": "item/pergamino",
		"particle": "item/planks_birch"
	},
	"elements": [
		{
			"from": [12, -1.3, 1],
			"to": [22, -0.3, 15],
			"rotation": {"angle": 45, "axis": "z", "origin": [0, -1, 0]},
			"faces": {
				"north": {"uv": [0, 0, 16, 1], "texture": "#0"},
				"east": {"uv": [0, 0, 14, 1], "texture": "#0"},
				"south": {"uv": [0, 0, 16, 1], "texture": "#0"},
				"west": {"uv": [0, 0, 14, 1], "texture": "#0"},
				"up": {"uv": [0, 0, 16, 14], "texture": "#0"},
				"down": {"uv": [0, 0, 16, 14], "texture": "#0"}
			}
		},
		{
			"from": [1.7, -1.3, 1],
			"to": [11, -0.3, 15],
			"rotation": {"angle": 45, "axis": "z", "origin": [0, -1, 0]},
			"faces": {
				"north": {"uv": [0, 0, 16, 1], "texture": "#0"},
				"east": {"uv": [0, 0, 14, 1], "texture": "#0"},
				"south": {"uv": [0, 0, 16, 1], "texture": "#0"},
				"west": {"uv": [0, 0, 14, 1], "texture": "#0"},
				"up": {"uv": [0, 0, 16, 14], "texture": "#0"},
				"down": {"uv": [0, 0, 16, 14], "texture": "#0"}
			}
		},
		{
			"from": [0, 0, 0],
			"to": [16, 0.2, 16],
			"rotation": {"angle": 0, "axis": "z", "origin": [1, 0, 0]},
			"faces": {
				"north": {"uv": [0, 0, 16, 1], "texture": "#0"},
				"east": {"uv": [0, 0, 14, 1], "texture": "#0"},
				"south": {"uv": [0, 0, 16, 1], "texture": "#0"},
				"west": {"uv": [0, 0, 14, 1], "texture": "#0"},
				"up": {"uv": [0, 0, 16, 14], "texture": "#0"},
				"down": {"uv": [0, 0, 16, 14], "texture": "#0"}
			}
		},
		{
			"from": [0, 14.8, 0],
			"to": [16, 15.8, 16],
			"rotation": {"angle": 0, "axis": "z", "origin": [1, 14, 0]},
			"faces": {
				"north": {"uv": [0, 0, 16, 1], "texture": "#0"},
				"east": {"uv": [0, 0, 14, 1], "texture": "#0"},
				"south": {"uv": [0, 0, 16, 1], "texture": "#0"},
				"west": {"uv": [0, 0, 14, 1], "texture": "#0"},
				"up": {"uv": [0, 0, 16, 14], "texture": "#0"},
				"down": {"uv": [0, 0, 16, 14], "texture": "#0"}
			}
		},
		{
			"from": [0, 0.2, 0],
			"to": [0.2, 14.8, 16],
			"rotation": {"angle": 0, "axis": "z", "origin": [1, 1, 0]},
			"faces": {
				"north": {"uv": [0, 0, 16, 1], "rotation": 90, "texture": "#0"},
				"east": {"uv": [0, 0, 16, 14], "rotation": 270, "texture": "#0"},
				"south": {"uv": [0, 0, 16, 1], "rotation": 270, "texture": "#0"},
				"west": {"uv": [0, 0, 16, 14], "rotation": 270, "texture": "#0"},
				"up": {"uv": [0, 0, 14, 1], "rotation": 270, "texture": "#0"},
				"down": {"uv": [0, 0, 14, 1], "rotation": 270, "texture": "#0"}
			}
		},
		{
			"from": [15.8, 0.2, 0],
			"to": [16, 14.8, 16],
			"rotation": {"angle": 0, "axis": "z", "origin": [16, 1, 0]},
			"faces": {
				"north": {"uv": [0, 0, 16, 1], "rotation": 90, "texture": "#0"},
				"east": {"uv": [0, 0, 16, 14], "rotation": 270, "texture": "#0"},
				"south": {"uv": [0, 0, 16, 1], "rotation": 270, "texture": "#0"},
				"west": {"uv": [0, 0, 16, 14], "rotation": 270, "texture": "#0"},
				"up": {"uv": [0, 0, 14, 1], "rotation": 270, "texture": "#0"},
				"down": {"uv": [0, 0, 14, 1], "rotation": 270, "texture": "#0"}
			}
		},
		{
			"from": [15, 1, 1],
			"to": [16, 21.2, 15],
			"rotation": {"angle": 45, "axis": "z", "origin": [16, 0, 0]},
			"faces": {
				"north": {"uv": [0, 0, 16, 1], "rotation": 90, "texture": "#0"},
				"east": {"uv": [0, 0, 16, 14], "rotation": 270, "texture": "#0"},
				"south": {"uv": [0, 0, 16, 1], "rotation": 270, "texture": "#0"},
				"west": {"uv": [0, 0, 16, 14], "rotation": 270, "texture": "#0"},
				"up": {"uv": [0, 0, 14, 1], "rotation": 270, "texture": "#0"},
				"down": {"uv": [0, 0, 14, 1], "rotation": 270, "texture": "#0"}
			}
		},
		{
			"from": [4.2, 0.2, 3],
			"to": [6.2, 2.2, 15],
			"rotation": {"angle": 0, "axis": "y", "origin": [4, 1, 12]},
			"faces": {
				"north": {"uv": [2, 2, 3, 3], "texture": "#1"},
				"east": {"uv": [0, 0, 7, 1], "texture": "#1"},
				"south": {"uv": [2, 3, 3, 4], "texture": "#1"},
				"west": {"uv": [0, 1, 7, 2], "texture": "#1"},
				"up": {"uv": [1, 9, 0, 2], "texture": "#1"},
				"down": {"uv": [2, 2, 1, 9], "texture": "#1"}
			}
		},
		{
			"from": [10.2, 0.2, 2],
			"to": [12.2, 2.2, 14],
			"rotation": {"angle": 0, "axis": "y", "origin": [10, 1, 12]},
			"faces": {
				"north": {"uv": [2, 2, 3, 3], "texture": "#1"},
				"east": {"uv": [0, 0, 7, 1], "texture": "#1"},
				"south": {"uv": [2, 3, 3, 4], "texture": "#1"},
				"west": {"uv": [0, 1, 7, 2], "texture": "#1"},
				"up": {"uv": [1, 9, 0, 2], "texture": "#1"},
				"down": {"uv": [2, 2, 1, 9], "texture": "#1"}
			}
		},
		{
			"from": [8.2, 0.2, 3],
			"to": [10.2, 2.2, 16],
			"rotation": {"angle": 0, "axis": "y", "origin": [8, 1, 12]},
			"faces": {
				"north": {"uv": [2, 2, 3, 3], "texture": "#1"},
				"east": {"uv": [0, 0, 7, 1], "texture": "#1"},
				"south": {"uv": [2, 3, 3, 4], "texture": "#1"},
				"west": {"uv": [0, 1, 7, 2], "texture": "#1"},
				"up": {"uv": [1, 9, 0, 2], "texture": "#1"},
				"down": {"uv": [2, 2, 1, 9], "texture": "#1"}
			}
		},
		{
			"from": [6.2, 0.2, 2],
			"to": [8.2, 2.2, 14],
			"rotation": {"angle": 0, "axis": "y", "origin": [6, 1, 12]},
			"faces": {
				"north": {"uv": [2, 2, 3, 3], "texture": "#1"},
				"east": {"uv": [0, 0, 7, 1], "texture": "#1"},
				"south": {"uv": [2, 3, 3, 4], "texture": "#1"},
				"west": {"uv": [0, 1, 7, 2], "texture": "#1"},
				"up": {"uv": [1, 9, 0, 2], "texture": "#1"},
				"down": {"uv": [2, 2, 1, 9], "texture": "#1"}
			}
		},
		{
			"from": [6.2, 2.2, 4],
			"to": [8.2, 4.2, 16],
			"rotation": {"angle": 0, "axis": "y", "origin": [6, 3, 12]},
			"faces": {
				"north": {"uv": [2, 2, 3, 3], "texture": "#1"},
				"east": {"uv": [0, 0, 7, 1], "texture": "#1"},
				"south": {"uv": [2, 3, 3, 4], "texture": "#1"},
				"west": {"uv": [0, 1, 7, 2], "texture": "#1"},
				"up": {"uv": [1, 9, 0, 2], "texture": "#1"},
				"down": {"uv": [2, 2, 1, 9], "texture": "#1"}
			}
		},
		{
			"from": [8.2, 2.2, 3],
			"to": [10.2, 4.2, 15],
			"rotation": {"angle": 0, "axis": "y", "origin": [8, 3, 12]},
			"faces": {
				"north": {"uv": [2, 2, 3, 3], "texture": "#1"},
				"east": {"uv": [0, 0, 7, 1], "texture": "#1"},
				"south": {"uv": [2, 3, 3, 4], "texture": "#1"},
				"west": {"uv": [0, 1, 7, 2], "texture": "#1"},
				"up": {"uv": [1, 9, 0, 2], "texture": "#1"},
				"down": {"uv": [2, 2, 1, 9], "texture": "#1"}
			}
		},
		{
			"from": [7.2, 8, 2],
			"to": [9.2, 10, 14],
			"rotation": {"angle": 0, "axis": "y", "origin": [7, 8, 12]},
			"faces": {
				"north": {"uv": [2, 2, 3, 3], "texture": "#1"},
				"east": {"uv": [0, 0, 7, 1], "texture": "#1"},
				"south": {"uv": [2, 3, 3, 4], "texture": "#1"},
				"west": {"uv": [0, 1, 7, 2], "texture": "#1"},
				"up": {"uv": [1, 9, 0, 2], "texture": "#1"},
				"down": {"uv": [2, 2, 1, 9], "texture": "#1"}
			}
		},
		{
			"from": [0.2, 1, 2],
			"to": [2.2, 3, 14],
			"rotation": {"angle": 0, "axis": "y", "origin": [0, 1, 11]},
			"faces": {
				"north": {"uv": [2, 2, 3, 3], "texture": "#1"},
				"east": {"uv": [0, 0, 7, 1], "texture": "#1"},
				"south": {"uv": [2, 3, 3, 4], "texture": "#1"},
				"west": {"uv": [0, 1, 7, 2], "texture": "#1"},
				"up": {"uv": [1, 9, 0, 2], "texture": "#1"},
				"down": {"uv": [2, 2, 1, 9], "texture": "#1"}
			}
		},
		{
			"from": [2.2, 3, 2],
			"to": [4.2, 5, 14],
			"rotation": {"angle": 0, "axis": "y", "origin": [2, 3, 11]},
			"faces": {
				"north": {"uv": [2, 2, 3, 3], "texture": "#1"},
				"east": {"uv": [0, 0, 7, 1], "texture": "#1"},
				"south": {"uv": [2, 3, 3, 4], "texture": "#1"},
				"west": {"uv": [0, 1, 7, 2], "texture": "#1"},
				"up": {"uv": [1, 9, 0, 2], "texture": "#1"},
				"down": {"uv": [2, 2, 1, 9], "texture": "#1"}
			}
		},
		{
			"from": [2.2, 5, 3],
			"to": [4.2, 7, 13],
			"rotation": {"angle": 0, "axis": "y", "origin": [2, 5, 11]},
			"faces": {
				"north": {"uv": [2, 2, 3, 3], "texture": "#1"},
				"east": {"uv": [0, 0, 7, 1], "texture": "#1"},
				"south": {"uv": [2, 3, 3, 4], "texture": "#1"},
				"west": {"uv": [0, 1, 7, 2], "texture": "#1"},
				"up": {"uv": [1, 9, 0, 2], "texture": "#1"},
				"down": {"uv": [2, 2, 1, 9], "texture": "#1"}
			}
		},
		{
			"from": [0.2, 7, 3],
			"to": [2.2, 9, 13],
			"rotation": {"angle": 0, "axis": "y", "origin": [0, 7, 11]},
			"faces": {
				"north": {"uv": [2, 2, 3, 3], "texture": "#1"},
				"east": {"uv": [0, 0, 7, 1], "texture": "#1"},
				"south": {"uv": [2, 3, 3, 4], "texture": "#1"},
				"west": {"uv": [0, 1, 7, 2], "texture": "#1"},
				"up": {"uv": [1, 9, 0, 2], "texture": "#1"},
				"down": {"uv": [2, 2, 1, 9], "texture": "#1"}
			}
		},
		{
			"from": [0.2, 9, 1],
			"to": [2.2, 11, 13],
			"rotation": {"angle": 0, "axis": "y", "origin": [0, 9, 11]},
			"faces": {
				"north": {"uv": [2, 2, 3, 3], "texture": "#1"},
				"east": {"uv": [0, 0, 7, 1], "texture": "#1"},
				"south": {"uv": [2, 3, 3, 4], "texture": "#1"},
				"west": {"uv": [0, 1, 7, 2], "texture": "#1"},
				"up": {"uv": [1, 9, 0, 2], "texture": "#1"},
				"down": {"uv": [2, 2, 1, 9], "texture": "#1"}
			}
		},
		{
			"from": [2.2, 7, 1],
			"to": [4.2, 9, 13],
			"rotation": {"angle": 0, "axis": "y", "origin": [2, 7, 11]},
			"faces": {
				"north": {"uv": [2, 2, 3, 3], "texture": "#1"},
				"east": {"uv": [0, 0, 7, 1], "texture": "#1"},
				"south": {"uv": [2, 3, 3, 4], "texture": "#1"},
				"west": {"uv": [0, 1, 7, 2], "texture": "#1"},
				"up": {"uv": [1, 9, 0, 2], "texture": "#1"},
				"down": {"uv": [2, 2, 1, 9], "texture": "#1"}
			}
		},
		{
			"from": [4.2, 6, 2],
			"to": [6.2, 8, 13],
			"rotation": {"angle": 0, "axis": "y", "origin": [4, 6, 11]},
			"faces": {
				"north": {"uv": [2, 2, 3, 3], "texture": "#1"},
				"east": {"uv": [0, 0, 7, 1], "texture": "#1"},
				"south": {"uv": [2, 3, 3, 4], "texture": "#1"},
				"west": {"uv": [0, 1, 7, 2], "texture": "#1"},
				"up": {"uv": [1, 9, 0, 2], "texture": "#1"},
				"down": {"uv": [2, 2, 1, 9], "texture": "#1"}
			}
		},
		{
			"from": [10.2, 5, 2],
			"to": [12.2, 7, 13],
			"rotation": {"angle": 0, "axis": "y", "origin": [10, 5, 11]},
			"faces": {
				"north": {"uv": [2, 2, 3, 3], "texture": "#1"},
				"east": {"uv": [0, 0, 7, 1], "texture": "#1"},
				"south": {"uv": [2, 3, 3, 4], "texture": "#1"},
				"west": {"uv": [0, 1, 7, 2], "texture": "#1"},
				"up": {"uv": [1, 9, 0, 2], "texture": "#1"},
				"down": {"uv": [2, 2, 1, 9], "texture": "#1"}
			}
		},
		{
			"from": [10.2, 7, 3],
			"to": [12.2, 9, 14],
			"rotation": {"angle": 0, "axis": "y", "origin": [10, 7, 11]},
			"faces": {
				"north": {"uv": [2, 2, 3, 3], "texture": "#1"},
				"east": {"uv": [0, 0, 7, 1], "texture": "#1"},
				"south": {"uv": [2, 3, 3, 4], "texture": "#1"},
				"west": {"uv": [0, 1, 7, 2], "texture": "#1"},
				"up": {"uv": [1, 9, 0, 2], "texture": "#1"},
				"down": {"uv": [2, 2, 1, 9], "texture": "#1"}
			}
		},
		{
			"from": [12.2, 4, 2],
			"to": [14.2, 6, 15],
			"rotation": {"angle": 0, "axis": "y", "origin": [12, 4, 11]},
			"faces": {
				"north": {"uv": [2, 2, 3, 3], "texture": "#1"},
				"east": {"uv": [0, 0, 7, 1], "texture": "#1"},
				"south": {"uv": [2, 3, 3, 4], "texture": "#1"},
				"west": {"uv": [0, 1, 7, 2], "texture": "#1"},
				"up": {"uv": [1, 9, 0, 2], "texture": "#1"},
				"down": {"uv": [2, 2, 1, 9], "texture": "#1"}
			}
		},
		{
			"from": [14.2, 2, 2],
			"to": [15.9, 4, 14],
			"rotation": {"angle": 0, "axis": "y", "origin": [14, 2, 11]},
			"faces": {
				"north": {"uv": [2, 2, 3, 3], "texture": "#1"},
				"east": {"uv": [0, 0, 7, 1], "texture": "#1"},
				"south": {"uv": [2, 3, 3, 4], "texture": "#1"},
				"west": {"uv": [0, 1, 7, 2], "texture": "#1"},
				"up": {"uv": [1, 9, 0, 2], "texture": "#1"},
				"down": {"uv": [2, 2, 1, 9], "texture": "#1"}
			}
		},
		{
			"from": [14.2, 4, 3],
			"to": [15.9, 6, 16],
			"rotation": {"angle": 0, "axis": "y", "origin": [14, 4, 11]},
			"faces": {
				"north": {"uv": [2, 2, 3, 3], "texture": "#1"},
				"east": {"uv": [0, 0, 7, 1], "texture": "#1"},
				"south": {"uv": [2, 3, 3, 4], "texture": "#1"},
				"west": {"uv": [0, 1, 7, 2], "texture": "#1"},
				"up": {"uv": [1, 9, 0, 2], "texture": "#1"},
				"down": {"uv": [2, 2, 1, 9], "texture": "#1"}
			}
		},
		{
			"from": [14.2, 6, 2],
			"to": [15.9, 8, 14],
			"rotation": {"angle": 0, "axis": "y", "origin": [14, 6, 11]},
			"faces": {
				"north": {"uv": [2, 2, 3, 3], "texture": "#1"},
				"east": {"uv": [0, 0, 7, 1], "texture": "#1"},
				"south": {"uv": [2, 3, 3, 4], "texture": "#1"},
				"west": {"uv": [0, 1, 7, 2], "texture": "#1"},
				"up": {"uv": [1, 9, 0, 2], "texture": "#1"},
				"down": {"uv": [2, 2, 1, 9], "texture": "#1"}
			}
		},
		{
			"from": [14.2, 8, 2],
			"to": [15.9, 10, 15],
			"rotation": {"angle": 0, "axis": "y", "origin": [14, 8, 11]},
			"faces": {
				"north": {"uv": [2, 2, 3, 3], "texture": "#1"},
				"east": {"uv": [0, 0, 7, 1], "texture": "#1"},
				"south": {"uv": [2, 3, 3, 4], "texture": "#1"},
				"west": {"uv": [0, 1, 7, 2], "texture": "#1"},
				"up": {"uv": [1, 9, 0, 2], "texture": "#1"},
				"down": {"uv": [2, 2, 1, 9], "texture": "#1"}
			}
		},
		{
			"from": [12.2, 8, 2],
			"to": [13.9, 10, 14],
			"rotation": {"angle": 0, "axis": "y", "origin": [12, 8, 11]},
			"faces": {
				"north": {"uv": [2, 2, 3, 3], "texture": "#1"},
				"east": {"uv": [0, 0, 7, 1], "texture": "#1"},
				"south": {"uv": [2, 3, 3, 4], "texture": "#1"},
				"west": {"uv": [0, 1, 7, 2], "texture": "#1"},
				"up": {"uv": [1, 9, 0, 2], "texture": "#1"},
				"down": {"uv": [2, 2, 1, 9], "texture": "#1"}
			}
		},
		{
			"from": [14.2, 10, 2],
			"to": [15.9, 12, 14],
			"rotation": {"angle": 0, "axis": "y", "origin": [14, 10, 11]},
			"faces": {
				"north": {"uv": [2, 2, 3, 3], "texture": "#1"},
				"east": {"uv": [0, 0, 7, 1], "texture": "#1"},
				"south": {"uv": [2, 3, 3, 4], "texture": "#1"},
				"west": {"uv": [0, 1, 7, 2], "texture": "#1"},
				"up": {"uv": [1, 9, 0, 2], "texture": "#1"},
				"down": {"uv": [2, 2, 1, 9], "texture": "#1"}
			}
		},
		{
			"from": [12.2, 6, 3],
			"to": [14.2, 8, 13],
			"rotation": {"angle": 0, "axis": "y", "origin": [12, 6, 11]},
			"faces": {
				"north": {"uv": [2, 2, 3, 3], "texture": "#1"},
				"east": {"uv": [0, 0, 7, 1], "texture": "#1"},
				"south": {"uv": [2, 3, 3, 4], "texture": "#1"},
				"west": {"uv": [0, 1, 7, 2], "texture": "#1"},
				"up": {"uv": [1, 9, 0, 2], "texture": "#1"},
				"down": {"uv": [2, 2, 1, 9], "texture": "#1"}
			}
		},
		{
			"from": [0.2, 3, 1],
			"to": [2.2, 5, 15],
			"rotation": {"angle": 0, "axis": "y", "origin": [0, 3, 11]},
			"faces": {
				"north": {"uv": [2, 2, 3, 3], "texture": "#1"},
				"east": {"uv": [0, 0, 7, 1], "texture": "#1"},
				"south": {"uv": [2, 3, 3, 4], "texture": "#1"},
				"west": {"uv": [0, 1, 7, 2], "texture": "#1"},
				"up": {"uv": [1, 9, 0, 2], "texture": "#1"},
				"down": {"uv": [2, 2, 1, 9], "texture": "#1"}
			}
		},
		{
			"from": [0.2, 5, 1],
			"to": [2.2, 7, 14],
			"rotation": {"angle": 0, "axis": "y", "origin": [0, 5, 11]},
			"faces": {
				"north": {"uv": [2, 2, 3, 3], "texture": "#1"},
				"east": {"uv": [0, 0, 7, 1], "texture": "#1"},
				"south": {"uv": [2, 3, 3, 4], "texture": "#1"},
				"west": {"uv": [0, 1, 7, 2], "texture": "#1"},
				"up": {"uv": [1, 9, 0, 2], "texture": "#1"},
				"down": {"uv": [2, 2, 1, 9], "texture": "#1"}
			}
		},
		{
			"from": [8.6, 12, 2],
			"to": [10.6, 14, 15],
			"rotation": {"angle": 0, "axis": "y", "origin": [8, 12, 12]},
			"faces": {
				"north": {"uv": [2, 2, 3, 3], "texture": "#1"},
				"east": {"uv": [0, 0, 7, 1], "texture": "#1"},
				"south": {"uv": [2, 3, 3, 4], "texture": "#1"},
				"west": {"uv": [0, 1, 7, 2], "texture": "#1"},
				"up": {"uv": [1, 9, 0, 2], "texture": "#1"},
				"down": {"uv": [2, 2, 1, 9], "texture": "#1"}
			}
		},
		{
			"from": [3.6, 12, 2],
			"to": [5.6, 14, 15],
			"rotation": {"angle": 0, "axis": "y", "origin": [3, 12, 12]},
			"faces": {
				"north": {"uv": [2, 2, 3, 3], "texture": "#1"},
				"east": {"uv": [0, 0, 7, 1], "texture": "#1"},
				"south": {"uv": [2, 3, 3, 4], "texture": "#1"},
				"west": {"uv": [0, 1, 7, 2], "texture": "#1"},
				"up": {"uv": [1, 9, 0, 2], "texture": "#1"},
				"down": {"uv": [2, 2, 1, 9], "texture": "#1"}
			}
		},
		{
			"from": [5.6, 12, 1],
			"to": [7.6, 14, 16],
			"rotation": {"angle": 0, "axis": "y", "origin": [5, 12, 12]},
			"faces": {
				"north": {"uv": [2, 2, 3, 3], "texture": "#1"},
				"east": {"uv": [0, 0, 7, 1], "texture": "#1"},
				"south": {"uv": [2, 3, 3, 4], "texture": "#1"},
				"west": {"uv": [0, 1, 7, 2], "texture": "#1"},
				"up": {"uv": [1, 9, 0, 2], "texture": "#1"},
				"down": {"uv": [2, 2, 1, 9], "texture": "#1"}
			}
		},
		{
			"from": [10.8, 12, 4],
			"to": [12.8, 14, 14],
			"rotation": {"angle": 0, "axis": "y", "origin": [10, 12, 12]},
			"faces": {
				"north": {"uv": [2, 2, 3, 3], "texture": "#1"},
				"east": {"uv": [0, 0, 7, 1], "texture": "#1"},
				"south": {"uv": [2, 3, 3, 4], "texture": "#1"},
				"west": {"uv": [0, 1, 7, 2], "texture": "#1"},
				"up": {"uv": [1, 9, 0, 2], "texture": "#1"},
				"down": {"uv": [2, 2, 1, 9], "texture": "#1"}
			}
		},
		{
			"from": [8.2, 10, 3],
			"to": [10.2, 12, 14],
			"rotation": {"angle": 0, "axis": "y", "origin": [8, 10, 12]},
			"faces": {
				"north": {"uv": [2, 2, 3, 3], "texture": "#1"},
				"east": {"uv": [0, 0, 7, 1], "texture": "#1"},
				"south": {"uv": [2, 3, 3, 4], "texture": "#1"},
				"west": {"uv": [0, 1, 7, 2], "texture": "#1"},
				"up": {"uv": [1, 9, 0, 2], "texture": "#1"},
				"down": {"uv": [2, 2, 1, 9], "texture": "#1"}
			}
		},
		{
			"from": [6.2, 10, 2],
			"to": [8.2, 12, 13],
			"rotation": {"angle": 0, "axis": "y", "origin": [6, 10, 12]},
			"faces": {
				"north": {"uv": [2, 2, 3, 3], "texture": "#1"},
				"east": {"uv": [0, 0, 7, 1], "texture": "#1"},
				"south": {"uv": [2, 3, 3, 4], "texture": "#1"},
				"west": {"uv": [0, 1, 7, 2], "texture": "#1"},
				"up": {"uv": [1, 9, 0, 2], "texture": "#1"},
				"down": {"uv": [2, 2, 1, 9], "texture": "#1"}
			}
		}
	],
	"display": {
		"thirdperson_righthand": {
			"rotation": [-8, 0, 0],
			"scale": [0.3, 0.3, 0.3]
		},
		"thirdperson_lefthand": {
			"scale": [0.34, 0.34, 0.34]
		},
		"firstperson_righthand": {
			"scale": [0.34, 0.34, 0.34]
		},
		"firstperson_lefthand": {
			"scale": [0.33, 0.33, 0.33]
		},
		"ground": {
			"translation": [0, 2, 0],
			"scale": [0.49, 0.49, 0.49]
		},
		"gui": {
			"rotation": [20, -28, 0],
			"scale": [0.66, 0.66, 0.66]
		},
		"fixed": {
			"translation": [0, 0, -15],
			"scale": [1.9, 1.9, 1.9]
		}
	},
	"groups": [
		{
			"name": "estructura",
			"origin": [16, 1, 0],
			"color": 0,
			"children": [0, 1, 2, 3, 4, 5, 6]
		},
		{
			"name": "pergamino",
			"origin": [5, 0, 12],
			"color": 0,
			"children": [7, 8, 9, 10, 11, 12, 13, 14, 15, 16, 17, 18, 19, 20, 21, 22, 23, 24, 25, 26, 27, 28, 29, 30, 31, 32, 33, 34, 35, 36, 37, 38]
		}
	]
}