{
	"credit": "Made with Blockbench",
	"parent": "minecraft:item/shield"
	"texture_size": [32, 32],
	"textures": {
		"0": "item/guardiadeacero",
		"particle": "item/guardiadeacero"
	},
	"elements": [
		{
			"name": "plate",
			"from": [3, 8, 5],
			"to": [13, 16, 6],
			"rotation": {"angle": 0, "axis": "y", "origin": [8, 0, 8]},
			"faces": {
				"north": {"uv": [0, 0, 5, 4], "texture": "#0"},
				"east": {"uv": [5, 5, 5.5, 9], "texture": "#0"},
				"south": {"uv": [0, 4, 5, 8], "texture": "#0"},
				"west": {"uv": [5.5, 5, 6, 9], "texture": "#0"},
				"up": {"uv": [10, 4.5, 5, 4], "texture": "#0"},
				"down": {"uv": [10, 4.5, 5, 5], "texture": "#0"}
			}
		},
		{
			"name": "plate",
			"from": [12, 16, 4.7],
			"to": [13, 17, 6],
			"rotation": {"angle": 0, "axis": "y", "origin": [8, 0, 8]},
			"faces": {
				"north": {"uv": [8.5, 11, 9, 11.5], "texture": "#0"},
				"east": {"uv": [9, 11, 9.5, 11.5], "texture": "#0"},
				"south": {"uv": [11, 9, 11.5, 9.5], "texture": "#0"},
				"west": {"uv": [9.5, 11, 10, 11.5], "texture": "#0"},
				"up": {"uv": [11.5, 10, 11, 9.5], "texture": "#0"},
				"down": {"uv": [10.5, 11, 10, 11.5], "texture": "#0"}
			}
		},
		{
			"name": "plate",
			"from": [3, 16, 4.7],
			"to": [4, 17, 6],
			"rotation": {"angle": 0, "axis": "y", "origin": [-1, 0, 8]},
			"faces": {
				"north": {"uv": [11, 10, 11.5, 10.5], "texture": "#0"},
				"east": {"uv": [11, 10.5, 11.5, 11], "texture": "#0"},
				"south": {"uv": [11, 11, 11.5, 11.5], "texture": "#0"},
				"west": {"uv": [11.5, 0, 12, 0.5], "texture": "#0"},
				"up": {"uv": [12, 1, 11.5, 0.5], "texture": "#0"},
				"down": {"uv": [12, 1, 11.5, 1.5], "texture": "#0"}
			}
		},
		{
			"name": "plate",
			"from": [3, 7, 4.7],
			"to": [4, 8, 6],
			"rotation": {"angle": 0, "axis": "y", "origin": [-1, -9, 8]},
			"faces": {
				"north": {"uv": [11.5, 1.5, 12, 2], "texture": "#0"},
				"east": {"uv": [11.5, 2, 12, 2.5], "texture": "#0"},
				"south": {"uv": [11.5, 2.5, 12, 3], "texture": "#0"},
				"west": {"uv": [4, 11.5, 4.5, 12], "texture": "#0"},
				"up": {"uv": [5, 12, 4.5, 11.5], "texture": "#0"},
				"down": {"uv": [6, 11.5, 5.5, 12], "texture": "#0"}
			}
		},
		{
			"name": "plate",
			"from": [12, 7, 4.7],
			"to": [13, 8, 6],
			"rotation": {"angle": 0, "axis": "y", "origin": [8, -9, 8]},
			"faces": {
				"north": {"uv": [6, 11.5, 6.5, 12], "texture": "#0"},
				"east": {"uv": [6.5, 11.5, 7, 12], "texture": "#0"},
				"south": {"uv": [7, 11.5, 7.5, 12], "texture": "#0"},
				"west": {"uv": [7.5, 11.5, 8, 12], "texture": "#0"},
				"up": {"uv": [8.5, 12, 8, 11.5], "texture": "#0"},
				"down": {"uv": [9, 11.5, 8.5, 12], "texture": "#0"}
			}
		},
		{
			"name": "plate",
			"from": [4, 7, 5],
			"to": [12, 8, 6],
			"rotation": {"angle": 0, "axis": "y", "origin": [7, -9, 8]},
			"faces": {
				"north": {"uv": [6, 5, 10, 5.5], "texture": "#0"},
				"east": {"uv": [9, 11.5, 9.5, 12], "texture": "#0"},
				"south": {"uv": [6, 5.5, 10, 6], "texture": "#0"},
				"west": {"uv": [11.5, 9, 12, 9.5], "texture": "#0"},
				"up": {"uv": [10, 6.5, 6, 6], "texture": "#0"},
				"down": {"uv": [10, 6.5, 6, 7], "texture": "#0"}
			}
		},
		{
			"name": "plate",
			"from": [4, 16, 5],
			"to": [12, 17, 6],
			"rotation": {"angle": 0, "axis": "y", "origin": [7, 0, 8]},
			"faces": {
				"north": {"uv": [7, 0, 11, 0.5], "texture": "#0"},
				"east": {"uv": [9.5, 11.5, 10, 12], "texture": "#0"},
				"south": {"uv": [7, 0.5, 11, 1], "texture": "#0"},
				"west": {"uv": [11.5, 9.5, 12, 10], "texture": "#0"},
				"up": {"uv": [11, 1.5, 7, 1], "texture": "#0"},
				"down": {"uv": [11, 1.5, 7, 2], "texture": "#0"}
			}
		},
		{
			"name": "plate",
			"from": [6, 10, 4.6],
			"to": [10, 14, 5],
			"rotation": {"angle": 0, "axis": "y", "origin": [8, 0, 8]},
			"faces": {
				"north": {"uv": [5, 0, 7, 2], "texture": "#0"},
				"east": {"uv": [8, 9, 8.5, 11], "texture": "#0"},
				"south": {"uv": [5, 2, 7, 4], "texture": "#0"},
				"west": {"uv": [8.5, 9, 9, 11], "texture": "#0"},
				"up": {"uv": [11, 9.5, 9, 9], "texture": "#0"},
				"down": {"uv": [11, 9.5, 9, 10], "texture": "#0"}
			}
		},
		{
			"name": "plate",
			"from": [4, 17, 4.7],
			"to": [12, 18, 6],
			"rotation": {"angle": 0, "axis": "y", "origin": [8, 1, 8]},
			"faces": {
				"north": {"uv": [7, 2, 11, 2.5], "texture": "#0"},
				"east": {"uv": [10, 11.5, 10.5, 12], "texture": "#0"},
				"south": {"uv": [7, 2.5, 11, 3], "texture": "#0"},
				"west": {"uv": [11.5, 10, 12, 10.5], "texture": "#0"},
				"up": {"uv": [11, 3.5, 7, 3], "texture": "#0"},
				"down": {"uv": [11, 3.5, 7, 4], "texture": "#0"}
			}
		},
		{
			"name": "plate",
			"from": [3, 11.5, 4.7],
			"to": [6, 12.5, 5],
			"rotation": {"angle": 0, "axis": "y", "origin": [7, -4, 8]},
			"faces": {
				"north": {"uv": [9, 10, 10.5, 10.5], "texture": "#0"},
				"east": {"uv": [10.5, 11.5, 11, 12], "texture": "#0"},
				"south": {"uv": [10.5, 4, 12, 4.5], "texture": "#0"},
				"west": {"uv": [11.5, 10.5, 12, 11], "texture": "#0"},
				"up": {"uv": [12, 5, 10.5, 4.5], "texture": "#0"},
				"down": {"uv": [12, 5, 10.5, 5.5], "texture": "#0"}
			}
		},
		{
			"name": "plate",
			"from": [10, 11.5, 4.7],
			"to": [13, 12.5, 5],
			"rotation": {"angle": 0, "axis": "y", "origin": [14, -4, 8]},
			"faces": {
				"north": {"uv": [10.5, 5.5, 12, 6], "texture": "#0"},
				"east": {"uv": [11, 11.5, 11.5, 12], "texture": "#0"},
				"south": {"uv": [10.5, 6, 12, 6.5], "texture": "#0"},
				"west": {"uv": [11.5, 11, 12, 11.5], "texture": "#0"},
				"up": {"uv": [12, 7, 10.5, 6.5], "texture": "#0"},
				"down": {"uv": [10.5, 10.5, 9, 11], "texture": "#0"}
			}
		},
		{
			"name": "plate",
			"from": [2, 8, 4.7],
			"to": [3, 16, 6],
			"rotation": {"angle": 0, "axis": "y", "origin": [19, 12, 8]},
			"faces": {
				"north": {"uv": [6, 7, 6.5, 11], "texture": "#0"},
				"east": {"uv": [6.5, 7, 7, 11], "texture": "#0"},
				"south": {"uv": [7, 7, 7.5, 11], "texture": "#0"},
				"west": {"uv": [7.5, 7, 8, 11], "texture": "#0"},
				"up": {"uv": [12, 12, 11.5, 11.5], "texture": "#0"},
				"down": {"uv": [0.5, 12, 0, 12.5], "texture": "#0"}
			}
		},
		{
			"name": "plate",
			"from": [13, 8, 4.7],
			"to": [14, 16, 6],
			"rotation": {"angle": 0, "axis": "y", "origin": [30, 12, 8]},
			"faces": {
				"north": {"uv": [0, 8, 0.5, 12], "texture": "#0"},
				"east": {"uv": [0.5, 8, 1, 12], "texture": "#0"},
				"south": {"uv": [1, 8, 1.5, 12], "texture": "#0"},
				"west": {"uv": [1.5, 8, 2, 12], "texture": "#0"},
				"up": {"uv": [12.5, 0.5, 12, 0], "texture": "#0"},
				"down": {"uv": [1, 12, 0.5, 12.5], "texture": "#0"}
			}
		},
		{
			"name": "plate",
			"from": [7.5, 14, 4.7],
			"to": [8.5, 17, 5],
			"rotation": {"angle": 0, "axis": "y", "origin": [24, 13, 8]},
			"faces": {
				"north": {"uv": [10.5, 10, 11, 11.5], "texture": "#0"},
				"east": {"uv": [11, 0, 11.5, 1.5], "texture": "#0"},
				"south": {"uv": [11, 1.5, 11.5, 3], "texture": "#0"},
				"west": {"uv": [5, 11, 5.5, 12.5], "texture": "#0"},
				"up": {"uv": [12.5, 1, 12, 0.5], "texture": "#0"},
				"down": {"uv": [1.5, 12, 1, 12.5], "texture": "#0"}
			}
		},
		{
			"name": "plate",
			"from": [7.5, 7, 4.7],
			"to": [8.5, 10, 5],
			"rotation": {"angle": 0, "axis": "y", "origin": [24, 6, 8]},
			"faces": {
				"north": {"uv": [4, 10, 4.5, 11.5], "texture": "#0"},
				"east": {"uv": [10, 4, 10.5, 5.5], "texture": "#0"},
				"south": {"uv": [4.5, 10, 5, 11.5], "texture": "#0"},
				"west": {"uv": [10, 5.5, 10.5, 7], "texture": "#0"},
				"up": {"uv": [8, 11.5, 7.5, 11], "texture": "#0"},
				"down": {"uv": [8.5, 11, 8, 11.5], "texture": "#0"}
			}
		},
		{
			"name": "plate",
			"from": [4, 6, 4.7],
			"to": [12, 7, 6],
			"rotation": {"angle": 0, "axis": "y", "origin": [8, -10, 8]},
			"faces": {
				"north": {"uv": [8, 7, 12, 7.5], "texture": "#0"},
				"east": {"uv": [12, 1, 12.5, 1.5], "texture": "#0"},
				"south": {"uv": [8, 7.5, 12, 8], "texture": "#0"},
				"west": {"uv": [1.5, 12, 2, 12.5], "texture": "#0"},
				"up": {"uv": [12, 8.5, 8, 8], "texture": "#0"},
				"down": {"uv": [12, 8.5, 8, 9], "texture": "#0"}
			}
		},
		{
			"name": "handle",
			"from": [9, 10, 6],
			"to": [11, 14, 7],
			"rotation": {"angle": 0, "axis": "y", "origin": [10, 1, 8]},
			"faces": {
				"north": {"uv": [2, 8, 3, 10], "texture": "#0"},
				"east": {"uv": [2, 10, 2.5, 12], "texture": "#0"},
				"south": {"uv": [3, 8, 4, 10], "texture": "#0"},
				"west": {"uv": [2.5, 10, 3, 12], "texture": "#0"},
				"up": {"uv": [12, 3.5, 11, 3], "texture": "#0"},
				"down": {"uv": [12, 3.5, 11, 4], "texture": "#0"}
			}
		},
		{
			"name": "handle",
			"from": [5, 10, 6],
			"to": [7, 14, 7],
			"rotation": {"angle": 0, "axis": "y", "origin": [6, 1, 8]},
			"faces": {
				"north": {"uv": [4, 8, 5, 10], "texture": "#0"},
				"east": {"uv": [3, 10, 3.5, 12], "texture": "#0"},
				"south": {"uv": [5, 9, 6, 11], "texture": "#0"},
				"west": {"uv": [3.5, 10, 4, 12], "texture": "#0"},
				"up": {"uv": [6.5, 11.5, 5.5, 11], "texture": "#0"},
				"down": {"uv": [7.5, 11, 6.5, 11.5], "texture": "#0"}
			}
		}
	],
	"display": {
		"thirdperson_righthand": {
			"rotation": [43.37, -86, 40],
			"translation": [0.5, -5.75, 2.75]
		},
		"thirdperson_lefthand": {
			"rotation": [33.08, -95, 34],
			"translation": [0, -5.75, 3.25]
		},
		"firstperson_righthand": {
			"rotation": [3, -91, 0],
			"translation": [2.5, -15, 0.75],
			"scale": [1.58, 1.58, 1.58]
		},
		"firstperson_lefthand": {
			"rotation": [0, -101, 0],
			"translation": [-0.5, -15, 0.75],
			"scale": [1.58, 1.58, 1.58]
		},
		"ground": {
			"scale": [0.5, 0.5, 0.5]
		},
		"gui": {
			"rotation": [-155.58, 42.54, 179.38],
			"translation": [1.5, -1.75, 0],
			"scale": [0.81, 0.81, 0.81]
		},
		"head": {
			"translation": [0, 0, -4.5]
		},
		"fixed": {
			"translation": [0, -7.5, 4.25],
			"scale": [1.96, 1.96, 1.96]
		}
	},
	"groups": [
		{
			"name": "plate",
			"origin": [8, 11, 7],
			"color": 0,
			"children": [0, 1, 2, 3, 4, 5, 6, 7, 8, 9, 10, 11, 12, 13, 14, 15, 16, 17]
		}
	]
}