{
	"format_version": "1.21.11",
	"credit": "Made with Blockbench",
	"textures": {
		"0": "item/laud",
		"particle": "item/laud"
	},
	"elements": [
		{
			"from": [6, 0, 2],
			"to": [11, 0.5, 6],
			"rotation": {"angle": 0, "axis": "y", "origin": [8, 0, 2]},
			"faces": {
				"north": {"uv": [7, 6, 12, 7], "texture": "#0"},
				"east": {"uv": [0, 8, 4, 9], "texture": "#0"},
				"south": {"uv": [7, 7, 12, 8], "texture": "#0"},
				"west": {"uv": [8, 0, 12, 1], "texture": "#0"},
				"up": {"uv": [5, 4, 0, 0], "texture": "#0"},
				"down": {"uv": [5, 4, 0, 8], "texture": "#0"}
			}
		},
		{
			"from": [7, 0, 1],
			"to": [10, 0.5, 2],
			"rotation": {"angle": 0, "axis": "y", "origin": [8, 0, 1]},
			"faces": {
				"north": {"uv": [8, 1, 11, 2], "texture": "#0"},
				"east": {"uv": [4, 8, 5, 9], "texture": "#0"},
				"south": {"uv": [8, 2, 11, 3], "texture": "#0"},
				"west": {"uv": [2, 10, 3, 11], "texture": "#0"},
				"up": {"uv": [11, 4, 8, 3], "texture": "#0"},
				"down": {"uv": [10, 8, 7, 9], "texture": "#0"}
			}
		},
		{
			"from": [7, 0, 6],
			"to": [10, 0.5, 8],
			"rotation": {"angle": 0, "axis": "y", "origin": [8, 0, 6]},
			"faces": {
				"north": {"uv": [0, 9, 3, 10], "texture": "#0"},
				"east": {"uv": [3, 9, 5, 10], "texture": "#0"},
				"south": {"uv": [7, 9, 10, 10], "texture": "#0"},
				"west": {"uv": [0, 10, 2, 11], "texture": "#0"},
				"up": {"uv": [8, 2, 5, 0], "texture": "#0"},
				"down": {"uv": [8, 2, 5, 4], "texture": "#0"}
			}
		},
		{
			"from": [8, 0, 8],
			"to": [9, 0.5, 14],
			"rotation": {"angle": 0, "axis": "y", "origin": [8, 0, 8]},
			"faces": {
				"north": {"uv": [3, 10, 4, 11], "texture": "#0"},
				"east": {"uv": [5, 4, 11, 5], "texture": "#0"},
				"south": {"uv": [4, 10, 5, 11], "texture": "#0"},
				"west": {"uv": [5, 5, 11, 6], "texture": "#0"},
				"up": {"uv": [6, 12, 5, 6], "texture": "#0"},
				"down": {"uv": [7, 6, 6, 12], "texture": "#0"}
			}
		},
		{
			"from": [8, 0.5, 13],
			"to": [9, 1, 14],
			"rotation": {"angle": 0, "axis": "y", "origin": [8, 0, 8]},
			"faces": {
				"north": {"uv": [7, 10, 8, 11], "texture": "#0"},
				"east": {"uv": [8, 10, 9, 11], "texture": "#0"},
				"south": {"uv": [10, 8, 11, 9], "texture": "#0"},
				"west": {"uv": [9, 10, 10, 11], "texture": "#0"},
				"up": {"uv": [11, 10, 10, 9], "texture": "#0"},
				"down": {"uv": [11, 10, 10, 11], "texture": "#0"}
			}
		},
		{
			"from": [8, 0.2, 4],
			"to": [9, 0.7, 5],
			"rotation": {"angle": 0, "axis": "y", "origin": [8, 0, -2]},
			"faces": {
				"north": {"uv": [0, 11, 1, 12], "texture": "#0"},
				"east": {"uv": [1, 11, 2, 12], "texture": "#0"},
				"south": {"uv": [11, 1, 12, 2], "texture": "#0"},
				"west": {"uv": [2, 11, 3, 12], "texture": "#0"},
				"up": {"uv": [12, 3, 11, 2], "texture": "#0"},
				"down": {"uv": [4, 11, 3, 12], "texture": "#0"}
			}
		},
		{
			"from": [8, 0.2, 2],
			"to": [9, 0.7, 2.5],
			"rotation": {"angle": 0, "axis": "y", "origin": [8, 0, -4]},
			"faces": {
				"north": {"uv": [11, 3, 12, 4], "texture": "#0"},
				"east": {"uv": [4, 11, 5, 12], "texture": "#0"},
				"south": {"uv": [11, 4, 12, 5], "texture": "#0"},
				"west": {"uv": [11, 5, 12, 6], "texture": "#0"},
				"up": {"uv": [8, 12, 7, 11], "texture": "#0"},
				"down": {"uv": [9, 11, 8, 12], "texture": "#0"}
			}
		}
	],
	"display": {
		"thirdperson_righthand": {
			"rotation": [-47.54, -72.98, -40.82],
			"translation": [-4.5, 12.5, 0],
			"scale": [1.7, 1.7, 1.7]
		},
		"thirdperson_lefthand": {
			"rotation": [-79.31, -75.89, -75.14],
			"translation": [-4.5, 12.75, 2.75],
			"scale": [1.7, 1.7, 1.7]
		},
		"firstperson_righthand": {
			"rotation": [-99.36, -73.35, -17.34],
			"translation": [-9.25, 5.25, 0]
		},
		"firstperson_lefthand": {
			"rotation": [-109.21, -77.73, -28.85],
			"translation": [-7.75, 6.5, 0.5]
		},
		"ground": {
			"translation": [0, 6.5, 0]
		},
		"gui": {
			"rotation": [-90, -46, 180],
			"translation": [-0.75, 1.75, 0],
			"scale": [1.43, 1.43, 1.43]
		},
		"head": {
			"translation": [0, 6.75, 1.75]
		},
		"fixed": {
			"rotation": [-91, 47, 2.42],
			"translation": [0, 1.5, -25.75],
			"scale": [3.15, 3.15, 3.15]
		},
		"on_shelf": {
			"rotation": [-90, 16, -180],
			"translation": [3.5, -0.5, 19],
			"scale": [3.01, 3.01, 3.01]
		}
	}
}