{
	"credit": "Made with Blockbench",
	"parent": "minecraft:item/shield"
	"texture_size": [64, 64],
	"textures": {
		"0": "item/maderaymuerte",
		"particle": "item/maderaymuerte"
	},
	"elements": [
		{
			"name": "plate",
			"from": [4, 7, 5],
			"to": [12, 13, 6],
			"rotation": {"angle": 0, "axis": "y", "origin": [8, 0, 8]},
			"faces": {
				"north": {"uv": [0, 0, 2, 1.5], "texture": "#0"},
				"east": {"uv": [1.5, 3.25, 1.75, 4.75], "texture": "#0"},
				"south": {"uv": [0, 1.5, 2, 3], "texture": "#0"},
				"west": {"uv": [1.75, 3.25, 2, 4.75], "texture": "#0"},
				"up": {"uv": [2, 3.25, 0, 3], "texture": "#0"},
				"down": {"uv": [5, 1.5, 3, 1.75], "texture": "#0"}
			}
		},
		{
			"name": "plate",
			"from": [12, 7, 5],
			"to": [13, 13, 6],
			"rotation": {"angle": -22.5, "axis": "y", "origin": [12, 12, 5]},
			"faces": {
				"north": {"uv": [3.5, 3.25, 3.75, 4.75], "texture": "#0"},
				"east": {"uv": [3.75, 0, 4, 1.5], "texture": "#0"},
				"south": {"uv": [2, 3.75, 2.25, 5.25], "texture": "#0"},
				"west": {"uv": [2.25, 3.75, 2.5, 5.25], "texture": "#0"},
				"up": {"uv": [5.25, 2.75, 5, 2.5], "texture": "#0"},
				"down": {"uv": [5.5, 4.5, 5.25, 4.75], "texture": "#0"}
			}
		},
		{
			"name": "plate",
			"from": [13, 7, 4.8],
			"to": [14, 13, 5.8],
			"rotation": {"angle": -22.5, "axis": "y", "origin": [12, 12, 5]},
			"faces": {
				"north": {"uv": [2.5, 3.75, 2.75, 5.25], "texture": "#0"},
				"east": {"uv": [2.75, 3.75, 3, 5.25], "texture": "#0"},
				"south": {"uv": [3, 3.75, 3.25, 5.25], "texture": "#0"},
				"west": {"uv": [3.25, 3.75, 3.5, 5.25], "texture": "#0"},
				"up": {"uv": [5.5, 6, 5.25, 5.75], "texture": "#0"},
				"down": {"uv": [6.5, 0.75, 6.25, 1], "texture": "#0"}
			}
		},
		{
			"name": "plate",
			"from": [3, 7, 5],
			"to": [4, 13, 6],
			"rotation": {"angle": 22.5, "axis": "y", "origin": [4, 12, 5]},
			"faces": {
				"north": {"uv": [3.75, 3.25, 4, 4.75], "texture": "#0"},
				"east": {"uv": [4, 0, 4.25, 1.5], "texture": "#0"},
				"south": {"uv": [4, 3.25, 4.25, 4.75], "texture": "#0"},
				"west": {"uv": [0, 4.25, 0.25, 5.75], "texture": "#0"},
				"up": {"uv": [1.25, 6.5, 1, 6.25], "texture": "#0"},
				"down": {"uv": [6.5, 1, 6.25, 1.25], "texture": "#0"}
			}
		},
		{
			"name": "plate",
			"from": [2, 7, 4.8],
			"to": [3, 13, 5.8],
			"rotation": {"angle": 22.5, "axis": "y", "origin": [4, 12, 5]},
			"faces": {
				"north": {"uv": [4.25, 0, 4.5, 1.5], "texture": "#0"},
				"east": {"uv": [0.25, 4.25, 0.5, 5.75], "texture": "#0"},
				"south": {"uv": [0.5, 4.25, 0.75, 5.75], "texture": "#0"},
				"west": {"uv": [0.75, 4.25, 1, 5.75], "texture": "#0"},
				"up": {"uv": [1.5, 6.5, 1.25, 6.25], "texture": "#0"},
				"down": {"uv": [6.5, 1.25, 6.25, 1.5], "texture": "#0"}
			}
		},
		{
			"name": "plate",
			"from": [3, 16, 4.8],
			"to": [4, 17, 5.8],
			"rotation": {"angle": 22.5, "axis": "y", "origin": [4, 12, 5]},
			"faces": {
				"north": {"uv": [1.5, 6.25, 1.75, 6.5], "texture": "#0"},
				"east": {"uv": [6.25, 1.5, 6.5, 1.75], "texture": "#0"},
				"south": {"uv": [1.75, 6.25, 2, 6.5], "texture": "#0"},
				"west": {"uv": [6.25, 1.75, 6.5, 2], "texture": "#0"},
				"up": {"uv": [2.25, 6.5, 2, 6.25], "texture": "#0"},
				"down": {"uv": [6.5, 2, 6.25, 2.25], "texture": "#0"}
			}
		},
		{
			"name": "plate",
			"from": [3, 13, 5],
			"to": [4, 16, 6],
			"rotation": {"angle": 22.5, "axis": "y", "origin": [4, 12, 5]},
			"faces": {
				"north": {"uv": [4.25, 5, 4.5, 5.75], "texture": "#0"},
				"east": {"uv": [4.5, 5, 4.75, 5.75], "texture": "#0"},
				"south": {"uv": [4.75, 5, 5, 5.75], "texture": "#0"},
				"west": {"uv": [5, 5, 5.25, 5.75], "texture": "#0"},
				"up": {"uv": [2.5, 6.5, 2.25, 6.25], "texture": "#0"},
				"down": {"uv": [6.5, 2.25, 6.25, 2.5], "texture": "#0"}
			}
		},
		{
			"name": "plate",
			"from": [1, 13, 4.8],
			"to": [2, 16, 5.8],
			"rotation": {"angle": 22.5, "axis": "y", "origin": [4, 12, 5]},
			"faces": {
				"north": {"uv": [1, 5.25, 1.25, 6], "texture": "#0"},
				"east": {"uv": [1.25, 5.25, 1.5, 6], "texture": "#0"},
				"south": {"uv": [1.5, 5.25, 1.75, 6], "texture": "#0"},
				"west": {"uv": [5.25, 1.5, 5.5, 2.25], "texture": "#0"},
				"up": {"uv": [2.75, 6.5, 2.5, 6.25], "texture": "#0"},
				"down": {"uv": [6.5, 2.5, 6.25, 2.75], "texture": "#0"}
			}
		},
		{
			"name": "plate",
			"from": [2, 13, 5],
			"to": [3, 15, 6],
			"rotation": {"angle": 22.5, "axis": "y", "origin": [4, 12, 5]},
			"faces": {
				"north": {"uv": [1, 4.25, 1.25, 4.75], "texture": "#0"},
				"east": {"uv": [1.25, 4.25, 1.5, 4.75], "texture": "#0"},
				"south": {"uv": [5.5, 1.5, 5.75, 2], "texture": "#0"},
				"west": {"uv": [5.5, 2, 5.75, 2.5], "texture": "#0"},
				"up": {"uv": [3, 6.5, 2.75, 6.25], "texture": "#0"},
				"down": {"uv": [6.5, 2.75, 6.25, 3], "texture": "#0"}
			}
		},
		{
			"name": "plate",
			"from": [2, 15, 4.8],
			"to": [3, 16, 5.8],
			"rotation": {"angle": 22.5, "axis": "y", "origin": [4, 13, 5]},
			"faces": {
				"north": {"uv": [3, 6.25, 3.25, 6.5], "texture": "#0"},
				"east": {"uv": [6.25, 3, 6.5, 3.25], "texture": "#0"},
				"south": {"uv": [3.25, 6.25, 3.5, 6.5], "texture": "#0"},
				"west": {"uv": [6.25, 3.25, 6.5, 3.5], "texture": "#0"},
				"up": {"uv": [3.75, 6.5, 3.5, 6.25], "texture": "#0"},
				"down": {"uv": [6.5, 3.5, 6.25, 3.75], "texture": "#0"}
			}
		},
		{
			"name": "plate",
			"from": [0.6, 14.1, 4.8],
			"to": [1, 15.1, 5.8],
			"rotation": {"angle": 22.5, "axis": "y", "origin": [4, 13, 5]},
			"faces": {
				"north": {"uv": [3.75, 6.25, 4, 6.5], "texture": "#0"},
				"east": {"uv": [6.25, 3.75, 6.5, 4], "texture": "#0"},
				"south": {"uv": [4, 6.25, 4.25, 6.5], "texture": "#0"},
				"west": {"uv": [6.25, 4, 6.5, 4.25], "texture": "#0"},
				"up": {"uv": [4.5, 6.5, 4.25, 6.25], "texture": "#0"},
				"down": {"uv": [6.5, 4.25, 6.25, 4.5], "texture": "#0"}
			}
		},
		{
			"name": "plate",
			"from": [1.7, 10.1, 4.6],
			"to": [2.1, 11.1, 5.6],
			"rotation": {"angle": 22.5, "axis": "y", "origin": [5, 9, 5]},
			"faces": {
				"north": {"uv": [4.5, 6.25, 4.75, 6.5], "texture": "#0"},
				"east": {"uv": [6.25, 4.5, 6.5, 4.75], "texture": "#0"},
				"south": {"uv": [4.75, 6.25, 5, 6.5], "texture": "#0"},
				"west": {"uv": [6.25, 4.75, 6.5, 5], "texture": "#0"},
				"up": {"uv": [5.25, 6.5, 5, 6.25], "texture": "#0"},
				"down": {"uv": [6.5, 5, 6.25, 5.25], "texture": "#0"}
			}
		},
		{
			"name": "plate",
			"from": [1.7, 7.1, 4.6],
			"to": [2.1, 8.1, 5.6],
			"rotation": {"angle": 22.5, "axis": "y", "origin": [5, 6, 5]},
			"faces": {
				"north": {"uv": [5.25, 6.25, 5.5, 6.5], "texture": "#0"},
				"east": {"uv": [6.25, 5.25, 6.5, 5.5], "texture": "#0"},
				"south": {"uv": [5.5, 6.25, 5.75, 6.5], "texture": "#0"},
				"west": {"uv": [6.25, 5.5, 6.5, 5.75], "texture": "#0"},
				"up": {"uv": [6, 6.5, 5.75, 6.25], "texture": "#0"},
				"down": {"uv": [6.5, 5.75, 6.25, 6], "texture": "#0"}
			}
		},
		{
			"name": "plate",
			"from": [13.6, 10.3, 7.08],
			"to": [14, 11.3, 8.08],
			"rotation": {"angle": -22.5, "axis": "y", "origin": [17, 9, 7]},
			"faces": {
				"north": {"uv": [6, 6.25, 6.25, 6.5], "texture": "#0"},
				"east": {"uv": [6.25, 6.25, 6.5, 6.5], "texture": "#0"},
				"south": {"uv": [0, 6.5, 0.25, 6.75], "texture": "#0"},
				"west": {"uv": [6.5, 0, 6.75, 0.25], "texture": "#0"},
				"up": {"uv": [0.5, 6.75, 0.25, 6.5], "texture": "#0"},
				"down": {"uv": [6.75, 0.25, 6.5, 0.5], "texture": "#0"}
			}
		},
		{
			"name": "plate",
			"from": [13.6, 7.1, 7.08],
			"to": [14, 8.1, 8.08],
			"rotation": {"angle": -22.5, "axis": "y", "origin": [17, 6, 7]},
			"faces": {
				"north": {"uv": [0.5, 6.5, 0.75, 6.75], "texture": "#0"},
				"east": {"uv": [6.5, 0.5, 6.75, 0.75], "texture": "#0"},
				"south": {"uv": [0.75, 6.5, 1, 6.75], "texture": "#0"},
				"west": {"uv": [6.5, 0.75, 6.75, 1], "texture": "#0"},
				"up": {"uv": [1.25, 6.75, 1, 6.5], "texture": "#0"},
				"down": {"uv": [6.75, 1, 6.5, 1.25], "texture": "#0"}
			}
		},
		{
			"name": "plate",
			"from": [14.6, 14.1, 7.08],
			"to": [15, 15.1, 8.08],
			"rotation": {"angle": -22.5, "axis": "y", "origin": [17, 13, 7]},
			"faces": {
				"north": {"uv": [1.25, 6.5, 1.5, 6.75], "texture": "#0"},
				"east": {"uv": [6.5, 1.25, 6.75, 1.5], "texture": "#0"},
				"south": {"uv": [1.5, 6.5, 1.75, 6.75], "texture": "#0"},
				"west": {"uv": [6.5, 1.5, 6.75, 1.75], "texture": "#0"},
				"up": {"uv": [2, 6.75, 1.75, 6.5], "texture": "#0"},
				"down": {"uv": [6.75, 1.75, 6.5, 2], "texture": "#0"}
			}
		},
		{
			"name": "plate",
			"from": [2.6, 16, 5],
			"to": [3, 16.2, 6],
			"rotation": {"angle": 22.5, "axis": "y", "origin": [4, 12, 5]},
			"faces": {
				"north": {"uv": [2, 6.5, 2.25, 6.75], "texture": "#0"},
				"east": {"uv": [6.5, 2, 6.75, 2.25], "texture": "#0"},
				"south": {"uv": [2.25, 6.5, 2.5, 6.75], "texture": "#0"},
				"west": {"uv": [6.5, 2.25, 6.75, 2.5], "texture": "#0"},
				"up": {"uv": [2.75, 6.75, 2.5, 6.5], "texture": "#0"},
				"down": {"uv": [6.75, 2.5, 6.5, 2.75], "texture": "#0"}
			}
		},
		{
			"name": "plate",
			"from": [4, 16, 4.8],
			"to": [5, 17, 5.8],
			"rotation": {"angle": 0, "axis": "y", "origin": [8, 4, 8]},
			"faces": {
				"north": {"uv": [2.75, 6.5, 3, 6.75], "texture": "#0"},
				"east": {"uv": [6.5, 2.75, 6.75, 3], "texture": "#0"},
				"south": {"uv": [3, 6.5, 3.25, 6.75], "texture": "#0"},
				"west": {"uv": [6.5, 3, 6.75, 3.25], "texture": "#0"},
				"up": {"uv": [3.5, 6.75, 3.25, 6.5], "texture": "#0"},
				"down": {"uv": [6.75, 3.25, 6.5, 3.5], "texture": "#0"}
			}
		},
		{
			"name": "plate",
			"from": [5, 13, 5],
			"to": [12, 16, 6],
			"rotation": {"angle": 0, "axis": "y", "origin": [8, 4, 8]},
			"faces": {
				"north": {"uv": [2, 0, 3.75, 0.75], "texture": "#0"},
				"east": {"uv": [1.75, 5.25, 2, 6], "texture": "#0"},
				"south": {"uv": [2, 0.75, 3.75, 1.5], "texture": "#0"},
				"west": {"uv": [2, 5.25, 2.25, 6], "texture": "#0"},
				"up": {"uv": [5.25, 3, 3.5, 2.75], "texture": "#0"},
				"down": {"uv": [5.25, 3, 3.5, 3.25], "texture": "#0"}
			}
		},
		{
			"name": "plate",
			"from": [5, 16, 5],
			"to": [11, 17, 6],
			"rotation": {"angle": 0, "axis": "y", "origin": [8, 5, 8]},
			"faces": {
				"north": {"uv": [4.25, 3.25, 5.75, 3.5], "texture": "#0"},
				"east": {"uv": [3.5, 6.5, 3.75, 6.75], "texture": "#0"},
				"south": {"uv": [4.25, 3.5, 5.75, 3.75], "texture": "#0"},
				"west": {"uv": [6.5, 3.5, 6.75, 3.75], "texture": "#0"},
				"up": {"uv": [5.75, 4, 4.25, 3.75], "texture": "#0"},
				"down": {"uv": [5.75, 4, 4.25, 4.25], "texture": "#0"}
			}
		},
		{
			"name": "plate",
			"from": [11, 16, 4.8],
			"to": [12, 17, 5.8],
			"rotation": {"angle": 0, "axis": "y", "origin": [9, 5, 8]},
			"faces": {
				"north": {"uv": [3.75, 6.5, 4, 6.75], "texture": "#0"},
				"east": {"uv": [6.5, 3.75, 6.75, 4], "texture": "#0"},
				"south": {"uv": [4, 6.5, 4.25, 6.75], "texture": "#0"},
				"west": {"uv": [6.5, 4, 6.75, 4.25], "texture": "#0"},
				"up": {"uv": [4.5, 6.75, 4.25, 6.5], "texture": "#0"},
				"down": {"uv": [6.75, 4.25, 6.5, 4.5], "texture": "#0"}
			}
		},
		{
			"name": "plate",
			"from": [4, 13, 5],
			"to": [5, 16, 6],
			"rotation": {"angle": 0, "axis": "y", "origin": [8, 4, 8]},
			"faces": {
				"north": {"uv": [2.25, 5.25, 2.5, 6], "texture": "#0"},
				"east": {"uv": [5.25, 2.25, 5.5, 3], "texture": "#0"},
				"south": {"uv": [2.5, 5.25, 2.75, 6], "texture": "#0"},
				"west": {"uv": [2.75, 5.25, 3, 6], "texture": "#0"},
				"up": {"uv": [4.75, 6.75, 4.5, 6.5], "texture": "#0"},
				"down": {"uv": [6.75, 4.5, 6.5, 4.75], "texture": "#0"}
			}
		},
		{
			"name": "plate",
			"from": [13, 13, 5],
			"to": [14, 15, 6],
			"rotation": {"angle": -22.5, "axis": "y", "origin": [12, 12, 5]},
			"faces": {
				"north": {"uv": [5.5, 2.5, 5.75, 3], "texture": "#0"},
				"east": {"uv": [5.5, 4.5, 5.75, 5], "texture": "#0"},
				"south": {"uv": [5.5, 5, 5.75, 5.5], "texture": "#0"},
				"west": {"uv": [5.5, 5.5, 5.75, 6], "texture": "#0"},
				"up": {"uv": [5, 6.75, 4.75, 6.5], "texture": "#0"},
				"down": {"uv": [6.75, 4.75, 6.5, 5], "texture": "#0"}
			}
		},
		{
			"name": "plate",
			"from": [14, 13, 4.8],
			"to": [15, 15, 5.8],
			"rotation": {"angle": -22.5, "axis": "y", "origin": [12, 12, 5]},
			"faces": {
				"north": {"uv": [0, 5.75, 0.25, 6.25], "texture": "#0"},
				"east": {"uv": [0.25, 5.75, 0.5, 6.25], "texture": "#0"},
				"south": {"uv": [0.5, 5.75, 0.75, 6.25], "texture": "#0"},
				"west": {"uv": [0.75, 5.75, 1, 6.25], "texture": "#0"},
				"up": {"uv": [5.25, 6.75, 5, 6.5], "texture": "#0"},
				"down": {"uv": [6.75, 5, 6.5, 5.25], "texture": "#0"}
			}
		},
		{
			"name": "plate",
			"from": [13, 15, 4.8],
			"to": [15, 16, 5.8],
			"rotation": {"angle": -22.5, "axis": "y", "origin": [12, 13, 5]},
			"faces": {
				"north": {"uv": [5.25, 3, 5.75, 3.25], "texture": "#0"},
				"east": {"uv": [5.25, 6.5, 5.5, 6.75], "texture": "#0"},
				"south": {"uv": [5.75, 0.75, 6.25, 1], "texture": "#0"},
				"west": {"uv": [6.5, 5.25, 6.75, 5.5], "texture": "#0"},
				"up": {"uv": [6.25, 1.25, 5.75, 1], "texture": "#0"},
				"down": {"uv": [6.25, 1.25, 5.75, 1.5], "texture": "#0"}
			}
		},
		{
			"name": "plate",
			"from": [12, 13, 5],
			"to": [13, 16, 6],
			"rotation": {"angle": -22.5, "axis": "y", "origin": [12, 12, 5]},
			"faces": {
				"north": {"uv": [3, 5.25, 3.25, 6], "texture": "#0"},
				"east": {"uv": [3.25, 5.25, 3.5, 6], "texture": "#0"},
				"south": {"uv": [5.25, 5, 5.5, 5.75], "texture": "#0"},
				"west": {"uv": [5.5, 0.75, 5.75, 1.5], "texture": "#0"},
				"up": {"uv": [5.75, 6.75, 5.5, 6.5], "texture": "#0"},
				"down": {"uv": [6.75, 5.5, 6.5, 5.75], "texture": "#0"}
			}
		},
		{
			"name": "plate",
			"from": [12, 16, 4.8],
			"to": [13, 17, 5.8],
			"rotation": {"angle": -22.5, "axis": "y", "origin": [12, 12, 5]},
			"faces": {
				"north": {"uv": [5.75, 6.5, 6, 6.75], "texture": "#0"},
				"east": {"uv": [6.5, 5.75, 6.75, 6], "texture": "#0"},
				"south": {"uv": [6, 6.5, 6.25, 6.75], "texture": "#0"},
				"west": {"uv": [6.5, 6, 6.75, 6.25], "texture": "#0"},
				"up": {"uv": [6.5, 6.75, 6.25, 6.5], "texture": "#0"},
				"down": {"uv": [6.75, 6.25, 6.5, 6.5], "texture": "#0"}
			}
		},
		{
			"name": "plate",
			"from": [13, 16, 5],
			"to": [13.4, 16.2, 6],
			"rotation": {"angle": -22.5, "axis": "y", "origin": [12, 12, 5]},
			"faces": {
				"north": {"uv": [6.5, 6.5, 6.75, 6.75], "texture": "#0"},
				"east": {"uv": [0, 6.75, 0.25, 7], "texture": "#0"},
				"south": {"uv": [6.75, 0, 7, 0.25], "texture": "#0"},
				"west": {"uv": [0.25, 6.75, 0.5, 7], "texture": "#0"},
				"up": {"uv": [7, 0.5, 6.75, 0.25], "texture": "#0"},
				"down": {"uv": [0.75, 6.75, 0.5, 7], "texture": "#0"}
			}
		},
		{
			"name": "plate",
			"from": [3, 6, 4.8],
			"to": [4, 7, 5.8],
			"rotation": {"angle": 22.5, "axis": "y", "origin": [4, 12, 5]},
			"faces": {
				"north": {"uv": [6.75, 0.5, 7, 0.75], "texture": "#0"},
				"east": {"uv": [0.75, 6.75, 1, 7], "texture": "#0"},
				"south": {"uv": [6.75, 0.75, 7, 1], "texture": "#0"},
				"west": {"uv": [1, 6.75, 1.25, 7], "texture": "#0"},
				"up": {"uv": [7, 1.25, 6.75, 1], "texture": "#0"},
				"down": {"uv": [1.5, 6.75, 1.25, 7], "texture": "#0"}
			}
		},
		{
			"name": "plate",
			"from": [4, 6, 5],
			"to": [12, 7, 6],
			"rotation": {"angle": 0, "axis": "y", "origin": [14, -9, 8]},
			"faces": {
				"north": {"uv": [3, 1.75, 5, 2], "texture": "#0"},
				"east": {"uv": [6.75, 1.25, 7, 1.5], "texture": "#0"},
				"south": {"uv": [3, 2, 5, 2.25], "texture": "#0"},
				"west": {"uv": [1.5, 6.75, 1.75, 7], "texture": "#0"},
				"up": {"uv": [5, 2.5, 3, 2.25], "texture": "#0"},
				"down": {"uv": [5, 2.5, 3, 2.75], "texture": "#0"}
			}
		},
		{
			"name": "plate",
			"from": [5, 5, 5],
			"to": [11, 6, 6],
			"rotation": {"angle": 0, "axis": "y", "origin": [14, -10, 8]},
			"faces": {
				"north": {"uv": [4.25, 4.25, 5.75, 4.5], "texture": "#0"},
				"east": {"uv": [6.75, 1.5, 7, 1.75], "texture": "#0"},
				"south": {"uv": [4.5, 0, 6, 0.25], "texture": "#0"},
				"west": {"uv": [1.75, 6.75, 2, 7], "texture": "#0"},
				"up": {"uv": [6, 0.5, 4.5, 0.25], "texture": "#0"},
				"down": {"uv": [6, 0.5, 4.5, 0.75], "texture": "#0"}
			}
		},
		{
			"name": "plate",
			"from": [4, 5, 4.8],
			"to": [5, 6, 6],
			"rotation": {"angle": 0, "axis": "y", "origin": [13, -10, 8]},
			"faces": {
				"north": {"uv": [6.75, 1.75, 7, 2], "texture": "#0"},
				"east": {"uv": [2, 6.75, 2.25, 7], "texture": "#0"},
				"south": {"uv": [6.75, 2, 7, 2.25], "texture": "#0"},
				"west": {"uv": [2.25, 6.75, 2.5, 7], "texture": "#0"},
				"up": {"uv": [7, 2.5, 6.75, 2.25], "texture": "#0"},
				"down": {"uv": [2.75, 6.75, 2.5, 7], "texture": "#0"}
			}
		},
		{
			"name": "plate",
			"from": [11, 5, 4.8],
			"to": [12, 6, 6],
			"rotation": {"angle": 0, "axis": "y", "origin": [20, -10, 8]},
			"faces": {
				"north": {"uv": [6.75, 2.5, 7, 2.75], "texture": "#0"},
				"east": {"uv": [2.75, 6.75, 3, 7], "texture": "#0"},
				"south": {"uv": [6.75, 2.75, 7, 3], "texture": "#0"},
				"west": {"uv": [3, 6.75, 3.25, 7], "texture": "#0"},
				"up": {"uv": [7, 3.25, 6.75, 3], "texture": "#0"},
				"down": {"uv": [3.5, 6.75, 3.25, 7], "texture": "#0"}
			}
		},
		{
			"name": "plate",
			"from": [6, 4, 5],
			"to": [10, 5, 6],
			"rotation": {"angle": 0, "axis": "y", "origin": [14, -10, 8]},
			"faces": {
				"north": {"uv": [4.5, 0.75, 5.5, 1], "texture": "#0"},
				"east": {"uv": [6.75, 3.25, 7, 3.5], "texture": "#0"},
				"south": {"uv": [4.5, 1, 5.5, 1.25], "texture": "#0"},
				"west": {"uv": [3.5, 6.75, 3.75, 7], "texture": "#0"},
				"up": {"uv": [5.5, 1.5, 4.5, 1.25], "texture": "#0"},
				"down": {"uv": [5.25, 4.5, 4.25, 4.75], "texture": "#0"}
			}
		},
		{
			"name": "plate",
			"from": [5, 4, 4.8],
			"to": [6, 5, 6],
			"rotation": {"angle": 0, "axis": "y", "origin": [14, -10, 8]},
			"faces": {
				"north": {"uv": [6.75, 3.5, 7, 3.75], "texture": "#0"},
				"east": {"uv": [3.75, 6.75, 4, 7], "texture": "#0"},
				"south": {"uv": [6.75, 3.75, 7, 4], "texture": "#0"},
				"west": {"uv": [4, 6.75, 4.25, 7], "texture": "#0"},
				"up": {"uv": [7, 4.25, 6.75, 4], "texture": "#0"},
				"down": {"uv": [4.5, 6.75, 4.25, 7], "texture": "#0"}
			}
		},
		{
			"name": "plate",
			"from": [10, 4, 4.8],
			"to": [11, 5, 6],
			"rotation": {"angle": 0, "axis": "y", "origin": [19, -10, 8]},
			"faces": {
				"north": {"uv": [6.75, 4.25, 7, 4.5], "texture": "#0"},
				"east": {"uv": [4.5, 6.75, 4.75, 7], "texture": "#0"},
				"south": {"uv": [6.75, 4.5, 7, 4.75], "texture": "#0"},
				"west": {"uv": [4.75, 6.75, 5, 7], "texture": "#0"},
				"up": {"uv": [7, 5, 6.75, 4.75], "texture": "#0"},
				"down": {"uv": [5.25, 6.75, 5, 7], "texture": "#0"}
			}
		},
		{
			"name": "plate",
			"from": [6, 3, 4.8],
			"to": [10, 4, 6],
			"rotation": {"angle": 0, "axis": "y", "origin": [14, -11, 8]},
			"faces": {
				"north": {"uv": [1, 4.75, 2, 5], "texture": "#0"},
				"east": {"uv": [6.75, 5, 7, 5.25], "texture": "#0"},
				"south": {"uv": [3.5, 4.75, 4.5, 5], "texture": "#0"},
				"west": {"uv": [5.25, 6.75, 5.5, 7], "texture": "#0"},
				"up": {"uv": [5.5, 5, 4.5, 4.75], "texture": "#0"},
				"down": {"uv": [2, 5, 1, 5.25], "texture": "#0"}
			}
		},
		{
			"name": "plate",
			"from": [12, 6, 4.8],
			"to": [13, 7, 5.8],
			"rotation": {"angle": -22.5, "axis": "y", "origin": [12, 12, 5]},
			"faces": {
				"north": {"uv": [6.75, 5.25, 7, 5.5], "texture": "#0"},
				"east": {"uv": [5.5, 6.75, 5.75, 7], "texture": "#0"},
				"south": {"uv": [6.75, 5.5, 7, 5.75], "texture": "#0"},
				"west": {"uv": [5.75, 6.75, 6, 7], "texture": "#0"},
				"up": {"uv": [7, 6, 6.75, 5.75], "texture": "#0"},
				"down": {"uv": [6.25, 6.75, 6, 7], "texture": "#0"}
			}
		},
		{
			"name": "plate",
			"from": [9.8, 17, 4.8],
			"to": [11.3, 18, 6],
			"rotation": {"angle": 0, "axis": "y", "origin": [13, 3, 8]},
			"faces": {
				"north": {"uv": [5.75, 1.5, 6.25, 1.75], "texture": "#0"},
				"east": {"uv": [6.75, 6, 7, 6.25], "texture": "#0"},
				"south": {"uv": [5.75, 1.75, 6.25, 2], "texture": "#0"},
				"west": {"uv": [6.25, 6.75, 6.5, 7], "texture": "#0"},
				"up": {"uv": [6.25, 2.25, 5.75, 2], "texture": "#0"},
				"down": {"uv": [6.25, 2.25, 5.75, 2.5], "texture": "#0"}
			}
		},
		{
			"name": "plate",
			"from": [4.8, 17, 4.8],
			"to": [6.3, 18, 6],
			"rotation": {"angle": 0, "axis": "y", "origin": [9, 3, 8]},
			"faces": {
				"north": {"uv": [5.75, 2.5, 6.25, 2.75], "texture": "#0"},
				"east": {"uv": [6.75, 6.25, 7, 6.5], "texture": "#0"},
				"south": {"uv": [5.75, 2.75, 6.25, 3], "texture": "#0"},
				"west": {"uv": [6.5, 6.75, 6.75, 7], "texture": "#0"},
				"up": {"uv": [6.25, 3.25, 5.75, 3], "texture": "#0"},
				"down": {"uv": [6.25, 3.25, 5.75, 3.5], "texture": "#0"}
			}
		},
		{
			"name": "plate",
			"from": [11.3, 17, 5],
			"to": [11.5, 17.8, 6],
			"rotation": {"angle": 0, "axis": "y", "origin": [13, 3, 8]},
			"faces": {
				"north": {"uv": [6.75, 6.5, 7, 6.75], "texture": "#0"},
				"east": {"uv": [6.75, 6.75, 7, 7], "texture": "#0"},
				"south": {"uv": [0, 7, 0.25, 7.25], "texture": "#0"},
				"west": {"uv": [7, 0, 7.25, 0.25], "texture": "#0"},
				"up": {"uv": [0.5, 7.25, 0.25, 7], "texture": "#0"},
				"down": {"uv": [7.25, 0.25, 7, 0.5], "texture": "#0"}
			}
		},
		{
			"name": "plate",
			"from": [4.5, 17, 5],
			"to": [4.9, 17.8, 6],
			"rotation": {"angle": 0, "axis": "y", "origin": [6, 3, 8]},
			"faces": {
				"north": {"uv": [0.5, 7, 0.75, 7.25], "texture": "#0"},
				"east": {"uv": [7, 0.5, 7.25, 0.75], "texture": "#0"},
				"south": {"uv": [0.75, 7, 1, 7.25], "texture": "#0"},
				"west": {"uv": [7, 0.75, 7.25, 1], "texture": "#0"},
				"up": {"uv": [1.25, 7.25, 1, 7], "texture": "#0"},
				"down": {"uv": [7.25, 1, 7, 1.25], "texture": "#0"}
			}
		},
		{
			"name": "plate",
			"from": [7.5, 9, 4.6],
			"to": [8.5, 18, 5],
			"rotation": {"angle": 0, "axis": "y", "origin": [14, 2, 8]},
			"faces": {
				"north": {"uv": [2, 1.5, 2.25, 3.75], "texture": "#0"},
				"east": {"uv": [2.25, 1.5, 2.5, 3.75], "texture": "#0"},
				"south": {"uv": [2.5, 1.5, 2.75, 3.75], "texture": "#0"},
				"west": {"uv": [2.75, 1.5, 3, 3.75], "texture": "#0"},
				"up": {"uv": [1.5, 7.25, 1.25, 7], "texture": "#0"},
				"down": {"uv": [7.25, 1.25, 7, 1.5], "texture": "#0"}
			}
		},
		{
			"name": "plate",
			"from": [7.7, 8.4, 4.8],
			"to": [8.3, 9, 5],
			"rotation": {"angle": 0, "axis": "y", "origin": [14, 2, 8]},
			"faces": {
				"north": {"uv": [1.5, 7, 1.75, 7.25], "texture": "#0"},
				"east": {"uv": [7, 1.5, 7.25, 1.75], "texture": "#0"},
				"south": {"uv": [1.75, 7, 2, 7.25], "texture": "#0"},
				"west": {"uv": [7, 1.75, 7.25, 2], "texture": "#0"},
				"up": {"uv": [2.25, 7.25, 2, 7], "texture": "#0"},
				"down": {"uv": [7.25, 2, 7, 2.25], "texture": "#0"}
			}
		},
		{
			"name": "plate",
			"from": [8.5, 16, 4.6],
			"to": [9.5, 17, 5],
			"rotation": {"angle": 0, "axis": "y", "origin": [15, 3, 8]},
			"faces": {
				"north": {"uv": [2.25, 7, 2.5, 7.25], "texture": "#0"},
				"east": {"uv": [7, 2.25, 7.25, 2.5], "texture": "#0"},
				"south": {"uv": [2.5, 7, 2.75, 7.25], "texture": "#0"},
				"west": {"uv": [7, 2.5, 7.25, 2.75], "texture": "#0"},
				"up": {"uv": [3, 7.25, 2.75, 7], "texture": "#0"},
				"down": {"uv": [7.25, 2.75, 7, 3], "texture": "#0"}
			}
		},
		{
			"name": "plate",
			"from": [9.5, 16.4, 4.6],
			"to": [10.5, 17.4, 5],
			"rotation": {"angle": 0, "axis": "y", "origin": [16, 3, 8]},
			"faces": {
				"north": {"uv": [3, 7, 3.25, 7.25], "texture": "#0"},
				"east": {"uv": [7, 3, 7.25, 3.25], "texture": "#0"},
				"south": {"uv": [3.25, 7, 3.5, 7.25], "texture": "#0"},
				"west": {"uv": [7, 3.25, 7.25, 3.5], "texture": "#0"},
				"up": {"uv": [3.75, 7.25, 3.5, 7], "texture": "#0"},
				"down": {"uv": [7.25, 3.5, 7, 3.75], "texture": "#0"}
			}
		},
		{
			"name": "plate",
			"from": [10.5, 16.8, 4.6],
			"to": [11.5, 17.8, 5],
			"rotation": {"angle": 0, "axis": "y", "origin": [17, 3, 8]},
			"faces": {
				"north": {"uv": [3.75, 7, 4, 7.25], "texture": "#0"},
				"east": {"uv": [7, 3.75, 7.25, 4], "texture": "#0"},
				"south": {"uv": [4, 7, 4.25, 7.25], "texture": "#0"},
				"west": {"uv": [7, 4, 7.25, 4.25], "texture": "#0"},
				"up": {"uv": [4.5, 7.25, 4.25, 7], "texture": "#0"},
				"down": {"uv": [7.25, 4.25, 7, 4.5], "texture": "#0"}
			}
		},
		{
			"name": "plate",
			"from": [6.5, 16, 4.6],
			"to": [7.5, 17, 5],
			"rotation": {"angle": 0, "axis": "y", "origin": [13, 3, 8]},
			"faces": {
				"north": {"uv": [4.5, 7, 4.75, 7.25], "texture": "#0"},
				"east": {"uv": [7, 4.5, 7.25, 4.75], "texture": "#0"},
				"south": {"uv": [4.75, 7, 5, 7.25], "texture": "#0"},
				"west": {"uv": [7, 4.75, 7.25, 5], "texture": "#0"},
				"up": {"uv": [5.25, 7.25, 5, 7], "texture": "#0"},
				"down": {"uv": [7.25, 5, 7, 5.25], "texture": "#0"}
			}
		},
		{
			"name": "plate",
			"from": [5.5, 16.4, 4.6],
			"to": [6.5, 17.4, 5],
			"rotation": {"angle": 0, "axis": "y", "origin": [12, 3, 8]},
			"faces": {
				"north": {"uv": [5.25, 7, 5.5, 7.25], "texture": "#0"},
				"east": {"uv": [7, 5.25, 7.25, 5.5], "texture": "#0"},
				"south": {"uv": [5.5, 7, 5.75, 7.25], "texture": "#0"},
				"west": {"uv": [7, 5.5, 7.25, 5.75], "texture": "#0"},
				"up": {"uv": [6, 7.25, 5.75, 7], "texture": "#0"},
				"down": {"uv": [7.25, 5.75, 7, 6], "texture": "#0"}
			}
		},
		{
			"name": "plate",
			"from": [4.5, 16.8, 4.6],
			"to": [5.5, 17.8, 5],
			"rotation": {"angle": 0, "axis": "y", "origin": [11, 3, 8]},
			"faces": {
				"north": {"uv": [6, 7, 6.25, 7.25], "texture": "#0"},
				"east": {"uv": [7, 6, 7.25, 6.25], "texture": "#0"},
				"south": {"uv": [6.25, 7, 6.5, 7.25], "texture": "#0"},
				"west": {"uv": [7, 6.25, 7.25, 6.5], "texture": "#0"},
				"up": {"uv": [6.75, 7.25, 6.5, 7], "texture": "#0"},
				"down": {"uv": [7.25, 6.5, 7, 6.75], "texture": "#0"}
			}
		},
		{
			"name": "plate",
			"from": [11.5, 14.9, 4.7],
			"to": [12.5, 15.9, 5.1],
			"rotation": {"angle": 0, "axis": "y", "origin": [18, 1, 8]},
			"faces": {
				"north": {"uv": [6.75, 7, 7, 7.25], "texture": "#0"},
				"east": {"uv": [7, 6.75, 7.25, 7], "texture": "#0"},
				"south": {"uv": [7, 7, 7.25, 7.25], "texture": "#0"},
				"west": {"uv": [0, 7.25, 0.25, 7.5], "texture": "#0"},
				"up": {"uv": [7.5, 0.25, 7.25, 0], "texture": "#0"},
				"down": {"uv": [0.5, 7.25, 0.25, 7.5], "texture": "#0"}
			}
		},
		{
			"name": "plate",
			"from": [12.5, 15.2, 5],
			"to": [13.5, 16.2, 5.4],
			"rotation": {"angle": -22.5, "axis": "y", "origin": [13, 15, 5]},
			"faces": {
				"north": {"uv": [7.25, 0.25, 7.5, 0.5], "texture": "#0"},
				"east": {"uv": [0.5, 7.25, 0.75, 7.5], "texture": "#0"},
				"south": {"uv": [7.25, 0.5, 7.5, 0.75], "texture": "#0"},
				"west": {"uv": [0.75, 7.25, 1, 7.5], "texture": "#0"},
				"up": {"uv": [7.5, 1, 7.25, 0.75], "texture": "#0"},
				"down": {"uv": [1.25, 7.25, 1, 7.5], "texture": "#0"}
			}
		},
		{
			"name": "plate",
			"from": [12.5, 13, 5],
			"to": [13.5, 14, 5.4],
			"rotation": {"angle": -22.5, "axis": "y", "origin": [13, 13, 5]},
			"faces": {
				"north": {"uv": [7.25, 1, 7.5, 1.25], "texture": "#0"},
				"east": {"uv": [1.25, 7.25, 1.5, 7.5], "texture": "#0"},
				"south": {"uv": [7.25, 1.25, 7.5, 1.5], "texture": "#0"},
				"west": {"uv": [1.5, 7.25, 1.75, 7.5], "texture": "#0"},
				"up": {"uv": [7.5, 1.75, 7.25, 1.5], "texture": "#0"},
				"down": {"uv": [2, 7.25, 1.75, 7.5], "texture": "#0"}
			}
		},
		{
			"name": "plate",
			"from": [13.5, 13.3, 5],
			"to": [14.5, 14.3, 5.4],
			"rotation": {"angle": -22.5, "axis": "y", "origin": [13, 13, 5]},
			"faces": {
				"north": {"uv": [7.25, 1.75, 7.5, 2], "texture": "#0"},
				"east": {"uv": [2, 7.25, 2.25, 7.5], "texture": "#0"},
				"south": {"uv": [7.25, 2, 7.5, 2.25], "texture": "#0"},
				"west": {"uv": [2.25, 7.25, 2.5, 7.5], "texture": "#0"},
				"up": {"uv": [7.5, 2.5, 7.25, 2.25], "texture": "#0"},
				"down": {"uv": [2.75, 7.25, 2.5, 7.5], "texture": "#0"}
			}
		},
		{
			"name": "plate",
			"from": [8.5, 14, 4.6],
			"to": [9.5, 15, 5],
			"rotation": {"angle": 0, "axis": "y", "origin": [15, 1, 8]},
			"faces": {
				"north": {"uv": [7.25, 2.5, 7.5, 2.75], "texture": "#0"},
				"east": {"uv": [2.75, 7.25, 3, 7.5], "texture": "#0"},
				"south": {"uv": [7.25, 2.75, 7.5, 3], "texture": "#0"},
				"west": {"uv": [3, 7.25, 3.25, 7.5], "texture": "#0"},
				"up": {"uv": [7.5, 3.25, 7.25, 3], "texture": "#0"},
				"down": {"uv": [3.5, 7.25, 3.25, 7.5], "texture": "#0"}
			}
		},
		{
			"name": "plate",
			"from": [10.5, 14.6, 4.6],
			"to": [11.5, 15.6, 5],
			"rotation": {"angle": 0, "axis": "y", "origin": [17, 1, 8]},
			"faces": {
				"north": {"uv": [7.25, 3.25, 7.5, 3.5], "texture": "#0"},
				"east": {"uv": [3.5, 7.25, 3.75, 7.5], "texture": "#0"},
				"south": {"uv": [7.25, 3.5, 7.5, 3.75], "texture": "#0"},
				"west": {"uv": [3.75, 7.25, 4, 7.5], "texture": "#0"},
				"up": {"uv": [7.5, 4, 7.25, 3.75], "texture": "#0"},
				"down": {"uv": [4.25, 7.25, 4, 7.5], "texture": "#0"}
			}
		},
		{
			"name": "plate",
			"from": [9.5, 14.3, 4.6],
			"to": [10.5, 15.3, 5],
			"rotation": {"angle": 0, "axis": "y", "origin": [16, 1, 8]},
			"faces": {
				"north": {"uv": [7.25, 4, 7.5, 4.25], "texture": "#0"},
				"east": {"uv": [4.25, 7.25, 4.5, 7.5], "texture": "#0"},
				"south": {"uv": [7.25, 4.25, 7.5, 4.5], "texture": "#0"},
				"west": {"uv": [4.5, 7.25, 4.75, 7.5], "texture": "#0"},
				"up": {"uv": [7.5, 4.75, 7.25, 4.5], "texture": "#0"},
				"down": {"uv": [5, 7.25, 4.75, 7.5], "texture": "#0"}
			}
		},
		{
			"name": "plate",
			"from": [6.5, 14, 4.6],
			"to": [7.5, 15, 5],
			"rotation": {"angle": 0, "axis": "y", "origin": [13, 1, 8]},
			"faces": {
				"north": {"uv": [7.25, 4.75, 7.5, 5], "texture": "#0"},
				"east": {"uv": [5, 7.25, 5.25, 7.5], "texture": "#0"},
				"south": {"uv": [7.25, 5, 7.5, 5.25], "texture": "#0"},
				"west": {"uv": [5.25, 7.25, 5.5, 7.5], "texture": "#0"},
				"up": {"uv": [7.5, 5.5, 7.25, 5.25], "texture": "#0"},
				"down": {"uv": [5.75, 7.25, 5.5, 7.5], "texture": "#0"}
			}
		},
		{
			"name": "plate",
			"from": [6.5, 12, 4.6],
			"to": [7.5, 13, 5],
			"rotation": {"angle": 0, "axis": "y", "origin": [13, -1, 8]},
			"faces": {
				"north": {"uv": [7.25, 5.5, 7.5, 5.75], "texture": "#0"},
				"east": {"uv": [5.75, 7.25, 6, 7.5], "texture": "#0"},
				"south": {"uv": [7.25, 5.75, 7.5, 6], "texture": "#0"},
				"west": {"uv": [6, 7.25, 6.25, 7.5], "texture": "#0"},
				"up": {"uv": [7.5, 6.25, 7.25, 6], "texture": "#0"},
				"down": {"uv": [6.5, 7.25, 6.25, 7.5], "texture": "#0"}
			}
		},
		{
			"name": "plate",
			"from": [4.5, 11.6, 4.6],
			"to": [6.5, 12.6, 5],
			"rotation": {"angle": 0, "axis": "y", "origin": [12, -1, 8]},
			"faces": {
				"north": {"uv": [5.75, 3.5, 6.25, 3.75], "texture": "#0"},
				"east": {"uv": [7.25, 6.25, 7.5, 6.5], "texture": "#0"},
				"south": {"uv": [5.75, 3.75, 6.25, 4], "texture": "#0"},
				"west": {"uv": [6.5, 7.25, 6.75, 7.5], "texture": "#0"},
				"up": {"uv": [6.25, 4.25, 5.75, 4], "texture": "#0"},
				"down": {"uv": [4.75, 5.75, 4.25, 6], "texture": "#0"}
			}
		},
		{
			"name": "plate",
			"from": [3.5, 12.3, 4.7],
			"to": [4.5, 13.3, 5.1],
			"rotation": {"angle": 0, "axis": "y", "origin": [10, 0, 8]},
			"faces": {
				"north": {"uv": [7.25, 6.5, 7.5, 6.75], "texture": "#0"},
				"east": {"uv": [6.75, 7.25, 7, 7.5], "texture": "#0"},
				"south": {"uv": [7.25, 6.75, 7.5, 7], "texture": "#0"},
				"west": {"uv": [7, 7.25, 7.25, 7.5], "texture": "#0"},
				"up": {"uv": [7.5, 7.25, 7.25, 7], "texture": "#0"},
				"down": {"uv": [7.5, 7.25, 7.25, 7.5], "texture": "#0"}
			}
		},
		{
			"name": "plate",
			"from": [9.5, 11.6, 4.6],
			"to": [11.5, 12.6, 5],
			"rotation": {"angle": 0, "axis": "y", "origin": [17, -1, 8]},
			"faces": {
				"north": {"uv": [5.75, 4.25, 6.25, 4.5], "texture": "#0"},
				"east": {"uv": [0, 7.5, 0.25, 7.75], "texture": "#0"},
				"south": {"uv": [5.75, 4.5, 6.25, 4.75], "texture": "#0"},
				"west": {"uv": [7.5, 0, 7.75, 0.25], "texture": "#0"},
				"up": {"uv": [5.25, 6, 4.75, 5.75], "texture": "#0"},
				"down": {"uv": [6.25, 4.75, 5.75, 5], "texture": "#0"}
			}
		},
		{
			"name": "plate",
			"from": [8.5, 12, 4.6],
			"to": [9.5, 13, 5],
			"rotation": {"angle": 0, "axis": "y", "origin": [15, -1, 8]},
			"faces": {
				"north": {"uv": [0.25, 7.5, 0.5, 7.75], "texture": "#0"},
				"east": {"uv": [7.5, 0.25, 7.75, 0.5], "texture": "#0"},
				"south": {"uv": [0.5, 7.5, 0.75, 7.75], "texture": "#0"},
				"west": {"uv": [7.5, 0.5, 7.75, 0.75], "texture": "#0"},
				"up": {"uv": [1, 7.75, 0.75, 7.5], "texture": "#0"},
				"down": {"uv": [7.75, 0.75, 7.5, 1], "texture": "#0"}
			}
		},
		{
			"name": "plate",
			"from": [11.5, 12.3, 4.7],
			"to": [12.5, 13.3, 5.1],
			"rotation": {"angle": 0, "axis": "y", "origin": [18, 0, 8]},
			"faces": {
				"north": {"uv": [1, 7.5, 1.25, 7.75], "texture": "#0"},
				"east": {"uv": [7.5, 1, 7.75, 1.25], "texture": "#0"},
				"south": {"uv": [1.25, 7.5, 1.5, 7.75], "texture": "#0"},
				"west": {"uv": [7.5, 1.25, 7.75, 1.5], "texture": "#0"},
				"up": {"uv": [1.75, 7.75, 1.5, 7.5], "texture": "#0"},
				"down": {"uv": [7.75, 1.5, 7.5, 1.75], "texture": "#0"}
			}
		},
		{
			"name": "plate",
			"from": [5.5, 14.3, 4.6],
			"to": [6.5, 15.3, 5],
			"rotation": {"angle": 0, "axis": "y", "origin": [12, 1, 8]},
			"faces": {
				"north": {"uv": [1.75, 7.5, 2, 7.75], "texture": "#0"},
				"east": {"uv": [7.5, 1.75, 7.75, 2], "texture": "#0"},
				"south": {"uv": [2, 7.5, 2.25, 7.75], "texture": "#0"},
				"west": {"uv": [7.5, 2, 7.75, 2.25], "texture": "#0"},
				"up": {"uv": [2.5, 7.75, 2.25, 7.5], "texture": "#0"},
				"down": {"uv": [7.75, 2.25, 7.5, 2.5], "texture": "#0"}
			}
		},
		{
			"name": "plate",
			"from": [4.5, 14.6, 4.6],
			"to": [5.5, 15.6, 5],
			"rotation": {"angle": 0, "axis": "y", "origin": [11, 1, 8]},
			"faces": {
				"north": {"uv": [2.5, 7.5, 2.75, 7.75], "texture": "#0"},
				"east": {"uv": [7.5, 2.5, 7.75, 2.75], "texture": "#0"},
				"south": {"uv": [2.75, 7.5, 3, 7.75], "texture": "#0"},
				"west": {"uv": [7.5, 2.75, 7.75, 3], "texture": "#0"},
				"up": {"uv": [3.25, 7.75, 3, 7.5], "texture": "#0"},
				"down": {"uv": [7.75, 3, 7.5, 3.25], "texture": "#0"}
			}
		},
		{
			"name": "plate",
			"from": [3.5, 14.9, 4.7],
			"to": [4.5, 15.9, 5.1],
			"rotation": {"angle": 0, "axis": "y", "origin": [10, 1, 8]},
			"faces": {
				"north": {"uv": [3.25, 7.5, 3.5, 7.75], "texture": "#0"},
				"east": {"uv": [7.5, 3.25, 7.75, 3.5], "texture": "#0"},
				"south": {"uv": [3.5, 7.5, 3.75, 7.75], "texture": "#0"},
				"west": {"uv": [7.5, 3.5, 7.75, 3.75], "texture": "#0"},
				"up": {"uv": [4, 7.75, 3.75, 7.5], "texture": "#0"},
				"down": {"uv": [7.75, 3.75, 7.5, 4], "texture": "#0"}
			}
		},
		{
			"name": "plate",
			"from": [2.5, 15.2, 5],
			"to": [3.5, 16.2, 5.4],
			"rotation": {"angle": 22.5, "axis": "y", "origin": [3, 15, 5]},
			"faces": {
				"north": {"uv": [4, 7.5, 4.25, 7.75], "texture": "#0"},
				"east": {"uv": [7.5, 4, 7.75, 4.25], "texture": "#0"},
				"south": {"uv": [4.25, 7.5, 4.5, 7.75], "texture": "#0"},
				"west": {"uv": [7.5, 4.25, 7.75, 4.5], "texture": "#0"},
				"up": {"uv": [4.75, 7.75, 4.5, 7.5], "texture": "#0"},
				"down": {"uv": [7.75, 4.5, 7.5, 4.75], "texture": "#0"}
			}
		},
		{
			"name": "plate",
			"from": [2.5, 12.5, 5],
			"to": [3.5, 13.5, 5.4],
			"rotation": {"angle": 22.5, "axis": "y", "origin": [3, 12, 5]},
			"faces": {
				"north": {"uv": [4.75, 7.5, 5, 7.75], "texture": "#0"},
				"east": {"uv": [7.5, 4.75, 7.75, 5], "texture": "#0"},
				"south": {"uv": [5, 7.5, 5.25, 7.75], "texture": "#0"},
				"west": {"uv": [7.5, 5, 7.75, 5.25], "texture": "#0"},
				"up": {"uv": [5.5, 7.75, 5.25, 7.5], "texture": "#0"},
				"down": {"uv": [7.75, 5.25, 7.5, 5.5], "texture": "#0"}
			}
		},
		{
			"name": "plate",
			"from": [1.5, 13.1, 5.4],
			"to": [2.5, 14.1, 5.8],
			"rotation": {"angle": 22.5, "axis": "y", "origin": [2, 13, 5]},
			"faces": {
				"north": {"uv": [5.5, 7.5, 5.75, 7.75], "texture": "#0"},
				"east": {"uv": [7.5, 5.5, 7.75, 5.75], "texture": "#0"},
				"south": {"uv": [5.75, 7.5, 6, 7.75], "texture": "#0"},
				"west": {"uv": [7.5, 5.75, 7.75, 6], "texture": "#0"},
				"up": {"uv": [6.25, 7.75, 6, 7.5], "texture": "#0"},
				"down": {"uv": [7.75, 6, 7.5, 6.25], "texture": "#0"}
			}
		},
		{
			"name": "plate",
			"from": [0.8, 14.1, 5.8],
			"to": [1.8, 15.1, 6.2],
			"rotation": {"angle": 22.5, "axis": "y", "origin": [1, 14, 5]},
			"faces": {
				"north": {"uv": [6.25, 7.5, 6.5, 7.75], "texture": "#0"},
				"east": {"uv": [7.5, 6.25, 7.75, 6.5], "texture": "#0"},
				"south": {"uv": [6.5, 7.5, 6.75, 7.75], "texture": "#0"},
				"west": {"uv": [7.5, 6.5, 7.75, 6.75], "texture": "#0"},
				"up": {"uv": [7, 7.75, 6.75, 7.5], "texture": "#0"},
				"down": {"uv": [7.75, 6.75, 7.5, 7], "texture": "#0"}
			}
		},
		{
			"name": "plate",
			"from": [6.5, 10, 4.6],
			"to": [7.5, 11, 5],
			"rotation": {"angle": 0, "axis": "y", "origin": [13, -3, 8]},
			"faces": {
				"north": {"uv": [7, 7.5, 7.25, 7.75], "texture": "#0"},
				"east": {"uv": [7.5, 7, 7.75, 7.25], "texture": "#0"},
				"south": {"uv": [7.25, 7.5, 7.5, 7.75], "texture": "#0"},
				"west": {"uv": [7.5, 7.25, 7.75, 7.5], "texture": "#0"},
				"up": {"uv": [7.75, 7.75, 7.5, 7.5], "texture": "#0"},
				"down": {"uv": [0.25, 7.75, 0, 8], "texture": "#0"}
			}
		},
		{
			"name": "plate",
			"from": [4.5, 9.6, 4.6],
			"to": [6.5, 10.6, 5],
			"rotation": {"angle": 0, "axis": "y", "origin": [12, -3, 8]},
			"faces": {
				"north": {"uv": [5.75, 5, 6.25, 5.25], "texture": "#0"},
				"east": {"uv": [7.75, 0, 8, 0.25], "texture": "#0"},
				"south": {"uv": [5.75, 5.25, 6.25, 5.5], "texture": "#0"},
				"west": {"uv": [0.25, 7.75, 0.5, 8], "texture": "#0"},
				"up": {"uv": [6.25, 5.75, 5.75, 5.5], "texture": "#0"},
				"down": {"uv": [6.25, 5.75, 5.75, 6], "texture": "#0"}
			}
		},
		{
			"name": "plate",
			"from": [3.5, 9.3, 4.7],
			"to": [4.5, 10.3, 5.1],
			"rotation": {"angle": 0, "axis": "y", "origin": [10, -3, 8]},
			"faces": {
				"north": {"uv": [7.75, 0.25, 8, 0.5], "texture": "#0"},
				"east": {"uv": [0.5, 7.75, 0.75, 8], "texture": "#0"},
				"south": {"uv": [7.75, 0.5, 8, 0.75], "texture": "#0"},
				"west": {"uv": [0.75, 7.75, 1, 8], "texture": "#0"},
				"up": {"uv": [8, 1, 7.75, 0.75], "texture": "#0"},
				"down": {"uv": [1.25, 7.75, 1, 8], "texture": "#0"}
			}
		},
		{
			"name": "plate",
			"from": [2.5, 9.5, 5],
			"to": [3.5, 10.5, 5.4],
			"rotation": {"angle": 22.5, "axis": "y", "origin": [3, 9, 5]},
			"faces": {
				"north": {"uv": [7.75, 1, 8, 1.25], "texture": "#0"},
				"east": {"uv": [1.25, 7.75, 1.5, 8], "texture": "#0"},
				"south": {"uv": [7.75, 1.25, 8, 1.5], "texture": "#0"},
				"west": {"uv": [1.5, 7.75, 1.75, 8], "texture": "#0"},
				"up": {"uv": [8, 1.75, 7.75, 1.5], "texture": "#0"},
				"down": {"uv": [2, 7.75, 1.75, 8], "texture": "#0"}
			}
		},
		{
			"name": "plate",
			"from": [1.5, 10.1, 5.4],
			"to": [2.5, 11.1, 5.8],
			"rotation": {"angle": 22.5, "axis": "y", "origin": [2, 10, 5]},
			"faces": {
				"north": {"uv": [7.75, 1.75, 8, 2], "texture": "#0"},
				"east": {"uv": [2, 7.75, 2.25, 8], "texture": "#0"},
				"south": {"uv": [7.75, 2, 8, 2.25], "texture": "#0"},
				"west": {"uv": [2.25, 7.75, 2.5, 8], "texture": "#0"},
				"up": {"uv": [8, 2.5, 7.75, 2.25], "texture": "#0"},
				"down": {"uv": [2.75, 7.75, 2.5, 8], "texture": "#0"}
			}
		},
		{
			"name": "plate",
			"from": [6.5, 9, 4.6],
			"to": [7.5, 10, 5],
			"rotation": {"angle": 0, "axis": "y", "origin": [13, -4, 8]},
			"faces": {
				"north": {"uv": [7.75, 2.5, 8, 2.75], "texture": "#0"},
				"east": {"uv": [2.75, 7.75, 3, 8], "texture": "#0"},
				"south": {"uv": [7.75, 2.75, 8, 3], "texture": "#0"},
				"west": {"uv": [3, 7.75, 3.25, 8], "texture": "#0"},
				"up": {"uv": [8, 3.25, 7.75, 3], "texture": "#0"},
				"down": {"uv": [3.5, 7.75, 3.25, 8], "texture": "#0"}
			}
		},
		{
			"name": "plate",
			"from": [4.5, 8.3, 4.6],
			"to": [6.5, 9.3, 5],
			"rotation": {"angle": 0, "axis": "y", "origin": [12, -4, 8]},
			"faces": {
				"north": {"uv": [6, 0, 6.5, 0.25], "texture": "#0"},
				"east": {"uv": [7.75, 3.25, 8, 3.5], "texture": "#0"},
				"south": {"uv": [6, 0.25, 6.5, 0.5], "texture": "#0"},
				"west": {"uv": [3.5, 7.75, 3.75, 8], "texture": "#0"},
				"up": {"uv": [6.5, 0.75, 6, 0.5], "texture": "#0"},
				"down": {"uv": [1.5, 6, 1, 6.25], "texture": "#0"}
			}
		},
		{
			"name": "plate",
			"from": [3.5, 7.6, 4.7],
			"to": [4.5, 8.6, 5.1],
			"rotation": {"angle": 0, "axis": "y", "origin": [10, -4, 8]},
			"faces": {
				"north": {"uv": [7.75, 3.5, 8, 3.75], "texture": "#0"},
				"east": {"uv": [3.75, 7.75, 4, 8], "texture": "#0"},
				"south": {"uv": [7.75, 3.75, 8, 4], "texture": "#0"},
				"west": {"uv": [4, 7.75, 4.25, 8], "texture": "#0"},
				"up": {"uv": [8, 4.25, 7.75, 4], "texture": "#0"},
				"down": {"uv": [4.5, 7.75, 4.25, 8], "texture": "#0"}
			}
		},
		{
			"name": "plate",
			"from": [2.5, 7.3, 5],
			"to": [3.5, 8.3, 5.4],
			"rotation": {"angle": 22.5, "axis": "y", "origin": [3, 7, 5]},
			"faces": {
				"north": {"uv": [7.75, 4.25, 8, 4.5], "texture": "#0"},
				"east": {"uv": [4.5, 7.75, 4.75, 8], "texture": "#0"},
				"south": {"uv": [7.75, 4.5, 8, 4.75], "texture": "#0"},
				"west": {"uv": [4.75, 7.75, 5, 8], "texture": "#0"},
				"up": {"uv": [8, 5, 7.75, 4.75], "texture": "#0"},
				"down": {"uv": [5.25, 7.75, 5, 8], "texture": "#0"}
			}
		},
		{
			"name": "plate",
			"from": [1.5, 7.1, 5.4],
			"to": [2.5, 8.1, 5.8],
			"rotation": {"angle": 22.5, "axis": "y", "origin": [2, 8, 5]},
			"faces": {
				"north": {"uv": [7.75, 5, 8, 5.25], "texture": "#0"},
				"east": {"uv": [5.25, 7.75, 5.5, 8], "texture": "#0"},
				"south": {"uv": [7.75, 5.25, 8, 5.5], "texture": "#0"},
				"west": {"uv": [5.5, 7.75, 5.75, 8], "texture": "#0"},
				"up": {"uv": [8, 5.75, 7.75, 5.5], "texture": "#0"},
				"down": {"uv": [6, 7.75, 5.75, 8], "texture": "#0"}
			}
		},
		{
			"name": "plate",
			"from": [14, 14.1, 6.3],
			"to": [15, 15.1, 6.7],
			"rotation": {"angle": -22.5, "axis": "y", "origin": [16, 14, 6]},
			"faces": {
				"north": {"uv": [7.75, 5.75, 8, 6], "texture": "#0"},
				"east": {"uv": [6, 7.75, 6.25, 8], "texture": "#0"},
				"south": {"uv": [7.75, 6, 8, 6.25], "texture": "#0"},
				"west": {"uv": [6.25, 7.75, 6.5, 8], "texture": "#0"},
				"up": {"uv": [8, 6.5, 7.75, 6.25], "texture": "#0"},
				"down": {"uv": [6.75, 7.75, 6.5, 8], "texture": "#0"}
			}
		},
		{
			"name": "plate",
			"from": [8.5, 10, 4.6],
			"to": [9.5, 11, 5],
			"rotation": {"angle": 0, "axis": "y", "origin": [15, -3, 8]},
			"faces": {
				"north": {"uv": [7.75, 6.5, 8, 6.75], "texture": "#0"},
				"east": {"uv": [6.75, 7.75, 7, 8], "texture": "#0"},
				"south": {"uv": [7.75, 6.75, 8, 7], "texture": "#0"},
				"west": {"uv": [7, 7.75, 7.25, 8], "texture": "#0"},
				"up": {"uv": [8, 7.25, 7.75, 7], "texture": "#0"},
				"down": {"uv": [7.5, 7.75, 7.25, 8], "texture": "#0"}
			}
		},
		{
			"name": "plate",
			"from": [9.5, 9.6, 4.6],
			"to": [11.5, 10.6, 5],
			"rotation": {"angle": 0, "axis": "y", "origin": [17, -3, 8]},
			"faces": {
				"north": {"uv": [1.5, 6, 2, 6.25], "texture": "#0"},
				"east": {"uv": [7.75, 7.25, 8, 7.5], "texture": "#0"},
				"south": {"uv": [2, 6, 2.5, 6.25], "texture": "#0"},
				"west": {"uv": [7.5, 7.75, 7.75, 8], "texture": "#0"},
				"up": {"uv": [3, 6.25, 2.5, 6], "texture": "#0"},
				"down": {"uv": [3.5, 6, 3, 6.25], "texture": "#0"}
			}
		},
		{
			"name": "plate",
			"from": [11.5, 9.3, 4.7],
			"to": [12.5, 10.3, 5.1],
			"rotation": {"angle": 0, "axis": "y", "origin": [18, -3, 8]},
			"faces": {
				"north": {"uv": [7.75, 7.5, 8, 7.75], "texture": "#0"},
				"east": {"uv": [7.75, 7.75, 8, 8], "texture": "#0"},
				"south": {"uv": [0, 8, 0.25, 8.25], "texture": "#0"},
				"west": {"uv": [8, 0, 8.25, 0.25], "texture": "#0"},
				"up": {"uv": [0.5, 8.25, 0.25, 8], "texture": "#0"},
				"down": {"uv": [8.25, 0.25, 8, 0.5], "texture": "#0"}
			}
		},
		{
			"name": "plate",
			"from": [12.5, 10, 5],
			"to": [13.5, 11, 5.4],
			"rotation": {"angle": -22.5, "axis": "y", "origin": [13, 10, 5]},
			"faces": {
				"north": {"uv": [0.5, 8, 0.75, 8.25], "texture": "#0"},
				"east": {"uv": [8, 0.5, 8.25, 0.75], "texture": "#0"},
				"south": {"uv": [0.75, 8, 1, 8.25], "texture": "#0"},
				"west": {"uv": [8, 0.75, 8.25, 1], "texture": "#0"},
				"up": {"uv": [1.25, 8.25, 1, 8], "texture": "#0"},
				"down": {"uv": [8.25, 1, 8, 1.25], "texture": "#0"}
			}
		},
		{
			"name": "plate",
			"from": [13.5, 10.3, 5],
			"to": [14.5, 11.3, 5.4],
			"rotation": {"angle": -22.5, "axis": "y", "origin": [13, 10, 5]},
			"faces": {
				"north": {"uv": [1.25, 8, 1.5, 8.25], "texture": "#0"},
				"east": {"uv": [8, 1.25, 8.25, 1.5], "texture": "#0"},
				"south": {"uv": [1.5, 8, 1.75, 8.25], "texture": "#0"},
				"west": {"uv": [8, 1.5, 8.25, 1.75], "texture": "#0"},
				"up": {"uv": [2, 8.25, 1.75, 8], "texture": "#0"},
				"down": {"uv": [8.25, 1.75, 8, 2], "texture": "#0"}
			}
		},
		{
			"name": "plate",
			"from": [13.5, 7.1, 5],
			"to": [14.5, 8.1, 5.4],
			"rotation": {"angle": -22.5, "axis": "y", "origin": [13, 9, 5]},
			"faces": {
				"north": {"uv": [2, 8, 2.25, 8.25], "texture": "#0"},
				"east": {"uv": [8, 2, 8.25, 2.25], "texture": "#0"},
				"south": {"uv": [2.25, 8, 2.5, 8.25], "texture": "#0"},
				"west": {"uv": [8, 2.25, 8.25, 2.5], "texture": "#0"},
				"up": {"uv": [2.75, 8.25, 2.5, 8], "texture": "#0"},
				"down": {"uv": [8.25, 2.5, 8, 2.75], "texture": "#0"}
			}
		},
		{
			"name": "plate",
			"from": [12.5, 7.3, 5],
			"to": [13.5, 8.3, 5.4],
			"rotation": {"angle": -22.5, "axis": "y", "origin": [13, 9, 5]},
			"faces": {
				"north": {"uv": [2.75, 8, 3, 8.25], "texture": "#0"},
				"east": {"uv": [8, 2.75, 8.25, 3], "texture": "#0"},
				"south": {"uv": [3, 8, 3.25, 8.25], "texture": "#0"},
				"west": {"uv": [8, 3, 8.25, 3.25], "texture": "#0"},
				"up": {"uv": [3.5, 8.25, 3.25, 8], "texture": "#0"},
				"down": {"uv": [8.25, 3.25, 8, 3.5], "texture": "#0"}
			}
		},
		{
			"name": "plate",
			"from": [11.5, 7.6, 4.7],
			"to": [12.5, 8.6, 5.1],
			"rotation": {"angle": 0, "axis": "y", "origin": [18, -4, 8]},
			"faces": {
				"north": {"uv": [3.5, 8, 3.75, 8.25], "texture": "#0"},
				"east": {"uv": [8, 3.5, 8.25, 3.75], "texture": "#0"},
				"south": {"uv": [3.75, 8, 4, 8.25], "texture": "#0"},
				"west": {"uv": [8, 3.75, 8.25, 4], "texture": "#0"},
				"up": {"uv": [4.25, 8.25, 4, 8], "texture": "#0"},
				"down": {"uv": [8.25, 4, 8, 4.25], "texture": "#0"}
			}
		},
		{
			"name": "plate",
			"from": [9.5, 8.3, 4.6],
			"to": [11.5, 9.3, 5],
			"rotation": {"angle": 0, "axis": "y", "origin": [17, -4, 8]},
			"faces": {
				"north": {"uv": [3.5, 6, 4, 6.25], "texture": "#0"},
				"east": {"uv": [4.25, 8, 4.5, 8.25], "texture": "#0"},
				"south": {"uv": [4, 6, 4.5, 6.25], "texture": "#0"},
				"west": {"uv": [8, 4.25, 8.25, 4.5], "texture": "#0"},
				"up": {"uv": [5, 6.25, 4.5, 6], "texture": "#0"},
				"down": {"uv": [5.5, 6, 5, 6.25], "texture": "#0"}
			}
		},
		{
			"name": "plate",
			"from": [8.5, 9, 4.6],
			"to": [9.5, 10, 5],
			"rotation": {"angle": 0, "axis": "y", "origin": [15, -4, 8]},
			"faces": {
				"north": {"uv": [4.5, 8, 4.75, 8.25], "texture": "#0"},
				"east": {"uv": [8, 4.5, 8.25, 4.75], "texture": "#0"},
				"south": {"uv": [4.75, 8, 5, 8.25], "texture": "#0"},
				"west": {"uv": [8, 4.75, 8.25, 5], "texture": "#0"},
				"up": {"uv": [5.25, 8.25, 5, 8], "texture": "#0"},
				"down": {"uv": [8.25, 5, 8, 5.25], "texture": "#0"}
			}
		},
		{
			"name": "handle",
			"from": [9, 9, 6],
			"to": [11, 13, 7],
			"rotation": {"angle": 0, "axis": "y", "origin": [10, 0, 8]},
			"faces": {
				"north": {"uv": [3, 2.75, 3.5, 3.75], "texture": "#0"},
				"east": {"uv": [5, 1.5, 5.25, 2.5], "texture": "#0"},
				"south": {"uv": [0, 3.25, 0.5, 4.25], "texture": "#0"},
				"west": {"uv": [3.5, 5, 3.75, 6], "texture": "#0"},
				"up": {"uv": [6, 6.25, 5.5, 6], "texture": "#0"},
				"down": {"uv": [6.5, 6, 6, 6.25], "texture": "#0"}
			}
		},
		{
			"name": "handle",
			"from": [5, 9, 6],
			"to": [7, 13, 7],
			"rotation": {"angle": 0, "axis": "y", "origin": [6, 0, 8]},
			"faces": {
				"north": {"uv": [0.5, 3.25, 1, 4.25], "texture": "#0"},
				"east": {"uv": [3.75, 5, 4, 6], "texture": "#0"},
				"south": {"uv": [1, 3.25, 1.5, 4.25], "texture": "#0"},
				"west": {"uv": [4, 5, 4.25, 6], "texture": "#0"},
				"up": {"uv": [0.5, 6.5, 0, 6.25], "texture": "#0"},
				"down": {"uv": [1, 6.25, 0.5, 6.5], "texture": "#0"}
			}
		}
	],
	"display": {
		"thirdperson_righthand": {
			"rotation": [2.37, -79.89, -13.08],
			"translation": [-0.25, -5.25, 1.75]
		},
		"thirdperson_lefthand": {
			"rotation": [-19.78, -78.13, -25.81],
			"translation": [-0.5, -4.5, 3]
		},
		"firstperson_righthand": {
			"rotation": [1, -85, 17],
			"translation": [-0.25, -14, 5.25],
			"scale": [1.58, 1.58, 1.58]
		},
		"firstperson_lefthand": {
			"rotation": [0, -105, 19],
			"translation": [-0.5, -9.5, 4],
			"scale": [1.58, 1.58, 1.58]
		},
		"ground": {
			"scale": [0.5, 0.5, 0.5]
		},
		"gui": {
			"rotation": [-155.58, 42.54, 179.38],
			"translation": [1.5, -1.75, 0],
			"scale": [0.81, 0.81, 0.81]
		},
		"head": {
			"translation": [0, 0, -4.5]
		},
		"fixed": {
			"translation": [0, -5, 3],
			"scale": [1.96, 1.96, 1.96]
		}
	},
	"groups": [
		{
			"name": "plate",
			"origin": [8, 11, 7],
			"color": 0,
			"children": [
				0,
				1,
				2,
				3,
				4,
				5,
				6,
				7,
				8,
				9,
				10,
				11,
				12,
				13,
				14,
				15,
				16,
				17,
				18,
				19,
				20,
				21,
				22,
				23,
				24,
				25,
				26,
				27,
				28,
				29,
				30,
				31,
				32,
				33,
				34,
				35,
				36,
				37,
				38,
				39,
				40,
				41,
				42,
				43,
				44,
				45,
				46,
				47,
				48,
				49,
				50,
				51,
				52,
				53,
				54,
				55,
				56,
				57,
				58,
				59,
				60,
				61,
				62,
				63,
				64,
				65,
				66,
				67,
				68,
				69,
				70,
				71,
				72,
				73,
				74,
				75,
				76,
				77,
				78,
				79,
				80,
				81,
				82,
				83,
				84,
				85,
				86,
				87,
				88,
				89,
				90,
				91,
				92,
				93
			]
		}
	]
}