{
	"credit": "Made with Blockbench",
	"parent": "mandoble",
	"texture_size": [32, 32],
	"textures": {
		"0": "item/mandoblecaido",
		"particle": "item/mandoblecaido"
	},
	"elements": [
		{
			"from": [1, 0, 1],
			"to": [3, 1, 3],
			"faces": {
				"north": {"uv": [10.5, 8.5, 11.5, 9], "texture": "#0"},
				"east": {"uv": [9, 10.5, 10, 11], "texture": "#0"},
				"south": {"uv": [10.5, 9, 11.5, 9.5], "texture": "#0"},
				"west": {"uv": [10.5, 9.5, 11.5, 10], "texture": "#0"},
				"up": {"uv": [9, 2, 8, 1], "texture": "#0"},
				"down": {"uv": [8, 8, 7, 9], "texture": "#0"}
			}
		},
		{
			"from": [3, 0, 1],
			"to": [4, 1, 5],
			"rotation": {"angle": 0, "axis": "y", "origin": [3, 0, 1]},
			"faces": {
				"north": {"uv": [1.5, 11.5, 2, 12], "texture": "#0"},
				"east": {"uv": [8, 3, 10, 3.5], "texture": "#0"},
				"south": {"uv": [2, 11.5, 2.5, 12], "texture": "#0"},
				"west": {"uv": [8, 8, 10, 8.5], "texture": "#0"},
				"up": {"uv": [6.5, 10, 6, 8], "texture": "#0"},
				"down": {"uv": [3.5, 8.5, 3, 10.5], "texture": "#0"}
			}
		},
		{
			"from": [4, 0, 3],
			"to": [5, 1, 6],
			"rotation": {"angle": 0, "axis": "y", "origin": [4, 0, 1]},
			"faces": {
				"north": {"uv": [11.5, 3, 12, 3.5], "texture": "#0"},
				"east": {"uv": [9, 1, 10.5, 1.5], "texture": "#0"},
				"south": {"uv": [3.5, 11.5, 4, 12], "texture": "#0"},
				"west": {"uv": [9, 1.5, 10.5, 2], "texture": "#0"},
				"up": {"uv": [2, 10.5, 1.5, 9], "texture": "#0"},
				"down": {"uv": [4.5, 9, 4, 10.5], "texture": "#0"}
			}
		},
		{
			"from": [5, 0, 4],
			"to": [6, 1, 7],
			"rotation": {"angle": 0, "axis": "y", "origin": [5, 0, 2]},
			"faces": {
				"north": {"uv": [4, 11.5, 4.5, 12], "texture": "#0"},
				"east": {"uv": [9, 3.5, 10.5, 4], "texture": "#0"},
				"south": {"uv": [11.5, 4, 12, 4.5], "texture": "#0"},
				"west": {"uv": [9, 5.5, 10.5, 6], "texture": "#0"},
				"up": {"uv": [5, 10.5, 4.5, 9], "texture": "#0"},
				"down": {"uv": [7.5, 9, 7, 10.5], "texture": "#0"}
			}
		},
		{
			"from": [6, 0, 5],
			"to": [7, 1, 8],
			"rotation": {"angle": 0, "axis": "y", "origin": [6, 0, 3]},
			"faces": {
				"north": {"uv": [11.5, 4.5, 12, 5], "texture": "#0"},
				"east": {"uv": [9, 6, 10.5, 6.5], "texture": "#0"},
				"south": {"uv": [5, 11.5, 5.5, 12], "texture": "#0"},
				"west": {"uv": [9, 6.5, 10.5, 7], "texture": "#0"},
				"up": {"uv": [8, 10.5, 7.5, 9], "texture": "#0"},
				"down": {"uv": [8.5, 9, 8, 10.5], "texture": "#0"}
			}
		},
		{
			"from": [7, 0, 6],
			"to": [8, 1, 9],
			"rotation": {"angle": 0, "axis": "y", "origin": [7, 0, 4]},
			"faces": {
				"north": {"uv": [5.5, 11.5, 6, 12], "texture": "#0"},
				"east": {"uv": [8.5, 9, 10, 9.5], "texture": "#0"},
				"south": {"uv": [6, 11.5, 6.5, 12], "texture": "#0"},
				"west": {"uv": [9.5, 7, 11, 7.5], "texture": "#0"},
				"up": {"uv": [7, 11, 6.5, 9.5], "texture": "#0"},
				"down": {"uv": [9, 9.5, 8.5, 11], "texture": "#0"}
			}
		},
		{
			"from": [7, 0, 10],
			"to": [8, 1, 13],
			"rotation": {"angle": 0, "axis": "y", "origin": [7, 0, 6]},
			"faces": {
				"north": {"uv": [6.5, 11.5, 7, 12], "texture": "#0"},
				"east": {"uv": [9.5, 7.5, 11, 8], "texture": "#0"},
				"south": {"uv": [7, 11.5, 7.5, 12], "texture": "#0"},
				"west": {"uv": [9, 9.5, 10.5, 10], "texture": "#0"},
				"up": {"uv": [5.5, 11.5, 5, 10], "texture": "#0"},
				"down": {"uv": [6, 10, 5.5, 11.5], "texture": "#0"}
			}
		},
		{
			"from": [6, 0, 11],
			"to": [7, 1, 14],
			"rotation": {"angle": 0, "axis": "y", "origin": [6, 0, 7]},
			"faces": {
				"north": {"uv": [8.5, 11.5, 9, 12], "texture": "#0"},
				"east": {"uv": [10, 3, 11.5, 3.5], "texture": "#0"},
				"south": {"uv": [11.5, 8.5, 12, 9], "texture": "#0"},
				"west": {"uv": [10, 4, 11.5, 4.5], "texture": "#0"},
				"up": {"uv": [6.5, 11.5, 6, 10], "texture": "#0"},
				"down": {"uv": [10.5, 8, 10, 9.5], "texture": "#0"}
			}
		},
		{
			"from": [5, 0, 12],
			"to": [6, 1, 14],
			"rotation": {"angle": 0, "axis": "y", "origin": [5, 0, 7]},
			"faces": {
				"north": {"uv": [9, 11.5, 9.5, 12], "texture": "#0"},
				"east": {"uv": [10, 10.5, 11, 11], "texture": "#0"},
				"south": {"uv": [11.5, 9, 12, 9.5], "texture": "#0"},
				"west": {"uv": [10.5, 10, 11.5, 10.5], "texture": "#0"},
				"up": {"uv": [0.5, 12, 0, 11], "texture": "#0"},
				"down": {"uv": [11.5, 0, 11, 1], "texture": "#0"}
			}
		},
		{
			"from": [8, 0, 7],
			"to": [9, 1, 12],
			"rotation": {"angle": 0, "axis": "y", "origin": [8, 0, 7]},
			"faces": {
				"north": {"uv": [9.5, 11.5, 10, 12], "texture": "#0"},
				"east": {"uv": [3, 1, 5.5, 1.5], "texture": "#0"},
				"south": {"uv": [11.5, 9.5, 12, 10], "texture": "#0"},
				"west": {"uv": [3, 1.5, 5.5, 2], "texture": "#0"},
				"up": {"uv": [2.5, 5.5, 2, 3], "texture": "#0"},
				"down": {"uv": [3, 3, 2.5, 5.5], "texture": "#0"}
			}
		},
		{
			"from": [9, 0, 8],
			"to": [12, 1, 12],
			"rotation": {"angle": 0, "axis": "y", "origin": [9, 0, 7]},
			"faces": {
				"north": {"uv": [10, 4.5, 11.5, 5], "texture": "#0"},
				"east": {"uv": [8.5, 2, 10.5, 2.5], "texture": "#0"},
				"south": {"uv": [9, 10, 10.5, 10.5], "texture": "#0"},
				"west": {"uv": [8.5, 2.5, 10.5, 3], "texture": "#0"},
				"up": {"uv": [1.5, 2, 0, 0], "texture": "#0"},
				"down": {"uv": [3, 0, 1.5, 2], "texture": "#0"}
			}
		},
		{
			"from": [10, 0, 12],
			"to": [12, 1, 13],
			"rotation": {"angle": 0, "axis": "y", "origin": [9, 0, 9]},
			"faces": {
				"north": {"uv": [0.5, 11, 1.5, 11.5], "texture": "#0"},
				"east": {"uv": [10, 11.5, 10.5, 12], "texture": "#0"},
				"south": {"uv": [1.5, 11, 2.5, 11.5], "texture": "#0"},
				"west": {"uv": [11.5, 10, 12, 10.5], "texture": "#0"},
				"up": {"uv": [12, 2, 11, 1.5], "texture": "#0"},
				"down": {"uv": [12, 2, 11, 2.5], "texture": "#0"}
			}
		},
		{
			"from": [11, 0, 13],
			"to": [12, 1, 14],
			"rotation": {"angle": 0, "axis": "y", "origin": [9, 0, 10]},
			"faces": {
				"north": {"uv": [10.5, 11.5, 11, 12], "texture": "#0"},
				"east": {"uv": [11, 11.5, 11.5, 12], "texture": "#0"},
				"south": {"uv": [11.5, 11, 12, 11.5], "texture": "#0"},
				"west": {"uv": [11.5, 11.5, 12, 12], "texture": "#0"},
				"up": {"uv": [0.5, 12.5, 0, 12], "texture": "#0"},
				"down": {"uv": [1, 12, 0.5, 12.5], "texture": "#0"}
			}
		},
		{
			"from": [12, 0, 14],
			"to": [12, 1, 15],
			"rotation": {"angle": 0, "axis": "y", "origin": [9, 0, 11]},
			"faces": {
				"north": {"uv": [0, 0, 0, 0.5], "texture": "#0"},
				"east": {"uv": [1, 12, 1.5, 12.5], "texture": "#0"},
				"south": {"uv": [0, 0, 0, 0.5], "texture": "#0"},
				"west": {"uv": [12, 1, 12.5, 1.5], "texture": "#0"},
				"up": {"uv": [0, 0.5, 0, 0], "texture": "#0"},
				"down": {"uv": [0, 0, 0, 0.5], "texture": "#0"}
			}
		},
		{
			"from": [12, 0, 10],
			"to": [13, 1, 17],
			"rotation": {"angle": 0, "axis": "y", "origin": [10, 0, 7]},
			"faces": {
				"north": {"uv": [1.5, 12, 2, 12.5], "texture": "#0"},
				"east": {"uv": [0, 2, 3.5, 2.5], "texture": "#0"},
				"south": {"uv": [12, 1.5, 12.5, 2], "texture": "#0"},
				"west": {"uv": [0, 2.5, 3.5, 3], "texture": "#0"},
				"up": {"uv": [0.5, 6.5, 0, 3], "texture": "#0"},
				"down": {"uv": [1, 3, 0.5, 6.5], "texture": "#0"}
			}
		},
		{
			"from": [11, 0, 15],
			"to": [12, 1, 17],
			"rotation": {"angle": 0, "axis": "y", "origin": [9, 0, 7]},
			"faces": {
				"north": {"uv": [2, 12, 2.5, 12.5], "texture": "#0"},
				"east": {"uv": [11, 2.5, 12, 3], "texture": "#0"},
				"south": {"uv": [12, 2, 12.5, 2.5], "texture": "#0"},
				"west": {"uv": [3.5, 11, 4.5, 11.5], "texture": "#0"},
				"up": {"uv": [3, 12, 2.5, 11], "texture": "#0"},
				"down": {"uv": [5, 11, 4.5, 12], "texture": "#0"}
			}
		},
		{
			"from": [16, 0, 11],
			"to": [17, 1, 13],
			"rotation": {"angle": 0, "axis": "y", "origin": [14, 0, 4]},
			"faces": {
				"north": {"uv": [2.5, 12, 3, 12.5], "texture": "#0"},
				"east": {"uv": [6.5, 11, 7.5, 11.5], "texture": "#0"},
				"south": {"uv": [12, 2.5, 12.5, 3], "texture": "#0"},
				"west": {"uv": [11, 7, 12, 7.5], "texture": "#0"},
				"up": {"uv": [8, 12, 7.5, 11], "texture": "#0"},
				"down": {"uv": [8.5, 11, 8, 12], "texture": "#0"}
			}
		},
		{
			"from": [13, 0, 11],
			"to": [14, 1, 16],
			"rotation": {"angle": 0, "axis": "y", "origin": [11, 0, 8]},
			"faces": {
				"north": {"uv": [3, 12, 3.5, 12.5], "texture": "#0"},
				"east": {"uv": [3, 3, 5.5, 3.5], "texture": "#0"},
				"south": {"uv": [12, 3, 12.5, 3.5], "texture": "#0"},
				"west": {"uv": [3.5, 2, 6, 2.5], "texture": "#0"},
				"up": {"uv": [3.5, 6, 3, 3.5], "texture": "#0"},
				"down": {"uv": [4, 3.5, 3.5, 6], "texture": "#0"}
			}
		},
		{
			"from": [14, 0, 12],
			"to": [15, 1, 17],
			"rotation": {"angle": 0, "axis": "y", "origin": [12, 0, 9]},
			"faces": {
				"north": {"uv": [3.5, 12, 4, 12.5], "texture": "#0"},
				"east": {"uv": [3.5, 2.5, 6, 3], "texture": "#0"},
				"south": {"uv": [12, 3.5, 12.5, 4], "texture": "#0"},
				"west": {"uv": [4, 3.5, 6.5, 4], "texture": "#0"},
				"up": {"uv": [4.5, 6.5, 4, 4], "texture": "#0"},
				"down": {"uv": [5, 4, 4.5, 6.5], "texture": "#0"}
			}
		},
		{
			"from": [15, 0, 11],
			"to": [16, 1, 18],
			"rotation": {"angle": 0, "axis": "y", "origin": [13, 0, 9]},
			"faces": {
				"north": {"uv": [4, 12, 4.5, 12.5], "texture": "#0"},
				"east": {"uv": [3, 0, 6.5, 0.5], "texture": "#0"},
				"south": {"uv": [12, 4, 12.5, 4.5], "texture": "#0"},
				"west": {"uv": [3, 0.5, 6.5, 1], "texture": "#0"},
				"up": {"uv": [1.5, 6.5, 1, 3], "texture": "#0"},
				"down": {"uv": [2, 3, 1.5, 6.5], "texture": "#0"}
			}
		},
		{
			"from": [16, 0, 14],
			"to": [17, 1, 19],
			"rotation": {"angle": 0, "axis": "y", "origin": [14, 0, 9]},
			"faces": {
				"north": {"uv": [4.5, 12, 5, 12.5], "texture": "#0"},
				"east": {"uv": [5, 4, 7.5, 4.5], "texture": "#0"},
				"south": {"uv": [12, 4.5, 12.5, 5], "texture": "#0"},
				"west": {"uv": [5, 4.5, 7.5, 5], "texture": "#0"},
				"up": {"uv": [5.5, 7.5, 5, 5], "texture": "#0"},
				"down": {"uv": [2.5, 5.5, 2, 8], "texture": "#0"}
			}
		},
		{
			"from": [17, 0, 19],
			"to": [18, 1, 20],
			"rotation": {"angle": 0, "axis": "y", "origin": [17, 0, 15]},
			"faces": {
				"north": {"uv": [5, 12, 5.5, 12.5], "texture": "#0"},
				"east": {"uv": [12, 5, 12.5, 5.5], "texture": "#0"},
				"south": {"uv": [5.5, 12, 6, 12.5], "texture": "#0"},
				"west": {"uv": [12, 5.5, 12.5, 6], "texture": "#0"},
				"up": {"uv": [6.5, 12.5, 6, 12], "texture": "#0"},
				"down": {"uv": [12.5, 6, 12, 6.5], "texture": "#0"}
			}
		},
		{
			"from": [17, 0, 20],
			"to": [18, 1, 20],
			"rotation": {"angle": 0, "axis": "y", "origin": [17, 0, 16]},
			"faces": {
				"north": {"uv": [6.5, 12, 7, 12.5], "texture": "#0"},
				"east": {"uv": [0, 0, 0, 0.5], "texture": "#0"},
				"south": {"uv": [12, 6.5, 12.5, 7], "texture": "#0"},
				"west": {"uv": [0, 0, 0, 0.5], "texture": "#0"},
				"up": {"uv": [0.5, 0, 0, 0], "texture": "#0"},
				"down": {"uv": [0.5, 0, 0, 0], "texture": "#0"}
			}
		},
		{
			"from": [17, 0, 15],
			"to": [18, 1, 19],
			"rotation": {"angle": 0, "axis": "y", "origin": [15, 0, 9]},
			"faces": {
				"north": {"uv": [7, 12, 7.5, 12.5], "texture": "#0"},
				"east": {"uv": [8.5, 5, 10.5, 5.5], "texture": "#0"},
				"south": {"uv": [12, 7, 12.5, 7.5], "texture": "#0"},
				"west": {"uv": [8, 8.5, 10, 9], "texture": "#0"},
				"up": {"uv": [4, 10.5, 3.5, 8.5], "texture": "#0"},
				"down": {"uv": [0.5, 9, 0, 11], "texture": "#0"}
			}
		},
		{
			"from": [18, 0, 16],
			"to": [19, 1, 21],
			"rotation": {"angle": 0, "axis": "y", "origin": [16, 0, 9]},
			"faces": {
				"north": {"uv": [7.5, 12, 8, 12.5], "texture": "#0"},
				"east": {"uv": [5.5, 1, 8, 1.5], "texture": "#0"},
				"south": {"uv": [12, 7.5, 12.5, 8], "texture": "#0"},
				"west": {"uv": [5.5, 1.5, 8, 2], "texture": "#0"},
				"up": {"uv": [3, 8, 2.5, 5.5], "texture": "#0"},
				"down": {"uv": [6, 5, 5.5, 7.5], "texture": "#0"}
			}
		},
		{
			"from": [19, 0, 17],
			"to": [20, 1, 22],
			"rotation": {"angle": 0, "axis": "y", "origin": [17, 0, 9]},
			"faces": {
				"north": {"uv": [8, 12, 8.5, 12.5], "texture": "#0"},
				"east": {"uv": [5.5, 3, 8, 3.5], "texture": "#0"},
				"south": {"uv": [12, 8, 12.5, 8.5], "texture": "#0"},
				"west": {"uv": [6, 2, 8.5, 2.5], "texture": "#0"},
				"up": {"uv": [3.5, 8.5, 3, 6], "texture": "#0"},
				"down": {"uv": [4, 6, 3.5, 8.5], "texture": "#0"}
			}
		},
		{
			"from": [20, 0, 18],
			"to": [21, 1, 23],
			"rotation": {"angle": 0, "axis": "y", "origin": [18, 0, 10]},
			"faces": {
				"north": {"uv": [8.5, 12, 9, 12.5], "texture": "#0"},
				"east": {"uv": [6, 2.5, 8.5, 3], "texture": "#0"},
				"south": {"uv": [12, 8.5, 12.5, 9], "texture": "#0"},
				"west": {"uv": [6, 5, 8.5, 5.5], "texture": "#0"},
				"up": {"uv": [6.5, 8, 6, 5.5], "texture": "#0"},
				"down": {"uv": [0.5, 6.5, 0, 9], "texture": "#0"}
			}
		},
		{
			"from": [21, 0, 19],
			"to": [22, 1, 24],
			"rotation": {"angle": 0, "axis": "y", "origin": [19, 0, 11]},
			"faces": {
				"north": {"uv": [9, 12, 9.5, 12.5], "texture": "#0"},
				"east": {"uv": [6.5, 0, 9, 0.5], "texture": "#0"},
				"south": {"uv": [12, 9, 12.5, 9.5], "texture": "#0"},
				"west": {"uv": [6.5, 0.5, 9, 1], "texture": "#0"},
				"up": {"uv": [1, 9, 0.5, 6.5], "texture": "#0"},
				"down": {"uv": [1.5, 6.5, 1, 9], "texture": "#0"}
			}
		},
		{
			"from": [22, 0, 20],
			"to": [23, 1, 25],
			"rotation": {"angle": 0, "axis": "y", "origin": [20, 0, 12]},
			"faces": {
				"north": {"uv": [9.5, 12, 10, 12.5], "texture": "#0"},
				"east": {"uv": [6.5, 3.5, 9, 4], "texture": "#0"},
				"south": {"uv": [12, 9.5, 12.5, 10], "texture": "#0"},
				"west": {"uv": [6.5, 5.5, 9, 6], "texture": "#0"},
				"up": {"uv": [2, 9, 1.5, 6.5], "texture": "#0"},
				"down": {"uv": [4.5, 6.5, 4, 9], "texture": "#0"}
			}
		},
		{
			"from": [23, 0, 21],
			"to": [24, 1, 26],
			"rotation": {"angle": 0, "axis": "y", "origin": [21, 0, 13]},
			"faces": {
				"north": {"uv": [10, 12, 10.5, 12.5], "texture": "#0"},
				"east": {"uv": [6.5, 6, 9, 6.5], "texture": "#0"},
				"south": {"uv": [12, 10, 12.5, 10.5], "texture": "#0"},
				"west": {"uv": [6.5, 6.5, 9, 7], "texture": "#0"},
				"up": {"uv": [5, 9, 4.5, 6.5], "texture": "#0"},
				"down": {"uv": [7, 7, 6.5, 9.5], "texture": "#0"}
			}
		},
		{
			"from": [24, 0, 22],
			"to": [25, 1, 27],
			"rotation": {"angle": 0, "axis": "y", "origin": [22, 0, 14]},
			"faces": {
				"north": {"uv": [10.5, 12, 11, 12.5], "texture": "#0"},
				"east": {"uv": [7, 7, 9.5, 7.5], "texture": "#0"},
				"south": {"uv": [12, 10.5, 12.5, 11], "texture": "#0"},
				"west": {"uv": [7.5, 4, 10, 4.5], "texture": "#0"},
				"up": {"uv": [5.5, 10, 5, 7.5], "texture": "#0"},
				"down": {"uv": [6, 7.5, 5.5, 10], "texture": "#0"}
			}
		},
		{
			"from": [25, 0, 23],
			"to": [26, 1, 28],
			"rotation": {"angle": 0, "axis": "y", "origin": [23, 0, 14]},
			"faces": {
				"north": {"uv": [11, 12, 11.5, 12.5], "texture": "#0"},
				"east": {"uv": [7.5, 4.5, 10, 5], "texture": "#0"},
				"south": {"uv": [12, 11, 12.5, 11.5], "texture": "#0"},
				"west": {"uv": [7, 7.5, 9.5, 8], "texture": "#0"},
				"up": {"uv": [2.5, 10.5, 2, 8], "texture": "#0"},
				"down": {"uv": [3, 8, 2.5, 10.5], "texture": "#0"}
			}
		},
		{
			"from": [26, 0, 24],
			"to": [27, 1, 28],
			"rotation": {"angle": 0, "axis": "y", "origin": [24, 0, 14]},
			"faces": {
				"north": {"uv": [11.5, 12, 12, 12.5], "texture": "#0"},
				"east": {"uv": [9, 0, 11, 0.5], "texture": "#0"},
				"south": {"uv": [12, 11.5, 12.5, 12], "texture": "#0"},
				"west": {"uv": [9, 0.5, 11, 1], "texture": "#0"},
				"up": {"uv": [1, 11, 0.5, 9], "texture": "#0"},
				"down": {"uv": [1.5, 9, 1, 11], "texture": "#0"}
			}
		},
		{
			"from": [27, 0, 25],
			"to": [28, 1, 28],
			"rotation": {"angle": 0, "axis": "y", "origin": [25, 0, 14]},
			"faces": {
				"north": {"uv": [12, 12, 12.5, 12.5], "texture": "#0"},
				"east": {"uv": [10.5, 1, 12, 1.5], "texture": "#0"},
				"south": {"uv": [0, 12.5, 0.5, 13], "texture": "#0"},
				"west": {"uv": [1.5, 10.5, 3, 11], "texture": "#0"},
				"up": {"uv": [11, 3, 10.5, 1.5], "texture": "#0"},
				"down": {"uv": [3.5, 10.5, 3, 12], "texture": "#0"}
			}
		},
		{
			"from": [10, 0, 7],
			"to": [13, 1, 8],
			"rotation": {"angle": 0, "axis": "y", "origin": [10, 0, 6]},
			"faces": {
				"north": {"uv": [3.5, 10.5, 5, 11], "texture": "#0"},
				"east": {"uv": [12.5, 0, 13, 0.5], "texture": "#0"},
				"south": {"uv": [10.5, 3.5, 12, 4], "texture": "#0"},
				"west": {"uv": [0.5, 12.5, 1, 13], "texture": "#0"},
				"up": {"uv": [12, 5.5, 10.5, 5], "texture": "#0"},
				"down": {"uv": [12, 5.5, 10.5, 6], "texture": "#0"}
			}
		},
		{
			"from": [11, 0, 6],
			"to": [14, 1, 7],
			"rotation": {"angle": 0, "axis": "y", "origin": [11, 0, 5]},
			"faces": {
				"north": {"uv": [10.5, 6, 12, 6.5], "texture": "#0"},
				"east": {"uv": [12.5, 0.5, 13, 1], "texture": "#0"},
				"south": {"uv": [10.5, 6.5, 12, 7], "texture": "#0"},
				"west": {"uv": [1, 12.5, 1.5, 13], "texture": "#0"},
				"up": {"uv": [8.5, 11, 7, 10.5], "texture": "#0"},
				"down": {"uv": [12, 8, 10.5, 8.5], "texture": "#0"}
			}
		},
		{
			"from": [12, 0, 5],
			"to": [14, 1, 6],
			"rotation": {"angle": 0, "axis": "y", "origin": [11, 0, 4]},
			"faces": {
				"north": {"uv": [11, 7.5, 12, 8], "texture": "#0"},
				"east": {"uv": [12.5, 1, 13, 1.5], "texture": "#0"},
				"south": {"uv": [8.5, 11, 9.5, 11.5], "texture": "#0"},
				"west": {"uv": [1.5, 12.5, 2, 13], "texture": "#0"},
				"up": {"uv": [10.5, 11.5, 9.5, 11], "texture": "#0"},
				"down": {"uv": [11.5, 11, 10.5, 11.5], "texture": "#0"}
			}
		},
		{
			"from": [1, 0, 3],
			"to": [3, 1, 4],
			"rotation": {"angle": 0, "axis": "y", "origin": [1, 0, 3]},
			"faces": {
				"north": {"uv": [11, 10.5, 12, 11], "texture": "#0"},
				"east": {"uv": [12.5, 1.5, 13, 2], "texture": "#0"},
				"south": {"uv": [11.5, 0, 12.5, 0.5], "texture": "#0"},
				"west": {"uv": [2, 12.5, 2.5, 13], "texture": "#0"},
				"up": {"uv": [1.5, 12, 0.5, 11.5], "texture": "#0"},
				"down": {"uv": [12.5, 0.5, 11.5, 1], "texture": "#0"}
			}
		}
	],
	"display": {
		"thirdperson_righthand": {
			"rotation": [-38.5, -1, 95],
			"translation": [-5.5, -0.75, 2.5],
			"scale": [0.75, 0.75, 0.75]
		},
		"thirdperson_lefthand": {
			"rotation": [-33.1, 2.12, -89.48],
			"translation": [5.75, 0, 1.5],
			"scale": [0.75, 0.75, 0.75]
		},
		"firstperson_righthand": {
			"rotation": [-133, -3, -95],
			"translation": [8.75, -4.75, 0]
		},
		"firstperson_lefthand": {
			"rotation": [-36, -8, -87],
			"translation": [6.5, -4.5, -1.25]
		},
		"ground": {
			"translation": [0, 6, 0]
		},
		"gui": {
			"rotation": [-90, 0, -180],
			"translation": [3.5, -3.5, 0],
			"scale": [0.54, 0.54, 0.54]
		},
		"fixed": {
			"rotation": [-90, 0, 0],
			"translation": [-9.5, -10.75, -12],
			"scale": [1.51, 1.51, 1.51]
		}
	},
	"groups": [
		{
			"name": "group",
			"origin": [1, 0, 3],
			"color": 0,
			"children": [0, 1, 2, 3, 4, 5, 6, 7, 8, 9, 10, 11, 12, 13, 14, 15, 16, 17, 18, 19, 20, 21, 22, 23, 24, 25, 26, 27, 28, 29, 30, 31, 32, 33, 34, 35, 36, 37]
		}
	]
}