{
	"format_version": "1.21.11",
	"credit": "Made with Blockbench",
	"texture_size": [64, 64],
	"textures": {
		"0": "item/cabezaorco",
		"1": "item/dienteorco",
		"particle": "item/dienteorco"
	},
	"elements": [
		{
			"name": "head",
			"from": [4, 0, 4],
			"to": [12, 8, 12],
			"rotation": {"angle": 0, "axis": "y", "origin": [8, 0, 8]},
			"faces": {
				"north": {"uv": [2, 2, 4, 4], "texture": "#0"},
				"east": {"uv": [0, 2, 2, 4], "texture": "#0"},
				"south": {"uv": [6, 2, 8, 4], "texture": "#0"},
				"west": {"uv": [4, 2, 6, 4], "texture": "#0"},
				"up": {"uv": [4, 2, 2, 0], "texture": "#0"},
				"down": {"uv": [6, 0, 4, 2], "texture": "#0"}
			}
		},
		{
			"name": "head",
			"from": [3.5, -0.5, 3.5],
			"to": [12.5, 8.5, 12.5],
			"rotation": {"angle": 0, "axis": "y", "origin": [8, 0, 8]},
			"faces": {
				"north": {"uv": [10, 2, 12, 4], "texture": "#0"},
				"east": {"uv": [8, 2, 10, 4], "texture": "#0"},
				"south": {"uv": [14, 2, 16, 4], "texture": "#0"},
				"west": {"uv": [12, 2, 14, 4], "texture": "#0"},
				"up": {"uv": [12, 2, 10, 0], "texture": "#0"},
				"down": {"uv": [14, 0, 12, 2], "texture": "#0"}
			}
		},
		{
			"name": "armorHead",
			"from": [6, 1, 2.6],
			"to": [7, 2, 3.6],
			"rotation": {"angle": 0, "axis": "y", "origin": [8, -25, 8]},
			"faces": {
				"north": {"uv": [0.25, 0.25, 0.5, 0.5], "texture": "#1"},
				"east": {"uv": [0, 0.25, 0.25, 0.5], "texture": "#1"},
				"south": {"uv": [0.75, 0.25, 1, 0.5], "texture": "#1"},
				"west": {"uv": [0.5, 0.25, 0.75, 0.5], "texture": "#1"},
				"up": {"uv": [0.5, 0.25, 0.25, 0], "texture": "#1"},
				"down": {"uv": [0.75, 0, 0.5, 0.25], "texture": "#1"}
			}
		},
		{
			"name": "armorHead",
			"from": [9, 1, 2.6],
			"to": [10, 3, 3.6],
			"rotation": {"angle": 0, "axis": "y", "origin": [8, -24, 8]},
			"faces": {
				"north": {"uv": [0.25, 1, 0.5, 1.5], "texture": "#1"},
				"east": {"uv": [0, 1, 0.25, 1.5], "texture": "#1"},
				"south": {"uv": [0.75, 1, 1, 1.5], "texture": "#1"},
				"west": {"uv": [0.5, 1, 0.75, 1.5], "texture": "#1"},
				"up": {"uv": [0.5, 1, 0.25, 0.75], "texture": "#1"},
				"down": {"uv": [0.75, 0.75, 0.5, 1], "texture": "#1"}
			}
		},
		{
			"name": "armorHead",
			"from": [9, 1, 3.6],
			"to": [10, 2, 4],
			"rotation": {"angle": 0, "axis": "y", "origin": [8, -24, 8]},
			"faces": {
				"north": {"uv": [1, 0, 1.25, 0.25], "texture": "#1"},
				"east": {"uv": [1, 0, 1, 0.25], "texture": "#1"},
				"south": {"uv": [1.25, 0, 1.5, 0.25], "texture": "#1"},
				"west": {"uv": [1.25, 0, 1.25, 0.25], "texture": "#1"},
				"up": {"uv": [1.25, 0, 1, 0], "texture": "#1"},
				"down": {"uv": [1.5, 0, 1.25, 0], "texture": "#1"}
			}
		},
		{
			"name": "armorHead",
			"from": [6, 1, 3.6],
			"to": [7, 2, 4],
			"rotation": {"angle": 0, "axis": "y", "origin": [8, -24, 8]},
			"faces": {
				"north": {"uv": [1, 0.25, 1.25, 0.5], "texture": "#1"},
				"east": {"uv": [1, 0.25, 1, 0.5], "texture": "#1"},
				"south": {"uv": [1.25, 0.25, 1.5, 0.5], "texture": "#1"},
				"west": {"uv": [1.25, 0.25, 1.25, 0.5], "texture": "#1"},
				"up": {"uv": [1.25, 0.25, 1, 0.25], "texture": "#1"},
				"down": {"uv": [1.5, 0.25, 1.25, 0.25], "texture": "#1"}
			}
		}
	],
	"display": {
		"gui": {
			"rotation": [11.98, -141, 0],
			"translation": [0, 5.5, 0],
			"scale": [1.38, 1.38, 1.38]
		}
	},
	"groups": [
		{
			"name": "head",
			"origin": [8, 0, 8],
			"color": 0,
			"children": [0, 1]
		},
		{
			"name": "head",
			"origin": [8, 24, 8],
			"color": 1,
			"children": [2, 3, 4, 5]
		}
	]
}