{
	"credit": "Made with Blockbench",
	"textures": {
		"0": "item/planks_birch",
		"particle": "item/planks_birch"
	},
	"elements": [
		{
			"from": [1, 0, 1],
			"to": [3, 15, 3],
			"rotation": {"angle": 0, "axis": "y", "origin": [1, -1, 1]},
			"faces": {
				"north": {"uv": [0, 0, 2, 14], "texture": "#0"},
				"east": {"uv": [0, 0, 2, 14], "texture": "#0"},
				"south": {"uv": [0, 0, 2, 14], "texture": "#0"},
				"west": {"uv": [0, 0, 2, 14], "texture": "#0"},
				"up": {"uv": [0, 0, 2, 2], "texture": "#0"},
				"down": {"uv": [0, 0, 2, 2], "texture": "#0"}
			}
		},
		{
			"from": [13, 0, 1],
			"to": [15, 15, 3],
			"rotation": {"angle": 0, "axis": "y", "origin": [13, -1, 1]},
			"faces": {
				"north": {"uv": [0, 0, 2, 14], "texture": "#0"},
				"east": {"uv": [0, 0, 2, 14], "texture": "#0"},
				"south": {"uv": [0, 0, 2, 14], "texture": "#0"},
				"west": {"uv": [0, 0, 2, 14], "texture": "#0"},
				"up": {"uv": [0, 0, 2, 2], "texture": "#0"},
				"down": {"uv": [0, 0, 2, 2], "texture": "#0"}
			}
		},
		{
			"from": [13, 0, 13],
			"to": [15, 15, 15],
			"rotation": {"angle": 0, "axis": "y", "origin": [13, -1, 13]},
			"faces": {
				"north": {"uv": [0, 0, 2, 14], "texture": "#0"},
				"east": {"uv": [0, 0, 2, 14], "texture": "#0"},
				"south": {"uv": [0, 0, 2, 14], "texture": "#0"},
				"west": {"uv": [0, 0, 2, 14], "texture": "#0"},
				"up": {"uv": [0, 0, 2, 2], "texture": "#0"},
				"down": {"uv": [0, 0, 2, 2], "texture": "#0"}
			}
		},
		{
			"from": [1, 0, 13],
			"to": [3, 15, 15],
			"rotation": {"angle": 0, "axis": "y", "origin": [1, -1, 13]},
			"faces": {
				"north": {"uv": [0, 0, 2, 14], "texture": "#0"},
				"east": {"uv": [0, 0, 2, 14], "texture": "#0"},
				"south": {"uv": [0, 0, 2, 14], "texture": "#0"},
				"west": {"uv": [0, 0, 2, 14], "texture": "#0"},
				"up": {"uv": [0, 0, 2, 2], "texture": "#0"},
				"down": {"uv": [0, 0, 2, 2], "texture": "#0"}
			}
		},
		{
			"from": [3, 13, 14],
			"to": [13, 15, 15],
			"rotation": {"angle": 0, "axis": "y", "origin": [7, 0, 13]},
			"faces": {
				"north": {"uv": [0, 0, 10, 2], "texture": "#0"},
				"east": {"uv": [0, 0, 1, 2], "texture": "#0"},
				"south": {"uv": [0, 0, 10, 2], "texture": "#0"},
				"west": {"uv": [0, 0, 1, 2], "texture": "#0"},
				"up": {"uv": [0, 0, 10, 1], "texture": "#0"},
				"down": {"uv": [0, 0, 10, 1], "texture": "#0"}
			}
		},
		{
			"from": [3, 13, 1],
			"to": [13, 15, 2],
			"rotation": {"angle": 0, "axis": "y", "origin": [7, 0, 0]},
			"faces": {
				"north": {"uv": [0, 0, 10, 2], "texture": "#0"},
				"east": {"uv": [0, 0, 1, 2], "texture": "#0"},
				"south": {"uv": [0, 0, 10, 2], "texture": "#0"},
				"west": {"uv": [0, 0, 1, 2], "texture": "#0"},
				"up": {"uv": [0, 0, 10, 1], "texture": "#0"},
				"down": {"uv": [0, 0, 10, 1], "texture": "#0"}
			}
		},
		{
			"from": [1, 13, 3],
			"to": [2, 15, 13],
			"rotation": {"angle": 0, "axis": "y", "origin": [2, 15, 7]},
			"faces": {
				"north": {"uv": [0, 0, 1, 2], "texture": "#0"},
				"east": {"uv": [0, 0, 10, 2], "texture": "#0"},
				"south": {"uv": [0, 0, 1, 2], "texture": "#0"},
				"west": {"uv": [0, 0, 10, 2], "texture": "#0"},
				"up": {"uv": [0, 0, 10, 1], "rotation": 90, "texture": "#0"},
				"down": {"uv": [0, 0, 10, 1], "rotation": 270, "texture": "#0"}
			}
		},
		{
			"from": [14, 13, 3],
			"to": [15, 15, 13],
			"rotation": {"angle": 0, "axis": "y", "origin": [15, 15, 7]},
			"faces": {
				"north": {"uv": [0, 0, 1, 2], "texture": "#0"},
				"east": {"uv": [0, 0, 10, 2], "texture": "#0"},
				"south": {"uv": [0, 0, 1, 2], "texture": "#0"},
				"west": {"uv": [0, 0, 10, 2], "texture": "#0"},
				"up": {"uv": [0, 0, 10, 1], "rotation": 90, "texture": "#0"},
				"down": {"uv": [0, 0, 10, 1], "rotation": 270, "texture": "#0"}
			}
		},
		{
			"from": [0, 15, 0],
			"to": [16, 16, 16],
			"rotation": {"angle": 0, "axis": "y", "origin": [1, 1, 14]},
			"faces": {
				"north": {"uv": [0, 0, 16, 1], "texture": "#0"},
				"east": {"uv": [0, 0, 16, 1], "texture": "#0"},
				"south": {"uv": [0, 0, 16, 1], "texture": "#0"},
				"west": {"uv": [0, 0, 16, 1], "texture": "#0"},
				"up": {"uv": [0, 0, 16, 16], "texture": "#0"},
				"down": {"uv": [0, 0, 16, 16], "texture": "#0"}
			}
		}
	],
	"display": {
		"thirdperson_righthand": {
			"scale": [0.22, 0.22, 0.22]
		},
		"thirdperson_lefthand": {
			"scale": [0.19, 0.19, 0.19]
		},
		"firstperson_righthand": {
			"scale": [0.3, 0.3, 0.3]
		},
		"firstperson_lefthand": {
			"scale": [0.3, 0.3, 0.3]
		},
		"ground": {
			"scale": [0.56, 0.56, 0.56]
		},
		"gui": {
			"rotation": [13, 26, 0],
			"scale": [0.6, 0.6, 0.6]
		},
		"fixed": {
			"rotation": [-85.75, 36.25, 0]
		}
	},
	"groups": [
		{
			"name": "group",
			"origin": [14, 0, 14],
			"color": 0,
			"children": [0, 1, 2, 3, 4, 5, 6, 7, 8]
		}
	]
}