{
	"format_version": "1.21.11",
	"credit": "Made with Blockbench",
	"parent": "minecraft:item/shield_blocking",
	"textures": {
		"0": "item/murallakharakdum",
		"1": "item/mango",
		"particle": "item/murallakharakdum"
	},
	"elements": [
		{
			"from": [4.5, 0, 5],
			"to": [11.3, 21, 6],
			"rotation": {"angle": 0, "axis": "y", "origin": [7, 0, 5]},
			"faces": {
				"north": {"uv": [0, 0, 1.75, 5.25], "texture": "#0"},
				"east": {"uv": [0.75, 5.25, 1, 10.5], "texture": "#0"},
				"south": {"uv": [1.75, 0, 3.5, 5.25], "texture": "#0"},
				"west": {"uv": [1, 5.25, 1.25, 10.5], "texture": "#0"},
				"up": {"uv": [7.5, 3.25, 5.75, 3], "texture": "#0"},
				"down": {"uv": [7.5, 3.25, 5.75, 3.5], "texture": "#0"}
			}
		},
		{
			"from": [6.5, 10, 4.7],
			"to": [9.3, 13, 5.1],
			"rotation": {"angle": 0, "axis": "y", "origin": [7, 0, 4]},
			"faces": {
				"north": {"uv": [4.25, 5.25, 5.25, 6], "texture": "#0"},
				"east": {"uv": [6.25, 6.25, 6.5, 7], "texture": "#0"},
				"south": {"uv": [5.25, 5.25, 6.25, 6], "texture": "#0"},
				"west": {"uv": [4.25, 6.5, 4.5, 7.25], "texture": "#0"},
				"up": {"uv": [7, 6.25, 6, 6], "texture": "#0"},
				"down": {"uv": [5.25, 6.25, 4.25, 6.5], "texture": "#0"}
			}
		},
		{
			"from": [6.5, 15, 4.7],
			"to": [9.3, 18, 5.1],
			"rotation": {"angle": 0, "axis": "y", "origin": [7, 5, 4]},
			"faces": {
				"north": {"uv": [5.75, 0, 6.75, 0.75], "texture": "#0"},
				"east": {"uv": [4.5, 6.5, 4.75, 7.25], "texture": "#0"},
				"south": {"uv": [5.75, 0.75, 6.75, 1.5], "texture": "#0"},
				"west": {"uv": [4.75, 6.5, 5, 7.25], "texture": "#0"},
				"up": {"uv": [6.25, 6.5, 5.25, 6.25], "texture": "#0"},
				"down": {"uv": [7.25, 5.25, 6.25, 5.5], "texture": "#0"}
			}
		},
		{
			"from": [4.5, 20.6, 4.7],
			"to": [11.3, 21, 5],
			"rotation": {"angle": 0, "axis": "y", "origin": [7, 8, 4]},
			"faces": {
				"north": {"uv": [5.75, 3.5, 7.5, 3.75], "texture": "#0"},
				"east": {"uv": [7, 7, 7.25, 7.25], "texture": "#0"},
				"south": {"uv": [5.75, 3.75, 7.5, 4], "texture": "#0"},
				"west": {"uv": [4.25, 7.25, 4.5, 7.5], "texture": "#0"},
				"up": {"uv": [7.5, 4.25, 5.75, 4], "texture": "#0"},
				"down": {"uv": [7.5, 4.25, 5.75, 4.5], "texture": "#0"}
			}
		},
		{
			"from": [4.5, 0, 4.7],
			"to": [11.3, 0.4, 5],
			"rotation": {"angle": 0, "axis": "y", "origin": [7, -13, 4]},
			"faces": {
				"north": {"uv": [5.75, 4.5, 7.5, 4.75], "texture": "#0"},
				"east": {"uv": [4.5, 7.25, 4.75, 7.5], "texture": "#0"},
				"south": {"uv": [5.75, 4.75, 7.5, 5], "texture": "#0"},
				"west": {"uv": [4.75, 7.25, 5, 7.5], "texture": "#0"},
				"up": {"uv": [7.5, 5.25, 5.75, 5], "texture": "#0"},
				"down": {"uv": [6, 6, 4.25, 6.25], "texture": "#0"}
			}
		},
		{
			"from": [6.5, 5, 4.7],
			"to": [9.3, 8, 5.1],
			"rotation": {"angle": 0, "axis": "y", "origin": [7, -5, 4]},
			"faces": {
				"north": {"uv": [5.75, 1.5, 6.75, 2.25], "texture": "#0"},
				"east": {"uv": [5, 6.5, 5.25, 7.25], "texture": "#0"},
				"south": {"uv": [5.75, 2.25, 6.75, 3], "texture": "#0"},
				"west": {"uv": [5.25, 6.5, 5.5, 7.25], "texture": "#0"},
				"up": {"uv": [7.25, 5.75, 6.25, 5.5], "texture": "#0"},
				"down": {"uv": [7.25, 5.75, 6.25, 6], "texture": "#0"}
			}
		},
		{
			"from": [11.5, 0, 4],
			"to": [14, 21, 5],
			"rotation": {"angle": -22.5, "axis": "y", "origin": [9, 0, 4]},
			"faces": {
				"north": {"uv": [3.5, 0, 4.25, 5.25], "texture": "#0"},
				"east": {"uv": [1.25, 5.25, 1.5, 10.5], "texture": "#0"},
				"south": {"uv": [4.25, 0, 5, 5.25], "texture": "#0"},
				"west": {"uv": [1.5, 5.25, 1.75, 10.5], "texture": "#0"},
				"up": {"uv": [6.25, 6.75, 5.5, 6.5], "texture": "#0"},
				"down": {"uv": [7.25, 6.25, 6.5, 6.5], "texture": "#0"}
			}
		},
		{
			"from": [13.7, 0.4, 3.7],
			"to": [14, 20.6, 4],
			"rotation": {"angle": -22.5, "axis": "y", "origin": [9, 0, 4]},
			"faces": {
				"north": {"uv": [2.25, 5.25, 2.5, 10.25], "texture": "#0"},
				"east": {"uv": [2.5, 5.25, 2.75, 10.25], "texture": "#0"},
				"south": {"uv": [2.75, 5.25, 3, 10.25], "texture": "#0"},
				"west": {"uv": [3, 5.25, 3.25, 10.25], "texture": "#0"},
				"up": {"uv": [5.25, 7.5, 5, 7.25], "texture": "#0"},
				"down": {"uv": [5.5, 7.25, 5.25, 7.5], "texture": "#0"}
			}
		},
		{
			"from": [11.5, 20.6, 3.7],
			"to": [14, 21, 4],
			"rotation": {"angle": -22.5, "axis": "y", "origin": [9, 0, 4]},
			"faces": {
				"north": {"uv": [6.5, 6.5, 7.25, 6.75], "texture": "#0"},
				"east": {"uv": [7.25, 5.25, 7.5, 5.5], "texture": "#0"},
				"south": {"uv": [6.75, 0, 7.5, 0.25], "texture": "#0"},
				"west": {"uv": [5.5, 7.25, 5.75, 7.5], "texture": "#0"},
				"up": {"uv": [7.5, 0.5, 6.75, 0.25], "texture": "#0"},
				"down": {"uv": [7.5, 0.5, 6.75, 0.75], "texture": "#0"}
			}
		},
		{
			"from": [11.5, 0, 3.7],
			"to": [14, 0.4, 4],
			"rotation": {"angle": -22.5, "axis": "y", "origin": [9, -21, 4]},
			"faces": {
				"north": {"uv": [6.75, 0.75, 7.5, 1], "texture": "#0"},
				"east": {"uv": [7.25, 5.5, 7.5, 5.75], "texture": "#0"},
				"south": {"uv": [6.75, 1, 7.5, 1.25], "texture": "#0"},
				"west": {"uv": [5.75, 7.25, 6, 7.5], "texture": "#0"},
				"up": {"uv": [7.5, 1.5, 6.75, 1.25], "texture": "#0"},
				"down": {"uv": [7.5, 1.5, 6.75, 1.75], "texture": "#0"}
			}
		},
		{
			"from": [2, 0, 7],
			"to": [5, 21, 8],
			"rotation": {"angle": 22.5, "axis": "y", "origin": [0, 0, 7]},
			"faces": {
				"north": {"uv": [5, 0, 5.75, 5.25], "texture": "#0"},
				"east": {"uv": [1.75, 5.25, 2, 10.5], "texture": "#0"},
				"south": {"uv": [0, 5.25, 0.75, 10.5], "texture": "#0"},
				"west": {"uv": [2, 5.25, 2.25, 10.5], "texture": "#0"},
				"up": {"uv": [7.5, 2, 6.75, 1.75], "texture": "#0"},
				"down": {"uv": [7.5, 2, 6.75, 2.25], "texture": "#0"}
			}
		},
		{
			"from": [2, 0.4, 6.7],
			"to": [2.2, 20.6, 7],
			"rotation": {"angle": 22.5, "axis": "y", "origin": [0, 0, 7]},
			"faces": {
				"north": {"uv": [3.25, 5.25, 3.5, 10.25], "texture": "#0"},
				"east": {"uv": [3.5, 5.25, 3.75, 10.25], "texture": "#0"},
				"south": {"uv": [3.75, 5.25, 4, 10.25], "texture": "#0"},
				"west": {"uv": [4, 5.25, 4.25, 10.25], "texture": "#0"},
				"up": {"uv": [7.5, 6, 7.25, 5.75], "texture": "#0"},
				"down": {"uv": [6.25, 7.25, 6, 7.5], "texture": "#0"}
			}
		},
		{
			"from": [2, 20.6, 6.7],
			"to": [5, 21, 7],
			"rotation": {"angle": 22.5, "axis": "y", "origin": [0, 0, 7]},
			"faces": {
				"north": {"uv": [6.75, 2.25, 7.5, 2.5], "texture": "#0"},
				"east": {"uv": [6.25, 7.25, 6.5, 7.5], "texture": "#0"},
				"south": {"uv": [6.75, 2.5, 7.5, 2.75], "texture": "#0"},
				"west": {"uv": [7.25, 6.25, 7.5, 6.5], "texture": "#0"},
				"up": {"uv": [7.5, 3, 6.75, 2.75], "texture": "#0"},
				"down": {"uv": [6.25, 6.75, 5.5, 7], "texture": "#0"}
			}
		},
		{
			"from": [2, 0, 6.7],
			"to": [5, 0.4, 7],
			"rotation": {"angle": 22.5, "axis": "y", "origin": [0, -21, 7]},
			"faces": {
				"north": {"uv": [6.5, 6.75, 7.25, 7], "texture": "#0"},
				"east": {"uv": [6.5, 7.25, 6.75, 7.5], "texture": "#0"},
				"south": {"uv": [5.5, 7, 6.25, 7.25], "texture": "#0"},
				"west": {"uv": [7.25, 6.5, 7.5, 6.75], "texture": "#0"},
				"up": {"uv": [7.75, 6.25, 7, 6], "texture": "#0"},
				"down": {"uv": [7, 7, 6.25, 7.25], "texture": "#0"}
			}
		},
		{
			"name": "handle",
			"from": [7, 9, 6],
			"to": [9, 13, 10],
			"rotation": {"angle": 0, "axis": "y", "origin": [8, 0, 8]},
			"faces": {
				"north": {"uv": [4, 0, 6, 4], "texture": "#1"},
				"east": {"uv": [0, 0, 4, 4], "texture": "#1"},
				"south": {"uv": [4, 4, 6, 8], "texture": "#1"},
				"west": {"uv": [0, 4, 4, 8], "texture": "#1"},
				"up": {"uv": [8, 4, 6, 0], "texture": "#1"},
				"down": {"uv": [8, 4, 6, 8], "texture": "#1"}
			}
		}
	],
	"display": {
		"thirdperson_righthand": {
			"rotation": [66, -13.82, 2.89],
			"translation": [-0.25, -2, -1]
		},
		"thirdperson_lefthand": {
			"rotation": [69, -16, -1.19],
			"translation": [0, -1.5, -0.25]
		},
		"firstperson_righthand": {
			"rotation": [1, 3, 0],
			"translation": [0.25, -12, 0.75],
			"scale": [1.58, 1.58, 1.58]
		},
		"firstperson_lefthand": {
			"translation": [-0.5, -9.75, 0.75],
			"scale": [1.58, 1.58, 1.58]
		},
		"ground": {
			"scale": [0.5, 0.5, 0.5]
		},
		"gui": {
			"rotation": [-155.58, 42.54, 179.38],
			"translation": [0.25, -1.25, 0],
			"scale": [0.62, 0.62, 0.62]
		},
		"head": {
			"translation": [0, 0, -4.5]
		},
		"fixed": {
			"translation": [0, -5, 2],
			"scale": [1.96, 1.96, 1.96]
		},
		"on_shelf": {
			"rotation": [0, 180, 0],
			"translation": [0.25, 0, -5.75]
		}
	},
	"groups": [
		{
			"name": "plate",
			"origin": [8, 11, 7],
			"color": 0,
			"children": [0, 1, 2, 3, 4, 5, 6, 7, 8, 9, 10, 11, 12, 13, 14]
		}
	]
}