{
	"format_version": "1.9.0",
	"credit": "Made with Blockbench",
	"parent": "minecraft:item/generated",
	"texture_size": [8, 8],
	"textures": {
		"0": "item/orejascolor1",
		"particle": "item/orejascolor1"
	},
	"elements": [
		{
			"from": [-0.1, 2, 1],
			"to": [0.5, 3, 3],
			"rotation": {"angle": 0, "axis": "y", "origin": [0, 1, 1]},
			"faces": {
				"north": {"uv": [2.8, 0, 4, 2], "texture": "#0"},
				"east": {"uv": [0, 0, 4, 2], "texture": "#0"},
				"south": {"uv": [0, 0, 1.2, 2], "texture": "#0"},
				"west": {"uv": [0, 0, 4, 2], "texture": "#0"},
				"up": {"uv": [0, 0, 1.2, 4], "texture": "#0"},
				"down": {"uv": [0, 0, 1.2, 4], "texture": "#0"}
			}
		},
		{
			"from": [-0.1, 1, 2],
			"to": [0.5, 2, 3],
			"rotation": {"angle": 0, "axis": "y", "origin": [0, 1, 1]},
			"faces": {
				"north": {"uv": [2.8, 2, 4, 4], "texture": "#0"},
				"east": {"uv": [0, 2, 2, 4], "texture": "#0"},
				"south": {"uv": [0, 2, 1.2, 4], "texture": "#0"},
				"west": {"uv": [2, 2, 4, 4], "texture": "#0"},
				"up": {"uv": [0, 2, 1.2, 4], "texture": "#0"},
				"down": {"uv": [0, 0, 1.2, 2], "texture": "#0"}
			}
		},
		{
			"from": [-0.1, 3, 2.2],
			"to": [0.5, 4, 3.2],
			"rotation": {"angle": 0, "axis": "y", "origin": [0, 3, 1]},
			"faces": {
				"north": {"uv": [2.8, 2, 4, 4], "texture": "#0"},
				"east": {"uv": [0, 2, 2, 4], "texture": "#0"},
				"south": {"uv": [0, 2, 1.2, 4], "texture": "#0"},
				"west": {"uv": [2, 2, 4, 4], "texture": "#0"},
				"up": {"uv": [0, 2, 1.2, 4], "texture": "#0"},
				"down": {"uv": [0, 0, 1.2, 2], "texture": "#0"}
			}
		},
		{
			"from": [8, 0, 0],
			"to": [9, 2, 2],
			"rotation": {"angle": 0, "axis": "y", "origin": [8, 0, 0]},
			"faces": {
				"north": {"uv": [4, 0, 6, 4], "texture": "#0"},
				"east": {"uv": [0, 0, 4, 4], "texture": "#0"},
				"south": {"uv": [4, 4, 6, 8], "texture": "#0"},
				"west": {"uv": [0, 4, 4, 8], "texture": "#0"},
				"up": {"uv": [8, 4, 6, 0], "texture": "#0"},
				"down": {"uv": [8, 4, 6, 8], "texture": "#0"}
			}
		},
		{
			"from": [8.2, 4, 3],
			"to": [8.8, 5, 4],
			"rotation": {"angle": 0, "axis": "y", "origin": [8, 4, 2]},
			"faces": {
				"north": {"uv": [2.8, 2, 4, 4], "texture": "#0"},
				"east": {"uv": [0, 2, 2, 4], "texture": "#0"},
				"south": {"uv": [0, 2, 1.2, 4], "texture": "#0"},
				"west": {"uv": [2, 2, 4, 4], "texture": "#0"},
				"up": {"uv": [0, 2, 1.2, 4], "texture": "#0"},
				"down": {"uv": [0, 0, 1.2, 2], "texture": "#0"}
			}
		},
		{
			"from": [8.5, 1, 2],
			"to": [9.1, 2, 3],
			"rotation": {"angle": 0, "axis": "y", "origin": [8, 1, 1]},
			"faces": {
				"north": {"uv": [2.8, 2, 4, 4], "texture": "#0"},
				"east": {"uv": [0, 2, 2, 4], "texture": "#0"},
				"south": {"uv": [0, 2, 1.2, 4], "texture": "#0"},
				"west": {"uv": [2, 2, 4, 4], "texture": "#0"},
				"up": {"uv": [0, 2, 1.2, 4], "texture": "#0"},
				"down": {"uv": [0, 0, 1.2, 2], "texture": "#0"}
			}
		},
		{
			"from": [8.5, 2, 1],
			"to": [9.1, 3, 3],
			"rotation": {"angle": 0, "axis": "y", "origin": [8, 1, 1]},
			"faces": {
				"north": {"uv": [2.8, 0, 4, 2], "texture": "#0"},
				"east": {"uv": [0, 0, 4, 2], "texture": "#0"},
				"south": {"uv": [0, 0, 1.2, 2], "texture": "#0"},
				"west": {"uv": [0, 0, 4, 2], "texture": "#0"},
				"up": {"uv": [0, 0, 1.2, 4], "texture": "#0"},
				"down": {"uv": [0, 0, 1.2, 4], "texture": "#0"}
			}
		},
		{
			"from": [8.5, 3, 2.2],
			"to": [9.1, 4, 3.2],
			"rotation": {"angle": 0, "axis": "y", "origin": [8, 3, 1]},
			"faces": {
				"north": {"uv": [2.8, 2, 4, 4], "texture": "#0"},
				"east": {"uv": [0, 2, 2, 4], "texture": "#0"},
				"south": {"uv": [0, 2, 1.2, 4], "texture": "#0"},
				"west": {"uv": [2, 2, 4, 4], "texture": "#0"},
				"up": {"uv": [0, 2, 1.2, 4], "texture": "#0"},
				"down": {"uv": [0, 0, 1.2, 2], "texture": "#0"}
			}
		},
		{
			"from": [0.1, 4, 3],
			"to": [0.7, 5, 4],
			"rotation": {"angle": 0, "axis": "y", "origin": [0, 4, 2]},
			"faces": {
				"north": {"uv": [2.8, 2, 4, 4], "texture": "#0"},
				"east": {"uv": [0, 2, 2, 4], "texture": "#0"},
				"south": {"uv": [0, 2, 1.2, 4], "texture": "#0"},
				"west": {"uv": [2, 2, 4, 4], "texture": "#0"},
				"up": {"uv": [0, 2, 1.2, 4], "texture": "#0"},
				"down": {"uv": [0, 0, 1.2, 2], "texture": "#0"}
			}
		},
		{
			"from": [0, 0, 0],
			"to": [1, 2, 2],
			"faces": {
				"north": {"uv": [4, 0, 6, 4], "texture": "#0"},
				"east": {"uv": [0, 0, 4, 4], "texture": "#0"},
				"south": {"uv": [4, 4, 6, 8], "texture": "#0"},
				"west": {"uv": [0, 4, 4, 8], "texture": "#0"},
				"up": {"uv": [8, 4, 6, 0], "texture": "#0"},
				"down": {"uv": [8, 4, 6, 8], "texture": "#0"}
			}
		}
	],
	"display": {
		"thirdperson_righthand": {
			"rotation": [69, 0, 0],
			"translation": [-2, -4.75, 25],
			"scale": [1.13, 1.13, 1.13]
		},
		"thirdperson_lefthand": {
			"rotation": [69, 0, 0],
			"translation": [-10, -4.5, 25.25],
			"scale": [1.13, 1.13, 1.13]
		},
		"firstperson_righthand": {
			"translation": [0, -4.75, 0]
		},
		"firstperson_lefthand": {
			"translation": [0, -7.25, 0]
		},
		"gui": {
			"rotation": [0, 90, 0],
			"translation": [14.25, 12.75, 0],
			"scale": [2.34, 2.34, 2.34]
		},
		"head": {
			"translation": [3.75, 10, 8],
			"scale": [1.13, 1.13, 1.13]
		}
	}
}