{
  "parent": "builtin/entity",
  "gui_light": "front",
  "textures": {
    "particle": "minecraft:entity/shield_base_nopattern"
  },
  "display": {
    "thirdperson_righthand": { "rotation": [45,135,0], "translation": [3,5,11], "scale": [1,1,1] },
    "thirdperson_lefthand":  { "rotation": [45,135,0], "translation": [13,3,11], "scale": [1,1,1] },
    "firstperson_righthand": { "rotation": [0,180,5], "translation": [-10,2,-10], "scale": [1.25,1.25,1.25] },
    "firstperson_lefthand":  { "rotation": [0,180,5], "translation": [10,0,-10], "scale": [1.25,1.25,1.25] }
  }
}
