{
  "parent": "minecraft:item/shield_blocking_vanilla",
  "textures": {
    "particle": "minecraft:entity/shield_base_nopattern"
  },
  "overrides": [
    { "predicate": { "custom_model_data": 1301 }, "model": "minecraft:item/espinadehierro_blocking" },
    { "predicate": { "custom_model_data": 1302 }, "model": "minecraft:item/escudoacacia_blocking" },
    { "predicate": { "custom_model_data": 1303 }, "model": "minecraft:item/murodeescarcha_blocking" },
    { "predicate": { "custom_model_data": 1304 }, "model": "minecraft:item/guardiaimplacable_blocking" },
    { "predicate": { "custom_model_data": 1305 }, "model": "minecraft:item/murallakharakdum_blocking" },
    { "predicate": { "custom_model_data": 1306 }, "model": "minecraft:item/baluartedesylwen_blocking" },
    { "predicate": { "custom_model_data": 1307 }, "model": "minecraft:item/guardiadeacero_blocking" },
    { "predicate": { "custom_model_data": 1308 }, "model": "minecraft:item/maderaymuerte_blocking" },
    { "predicate": { "custom_model_data": 1309 }, "model": "minecraft:item/escudoacaciocuadrado_blocking" }
  ]
}
