{
	"credit": "Made with Blockbench",
	"texture_size": [32, 32],
	"textures": {
		"0": "item/vara1",
		"particle": "item/vara1"
	},
	"elements": [
		{
			"from": [8.5, 22.70711, 7.79289],
			"to": [8.7, 24.70711, 8.19289],
			"rotation": {"angle": -22.5, "axis": "x", "origin": [8.5, 23, 8.5]},
			"faces": {
				"north": {"uv": [8, 2, 9, 3], "texture": "#0"},
				"east": {"uv": [5, 8, 6, 9], "texture": "#0"},
				"south": {"uv": [6, 8, 7, 9], "texture": "#0"},
				"west": {"uv": [7, 8, 8, 9], "texture": "#0"},
				"up": {"uv": [9, 9, 8, 8], "texture": "#0"},
				"down": {"uv": [1, 8.5, 0, 9.5], "texture": "#0"}
			}
		},
		{
			"from": [8.5, 22.70711, 7.79289],
			"to": [8.7, 24.70711, 8.19289],
			"rotation": {"angle": 22.5, "axis": "y", "origin": [8.5, 23, 8.5]},
			"faces": {
				"north": {"uv": [8, 2, 9, 3], "texture": "#0"},
				"east": {"uv": [5, 8, 6, 9], "texture": "#0"},
				"south": {"uv": [6, 8, 7, 9], "texture": "#0"},
				"west": {"uv": [7, 8, 8, 9], "texture": "#0"},
				"up": {"uv": [9, 9, 8, 8], "texture": "#0"},
				"down": {"uv": [1, 8.5, 0, 9.5], "texture": "#0"}
			}
		},
		{
			"from": [7.79289, 22.70711, 8.3],
			"to": [8.19289, 24.70711, 8.5],
			"rotation": {"angle": 22.5, "axis": "z", "origin": [8.5, 23, 8.5]},
			"faces": {
				"north": {"uv": [5, 8, 6, 9], "texture": "#0"},
				"east": {"uv": [6, 8, 7, 9], "texture": "#0"},
				"south": {"uv": [7, 8, 8, 9], "texture": "#0"},
				"west": {"uv": [8, 2, 9, 3], "texture": "#0"},
				"up": {"uv": [9, 9, 8, 8], "rotation": 270, "texture": "#0"},
				"down": {"uv": [1, 8.5, 0, 9.5], "rotation": 90, "texture": "#0"}
			}
		},
		{
			"from": [7.79289, 22.70711, 8.3],
			"to": [8.19289, 24.70711, 8.5],
			"rotation": {"angle": 22.5, "axis": "x", "origin": [8.5, 23, 8.5]},
			"faces": {
				"north": {"uv": [5, 8, 6, 9], "texture": "#0"},
				"east": {"uv": [6, 8, 7, 9], "texture": "#0"},
				"south": {"uv": [7, 8, 8, 9], "texture": "#0"},
				"west": {"uv": [8, 2, 9, 3], "texture": "#0"},
				"up": {"uv": [9, 9, 8, 8], "rotation": 270, "texture": "#0"},
				"down": {"uv": [1, 8.5, 0, 9.5], "rotation": 90, "texture": "#0"}
			}
		},
		{
			"from": [8.80711, 22.70711, 8.5],
			"to": [9.20711, 24.70711, 8.7],
			"rotation": {"angle": -22.5, "axis": "z", "origin": [8.5, 23, 8.5]},
			"faces": {
				"north": {"uv": [7, 8, 8, 9], "texture": "#0"},
				"east": {"uv": [8, 2, 9, 3], "texture": "#0"},
				"south": {"uv": [5, 8, 6, 9], "texture": "#0"},
				"west": {"uv": [6, 8, 7, 9], "texture": "#0"},
				"up": {"uv": [9, 9, 8, 8], "rotation": 90, "texture": "#0"},
				"down": {"uv": [1, 8.5, 0, 9.5], "rotation": 270, "texture": "#0"}
			}
		},
		{
			"from": [7.79289, 22.70711, 8.3],
			"to": [8.19289, 24.70711, 8.5],
			"rotation": {"angle": 22.5, "axis": "x", "origin": [8.5, 23, 8.5]},
			"faces": {
				"north": {"uv": [5, 8, 6, 9], "texture": "#0"},
				"east": {"uv": [6, 8, 7, 9], "texture": "#0"},
				"south": {"uv": [7, 8, 8, 9], "texture": "#0"},
				"west": {"uv": [8, 2, 9, 3], "texture": "#0"},
				"up": {"uv": [9, 9, 8, 8], "rotation": 270, "texture": "#0"},
				"down": {"uv": [1, 8.5, 0, 9.5], "rotation": 90, "texture": "#0"}
			}
		},
		{
			"from": [8.3, 22.70711, 8.80711],
			"to": [8.5, 24.70711, 9.20711],
			"rotation": {"angle": 22.5, "axis": "x", "origin": [8.5, 23, 8.5]},
			"faces": {
				"north": {"uv": [6, 8, 7, 9], "texture": "#0"},
				"east": {"uv": [7, 8, 8, 9], "texture": "#0"},
				"south": {"uv": [8, 2, 9, 3], "texture": "#0"},
				"west": {"uv": [5, 8, 6, 9], "texture": "#0"},
				"up": {"uv": [9, 9, 8, 8], "rotation": 180, "texture": "#0"},
				"down": {"uv": [1, 8.5, 0, 9.5], "rotation": 180, "texture": "#0"}
			}
		},
		{
			"from": [8.3, 22.70711, 8.80711],
			"to": [8.5, 24.70711, 9.20711],
			"rotation": {"angle": 22.5, "axis": "x", "origin": [8.5, 23, 8.5]},
			"faces": {
				"north": {"uv": [6, 8, 7, 9], "texture": "#0"},
				"east": {"uv": [7, 8, 8, 9], "texture": "#0"},
				"south": {"uv": [8, 2, 9, 3], "texture": "#0"},
				"west": {"uv": [5, 8, 6, 9], "texture": "#0"},
				"up": {"uv": [9, 9, 8, 8], "rotation": 180, "texture": "#0"},
				"down": {"uv": [1, 8.5, 0, 9.5], "rotation": 180, "texture": "#0"}
			}
		},
		{
			"from": [8.80711, 22.70711, 8.5],
			"to": [9.20711, 24.70711, 8.7],
			"rotation": {"angle": 22.5, "axis": "x", "origin": [8.5, 23, 8.5]},
			"faces": {
				"north": {"uv": [7, 8, 8, 9], "texture": "#0"},
				"east": {"uv": [8, 2, 9, 3], "texture": "#0"},
				"south": {"uv": [5, 8, 6, 9], "texture": "#0"},
				"west": {"uv": [6, 8, 7, 9], "texture": "#0"},
				"up": {"uv": [9, 9, 8, 8], "rotation": 90, "texture": "#0"},
				"down": {"uv": [1, 8.5, 0, 9.5], "rotation": 270, "texture": "#0"}
			}
		},
		{
			"from": [8.80711, 22.70711, 8.5],
			"to": [9.20711, 24.70711, 8.7],
			"rotation": {"angle": 22.5, "axis": "x", "origin": [8.5, 23, 8.5]},
			"faces": {
				"north": {"uv": [7, 8, 8, 9], "texture": "#0"},
				"east": {"uv": [8, 2, 9, 3], "texture": "#0"},
				"south": {"uv": [5, 8, 6, 9], "texture": "#0"},
				"west": {"uv": [6, 8, 7, 9], "texture": "#0"},
				"up": {"uv": [9, 9, 8, 8], "rotation": 90, "texture": "#0"},
				"down": {"uv": [1, 8.5, 0, 9.5], "rotation": 270, "texture": "#0"}
			}
		},
		{
			"from": [7.79289, 22.70711, 8.3],
			"to": [8.19289, 24.70711, 8.5],
			"rotation": {"angle": 45, "axis": "z", "origin": [8.5, 23, 8.5]},
			"faces": {
				"north": {"uv": [5, 8, 6, 9], "texture": "#0"},
				"east": {"uv": [6, 8, 7, 9], "texture": "#0"},
				"south": {"uv": [7, 8, 8, 9], "texture": "#0"},
				"west": {"uv": [8, 2, 9, 3], "texture": "#0"},
				"up": {"uv": [9, 9, 8, 8], "rotation": 270, "texture": "#0"},
				"down": {"uv": [1, 8.5, 0, 9.5], "rotation": 90, "texture": "#0"}
			}
		},
		{
			"from": [8.3, 22.70711, 8.80711],
			"to": [8.5, 24.70711, 9.20711],
			"rotation": {"angle": 45, "axis": "z", "origin": [8.5, 23, 8.5]},
			"faces": {
				"north": {"uv": [6, 8, 7, 9], "texture": "#0"},
				"east": {"uv": [7, 8, 8, 9], "texture": "#0"},
				"south": {"uv": [8, 2, 9, 3], "texture": "#0"},
				"west": {"uv": [5, 8, 6, 9], "texture": "#0"},
				"up": {"uv": [9, 9, 8, 8], "rotation": 180, "texture": "#0"},
				"down": {"uv": [1, 8.5, 0, 9.5], "rotation": 180, "texture": "#0"}
			}
		},
		{
			"from": [8.3, 22.70711, 8.80711],
			"to": [8.5, 24.70711, 9.20711],
			"rotation": {"angle": 45, "axis": "z", "origin": [8.5, 23, 8.5]},
			"faces": {
				"north": {"uv": [6, 8, 7, 9], "texture": "#0"},
				"east": {"uv": [7, 8, 8, 9], "texture": "#0"},
				"south": {"uv": [8, 2, 9, 3], "texture": "#0"},
				"west": {"uv": [5, 8, 6, 9], "texture": "#0"},
				"up": {"uv": [9, 9, 8, 8], "rotation": 180, "texture": "#0"},
				"down": {"uv": [1, 8.5, 0, 9.5], "rotation": 180, "texture": "#0"}
			}
		},
		{
			"from": [8.80711, 22.70711, 8.5],
			"to": [9.20711, 24.70711, 8.7],
			"rotation": {"angle": 45, "axis": "z", "origin": [8.5, 23, 8.5]},
			"faces": {
				"north": {"uv": [7, 8, 8, 9], "texture": "#0"},
				"east": {"uv": [8, 2, 9, 3], "texture": "#0"},
				"south": {"uv": [5, 8, 6, 9], "texture": "#0"},
				"west": {"uv": [6, 8, 7, 9], "texture": "#0"},
				"up": {"uv": [9, 9, 8, 8], "rotation": 90, "texture": "#0"},
				"down": {"uv": [1, 8.5, 0, 9.5], "rotation": 270, "texture": "#0"}
			}
		},
		{
			"from": [8.80711, 22.70711, 8.5],
			"to": [9.20711, 24.70711, 8.7],
			"rotation": {"angle": 45, "axis": "z", "origin": [8.5, 23, 8.5]},
			"faces": {
				"north": {"uv": [7, 8, 8, 9], "texture": "#0"},
				"east": {"uv": [8, 2, 9, 3], "texture": "#0"},
				"south": {"uv": [5, 8, 6, 9], "texture": "#0"},
				"west": {"uv": [6, 8, 7, 9], "texture": "#0"},
				"up": {"uv": [9, 9, 8, 8], "rotation": 90, "texture": "#0"},
				"down": {"uv": [1, 8.5, 0, 9.5], "rotation": 270, "texture": "#0"}
			}
		},
		{
			"from": [7.79289, 23, 8.20711],
			"to": [8.19289, 23.2, 10.20711],
			"rotation": {"angle": -22.5, "axis": "x", "origin": [8.5, 23, 8.5]},
			"faces": {
				"north": {"uv": [1, 8.5, 0, 9.5], "rotation": 270, "texture": "#0"},
				"east": {"uv": [6, 8, 7, 9], "rotation": 270, "texture": "#0"},
				"south": {"uv": [9, 9, 8, 8], "rotation": 270, "texture": "#0"},
				"west": {"uv": [8, 2, 9, 3], "rotation": 90, "texture": "#0"},
				"up": {"uv": [5, 8, 6, 9], "rotation": 180, "texture": "#0"},
				"down": {"uv": [7, 8, 8, 9], "texture": "#0"}
			}
		},
		{
			"from": [8.3, 22.29289, 8.20711],
			"to": [8.5, 22.69289, 10.20711],
			"rotation": {"angle": -22.5, "axis": "x", "origin": [8.5, 23, 8.5]},
			"faces": {
				"north": {"uv": [1, 8.5, 0, 9.5], "texture": "#0"},
				"east": {"uv": [7, 8, 8, 9], "rotation": 270, "texture": "#0"},
				"south": {"uv": [9, 9, 8, 8], "rotation": 180, "texture": "#0"},
				"west": {"uv": [5, 8, 6, 9], "rotation": 90, "texture": "#0"},
				"up": {"uv": [6, 8, 7, 9], "rotation": 180, "texture": "#0"},
				"down": {"uv": [8, 2, 9, 3], "texture": "#0"}
			}
		},
		{
			"from": [8.3, 22.29289, 8.20711],
			"to": [8.5, 22.69289, 10.20711],
			"rotation": {"angle": -22.5, "axis": "x", "origin": [8.5, 23, 8.5]},
			"faces": {
				"north": {"uv": [1, 8.5, 0, 9.5], "texture": "#0"},
				"east": {"uv": [7, 8, 8, 9], "rotation": 270, "texture": "#0"},
				"south": {"uv": [9, 9, 8, 8], "rotation": 180, "texture": "#0"},
				"west": {"uv": [5, 8, 6, 9], "rotation": 90, "texture": "#0"},
				"up": {"uv": [6, 8, 7, 9], "rotation": 180, "texture": "#0"},
				"down": {"uv": [8, 2, 9, 3], "texture": "#0"}
			}
		},
		{
			"from": [8.80711, 22.8, 8.20711],
			"to": [9.20711, 23, 10.20711],
			"rotation": {"angle": -22.5, "axis": "x", "origin": [8.5, 23, 8.5]},
			"faces": {
				"north": {"uv": [1, 8.5, 0, 9.5], "rotation": 90, "texture": "#0"},
				"east": {"uv": [8, 2, 9, 3], "rotation": 270, "texture": "#0"},
				"south": {"uv": [9, 9, 8, 8], "rotation": 90, "texture": "#0"},
				"west": {"uv": [6, 8, 7, 9], "rotation": 90, "texture": "#0"},
				"up": {"uv": [7, 8, 8, 9], "rotation": 180, "texture": "#0"},
				"down": {"uv": [5, 8, 6, 9], "texture": "#0"}
			}
		},
		{
			"from": [8.80711, 22.8, 8.20711],
			"to": [9.20711, 23, 10.20711],
			"rotation": {"angle": -22.5, "axis": "x", "origin": [8.5, 23, 8.5]},
			"faces": {
				"north": {"uv": [1, 8.5, 0, 9.5], "rotation": 90, "texture": "#0"},
				"east": {"uv": [8, 2, 9, 3], "rotation": 270, "texture": "#0"},
				"south": {"uv": [9, 9, 8, 8], "rotation": 90, "texture": "#0"},
				"west": {"uv": [6, 8, 7, 9], "rotation": 90, "texture": "#0"},
				"up": {"uv": [7, 8, 8, 9], "rotation": 180, "texture": "#0"},
				"down": {"uv": [5, 8, 6, 9], "texture": "#0"}
			}
		},
		{
			"from": [7.79289, 22.8, 6.79289],
			"to": [8.19289, 23, 8.79289],
			"rotation": {"angle": 22.5, "axis": "x", "origin": [8.5, 23, 8.5]},
			"faces": {
				"north": {"uv": [9, 9, 8, 8], "rotation": 90, "texture": "#0"},
				"east": {"uv": [6, 8, 7, 9], "rotation": 90, "texture": "#0"},
				"south": {"uv": [1, 8.5, 0, 9.5], "rotation": 90, "texture": "#0"},
				"west": {"uv": [8, 2, 9, 3], "rotation": 270, "texture": "#0"},
				"up": {"uv": [7, 8, 8, 9], "texture": "#0"},
				"down": {"uv": [5, 8, 6, 9], "rotation": 180, "texture": "#0"}
			}
		},
		{
			"from": [8.3, 23.30711, 6.79289],
			"to": [8.5, 23.70711, 8.79289],
			"rotation": {"angle": 22.5, "axis": "x", "origin": [8.5, 23, 8.5]},
			"faces": {
				"north": {"uv": [9, 9, 8, 8], "texture": "#0"},
				"east": {"uv": [7, 8, 8, 9], "rotation": 90, "texture": "#0"},
				"south": {"uv": [1, 8.5, 0, 9.5], "rotation": 180, "texture": "#0"},
				"west": {"uv": [5, 8, 6, 9], "rotation": 270, "texture": "#0"},
				"up": {"uv": [8, 2, 9, 3], "texture": "#0"},
				"down": {"uv": [6, 8, 7, 9], "rotation": 180, "texture": "#0"}
			}
		},
		{
			"from": [8.3, 23.30711, 6.79289],
			"to": [8.5, 23.70711, 8.79289],
			"rotation": {"angle": 22.5, "axis": "x", "origin": [8.5, 23, 8.5]},
			"faces": {
				"north": {"uv": [9, 9, 8, 8], "texture": "#0"},
				"east": {"uv": [7, 8, 8, 9], "rotation": 90, "texture": "#0"},
				"south": {"uv": [1, 8.5, 0, 9.5], "rotation": 180, "texture": "#0"},
				"west": {"uv": [5, 8, 6, 9], "rotation": 270, "texture": "#0"},
				"up": {"uv": [8, 2, 9, 3], "texture": "#0"},
				"down": {"uv": [6, 8, 7, 9], "rotation": 180, "texture": "#0"}
			}
		},
		{
			"from": [8.80711, 23, 6.79289],
			"to": [9.20711, 23.2, 8.79289],
			"rotation": {"angle": 22.5, "axis": "x", "origin": [8.5, 23, 8.5]},
			"faces": {
				"north": {"uv": [9, 9, 8, 8], "rotation": 270, "texture": "#0"},
				"east": {"uv": [8, 2, 9, 3], "rotation": 90, "texture": "#0"},
				"south": {"uv": [1, 8.5, 0, 9.5], "rotation": 270, "texture": "#0"},
				"west": {"uv": [6, 8, 7, 9], "rotation": 270, "texture": "#0"},
				"up": {"uv": [5, 8, 6, 9], "texture": "#0"},
				"down": {"uv": [7, 8, 8, 9], "rotation": 180, "texture": "#0"}
			}
		},
		{
			"from": [8.80711, 23, 6.79289],
			"to": [9.20711, 23.2, 8.79289],
			"rotation": {"angle": 22.5, "axis": "x", "origin": [8.5, 23, 8.5]},
			"faces": {
				"north": {"uv": [9, 9, 8, 8], "rotation": 270, "texture": "#0"},
				"east": {"uv": [8, 2, 9, 3], "rotation": 90, "texture": "#0"},
				"south": {"uv": [1, 8.5, 0, 9.5], "rotation": 270, "texture": "#0"},
				"west": {"uv": [6, 8, 7, 9], "rotation": 270, "texture": "#0"},
				"up": {"uv": [5, 8, 6, 9], "texture": "#0"},
				"down": {"uv": [7, 8, 8, 9], "rotation": 180, "texture": "#0"}
			}
		},
		{
			"from": [6.79289, 22.8, 8.80711],
			"to": [8.79289, 23, 9.20711],
			"rotation": {"angle": -22.5, "axis": "z", "origin": [8.5, 23, 8.5]},
			"faces": {
				"north": {"uv": [6, 8, 7, 9], "rotation": 90, "texture": "#0"},
				"east": {"uv": [1, 8.5, 0, 9.5], "rotation": 90, "texture": "#0"},
				"south": {"uv": [8, 2, 9, 3], "rotation": 270, "texture": "#0"},
				"west": {"uv": [9, 9, 8, 8], "rotation": 90, "texture": "#0"},
				"up": {"uv": [7, 8, 8, 9], "rotation": 270, "texture": "#0"},
				"down": {"uv": [5, 8, 6, 9], "rotation": 270, "texture": "#0"}
			}
		},
		{
			"from": [6.79289, 23.30711, 8.5],
			"to": [8.79289, 23.70711, 8.7],
			"rotation": {"angle": -22.5, "axis": "z", "origin": [8.5, 23, 8.5]},
			"faces": {
				"north": {"uv": [7, 8, 8, 9], "rotation": 90, "texture": "#0"},
				"east": {"uv": [1, 8.5, 0, 9.5], "rotation": 180, "texture": "#0"},
				"south": {"uv": [5, 8, 6, 9], "rotation": 270, "texture": "#0"},
				"west": {"uv": [9, 9, 8, 8], "texture": "#0"},
				"up": {"uv": [8, 2, 9, 3], "rotation": 270, "texture": "#0"},
				"down": {"uv": [6, 8, 7, 9], "rotation": 270, "texture": "#0"}
			}
		},
		{
			"from": [6.79289, 23.30711, 8.5],
			"to": [8.79289, 23.70711, 8.7],
			"rotation": {"angle": -22.5, "axis": "z", "origin": [8.5, 23, 8.5]},
			"faces": {
				"north": {"uv": [7, 8, 8, 9], "rotation": 90, "texture": "#0"},
				"east": {"uv": [1, 8.5, 0, 9.5], "rotation": 180, "texture": "#0"},
				"south": {"uv": [5, 8, 6, 9], "rotation": 270, "texture": "#0"},
				"west": {"uv": [9, 9, 8, 8], "texture": "#0"},
				"up": {"uv": [8, 2, 9, 3], "rotation": 270, "texture": "#0"},
				"down": {"uv": [6, 8, 7, 9], "rotation": 270, "texture": "#0"}
			}
		},
		{
			"from": [6.79289, 23, 7.79289],
			"to": [8.79289, 23.2, 8.19289],
			"rotation": {"angle": -22.5, "axis": "z", "origin": [8.5, 23, 8.5]},
			"faces": {
				"north": {"uv": [8, 2, 9, 3], "rotation": 90, "texture": "#0"},
				"east": {"uv": [1, 8.5, 0, 9.5], "rotation": 270, "texture": "#0"},
				"south": {"uv": [6, 8, 7, 9], "rotation": 270, "texture": "#0"},
				"west": {"uv": [9, 9, 8, 8], "rotation": 270, "texture": "#0"},
				"up": {"uv": [5, 8, 6, 9], "rotation": 270, "texture": "#0"},
				"down": {"uv": [7, 8, 8, 9], "rotation": 270, "texture": "#0"}
			}
		},
		{
			"from": [6.79289, 23, 7.79289],
			"to": [8.79289, 23.2, 8.19289],
			"rotation": {"angle": -22.5, "axis": "z", "origin": [8.5, 23, 8.5]},
			"faces": {
				"north": {"uv": [8, 2, 9, 3], "rotation": 90, "texture": "#0"},
				"east": {"uv": [1, 8.5, 0, 9.5], "rotation": 270, "texture": "#0"},
				"south": {"uv": [6, 8, 7, 9], "rotation": 270, "texture": "#0"},
				"west": {"uv": [9, 9, 8, 8], "rotation": 270, "texture": "#0"},
				"up": {"uv": [5, 8, 6, 9], "rotation": 270, "texture": "#0"},
				"down": {"uv": [7, 8, 8, 9], "rotation": 270, "texture": "#0"}
			}
		},
		{
			"from": [8.3, 22.70711, 8.80711],
			"to": [8.5, 24.70711, 9.20711],
			"rotation": {"angle": -45, "axis": "z", "origin": [8.5, 23, 8.5]},
			"faces": {
				"north": {"uv": [6, 8, 7, 9], "texture": "#0"},
				"east": {"uv": [7, 8, 8, 9], "texture": "#0"},
				"south": {"uv": [8, 2, 9, 3], "texture": "#0"},
				"west": {"uv": [5, 8, 6, 9], "texture": "#0"},
				"up": {"uv": [9, 9, 8, 8], "rotation": 180, "texture": "#0"},
				"down": {"uv": [1, 8.5, 0, 9.5], "rotation": 180, "texture": "#0"}
			}
		},
		{
			"from": [8.80711, 22.70711, 8.5],
			"to": [9.20711, 24.70711, 8.7],
			"rotation": {"angle": -45, "axis": "z", "origin": [8.5, 23, 8.5]},
			"faces": {
				"north": {"uv": [7, 8, 8, 9], "texture": "#0"},
				"east": {"uv": [8, 2, 9, 3], "texture": "#0"},
				"south": {"uv": [5, 8, 6, 9], "texture": "#0"},
				"west": {"uv": [6, 8, 7, 9], "texture": "#0"},
				"up": {"uv": [9, 9, 8, 8], "rotation": 90, "texture": "#0"},
				"down": {"uv": [1, 8.5, 0, 9.5], "rotation": 270, "texture": "#0"}
			}
		},
		{
			"from": [8.80711, 22.70711, 8.5],
			"to": [9.20711, 24.70711, 8.7],
			"rotation": {"angle": -45, "axis": "z", "origin": [8.5, 23, 8.5]},
			"faces": {
				"north": {"uv": [7, 8, 8, 9], "texture": "#0"},
				"east": {"uv": [8, 2, 9, 3], "texture": "#0"},
				"south": {"uv": [5, 8, 6, 9], "texture": "#0"},
				"west": {"uv": [6, 8, 7, 9], "texture": "#0"},
				"up": {"uv": [9, 9, 8, 8], "rotation": 90, "texture": "#0"},
				"down": {"uv": [1, 8.5, 0, 9.5], "rotation": 270, "texture": "#0"}
			}
		},
		{
			"from": [8.5, 22.70711, 7.79289],
			"to": [8.7, 24.70711, 8.19289],
			"rotation": {"angle": -45, "axis": "z", "origin": [8.5, 23, 8.5]},
			"faces": {
				"north": {"uv": [8, 2, 9, 3], "texture": "#0"},
				"east": {"uv": [5, 8, 6, 9], "texture": "#0"},
				"south": {"uv": [6, 8, 7, 9], "texture": "#0"},
				"west": {"uv": [7, 8, 8, 9], "texture": "#0"},
				"up": {"uv": [9, 9, 8, 8], "texture": "#0"},
				"down": {"uv": [1, 8.5, 0, 9.5], "texture": "#0"}
			}
		},
		{
			"from": [8.5, 22.70711, 7.79289],
			"to": [8.7, 24.70711, 8.19289],
			"rotation": {"angle": -45, "axis": "z", "origin": [8.5, 23, 8.5]},
			"faces": {
				"north": {"uv": [8, 2, 9, 3], "texture": "#0"},
				"east": {"uv": [5, 8, 6, 9], "texture": "#0"},
				"south": {"uv": [6, 8, 7, 9], "texture": "#0"},
				"west": {"uv": [7, 8, 8, 9], "texture": "#0"},
				"up": {"uv": [9, 9, 8, 8], "texture": "#0"},
				"down": {"uv": [1, 8.5, 0, 9.5], "texture": "#0"}
			}
		},
		{
			"from": [8.80711, 22.70711, 8.5],
			"to": [9.20711, 24.70711, 8.7],
			"rotation": {"angle": -22.5, "axis": "z", "origin": [8.5, 23, 8.5]},
			"faces": {
				"north": {"uv": [7, 8, 8, 9], "texture": "#0"},
				"east": {"uv": [8, 2, 9, 3], "texture": "#0"},
				"south": {"uv": [5, 8, 6, 9], "texture": "#0"},
				"west": {"uv": [6, 8, 7, 9], "texture": "#0"},
				"up": {"uv": [9, 9, 8, 8], "rotation": 90, "texture": "#0"},
				"down": {"uv": [1, 8.5, 0, 9.5], "rotation": 270, "texture": "#0"}
			}
		},
		{
			"from": [8.5, 22.70711, 7.79289],
			"to": [8.7, 24.70711, 8.19289],
			"rotation": {"angle": -22.5, "axis": "z", "origin": [8.5, 23, 8.5]},
			"faces": {
				"north": {"uv": [8, 2, 9, 3], "texture": "#0"},
				"east": {"uv": [5, 8, 6, 9], "texture": "#0"},
				"south": {"uv": [6, 8, 7, 9], "texture": "#0"},
				"west": {"uv": [7, 8, 8, 9], "texture": "#0"},
				"up": {"uv": [9, 9, 8, 8], "texture": "#0"},
				"down": {"uv": [1, 8.5, 0, 9.5], "texture": "#0"}
			}
		},
		{
			"from": [8.5, 22.70711, 7.79289],
			"to": [8.7, 24.70711, 8.19289],
			"rotation": {"angle": -22.5, "axis": "z", "origin": [8.5, 23, 8.5]},
			"faces": {
				"north": {"uv": [8, 2, 9, 3], "texture": "#0"},
				"east": {"uv": [5, 8, 6, 9], "texture": "#0"},
				"south": {"uv": [6, 8, 7, 9], "texture": "#0"},
				"west": {"uv": [7, 8, 8, 9], "texture": "#0"},
				"up": {"uv": [9, 9, 8, 8], "texture": "#0"},
				"down": {"uv": [1, 8.5, 0, 9.5], "texture": "#0"}
			}
		},
		{
			"from": [8.05, 9, 8],
			"to": [8.85, 23, 8.8],
			"rotation": {"angle": 0, "axis": "y", "origin": [7, -8, 7]},
			"faces": {
				"north": {"uv": [0, 0, 0.5, 7.5], "texture": "#0"},
				"east": {"uv": [0.5, 0, 1, 7.5], "texture": "#0"},
				"south": {"uv": [1, 0, 1.5, 7.5], "texture": "#0"},
				"west": {"uv": [1.5, 0, 2, 7.5], "texture": "#0"},
				"up": {"uv": [5.5, 3.5, 5, 3], "texture": "#0"},
				"down": {"uv": [3.5, 7, 3, 7.5], "texture": "#0"}
			}
		},
		{
			"from": [7.05, 22.4, 7],
			"to": [9.85, 22.6, 9.8],
			"rotation": {"angle": 0, "axis": "y", "origin": [7, -8, 7]},
			"faces": {
				"north": {"uv": [3, 8.5, 4.5, 9], "texture": "#0"},
				"east": {"uv": [8.5, 3, 10, 3.5], "texture": "#0"},
				"south": {"uv": [8.5, 3.5, 10, 4], "texture": "#0"},
				"west": {"uv": [8.5, 4, 10, 4.5], "texture": "#0"},
				"up": {"uv": [3.5, 1.5, 2, 0], "texture": "#0"},
				"down": {"uv": [3.5, 1.5, 2, 3], "texture": "#0"}
			}
		},
		{
			"from": [7.05, 22.4, 9],
			"to": [7.85, 23.6, 9.8],
			"rotation": {"angle": 0, "axis": "y", "origin": [7, -8, 7]},
			"faces": {
				"north": {"uv": [4.5, 8.5, 5, 9], "texture": "#0"},
				"east": {"uv": [8.5, 4.5, 9, 5], "texture": "#0"},
				"south": {"uv": [8.5, 5, 9, 5.5], "texture": "#0"},
				"west": {"uv": [8.5, 5.5, 9, 6], "texture": "#0"},
				"up": {"uv": [9, 6.5, 8.5, 6], "texture": "#0"},
				"down": {"uv": [9, 6.5, 8.5, 7], "texture": "#0"}
			}
		},
		{
			"from": [7.05, 22.4, 7],
			"to": [7.85, 23.6, 7.8],
			"rotation": {"angle": 0, "axis": "y", "origin": [7, -8, 5]},
			"faces": {
				"north": {"uv": [8.5, 7, 9, 7.5], "texture": "#0"},
				"east": {"uv": [8.5, 7.5, 9, 8], "texture": "#0"},
				"south": {"uv": [9, 0, 9.5, 0.5], "texture": "#0"},
				"west": {"uv": [9, 0.5, 9.5, 1], "texture": "#0"},
				"up": {"uv": [1.5, 9.5, 1, 9], "texture": "#0"},
				"down": {"uv": [9.5, 1, 9, 1.5], "texture": "#0"}
			}
		},
		{
			"from": [9.05, 22.4, 7],
			"to": [9.85, 23.6, 7.8],
			"rotation": {"angle": 0, "axis": "y", "origin": [9, -8, 5]},
			"faces": {
				"north": {"uv": [1.5, 9, 2, 9.5], "texture": "#0"},
				"east": {"uv": [9, 1.5, 9.5, 2], "texture": "#0"},
				"south": {"uv": [2, 9, 2.5, 9.5], "texture": "#0"},
				"west": {"uv": [9, 2, 9.5, 2.5], "texture": "#0"},
				"up": {"uv": [3, 9.5, 2.5, 9], "texture": "#0"},
				"down": {"uv": [9.5, 2.5, 9, 3], "texture": "#0"}
			}
		},
		{
			"from": [9.05, 22.4, 9],
			"to": [9.85, 23.6, 9.8],
			"rotation": {"angle": 0, "axis": "y", "origin": [9, -8, 7]},
			"faces": {
				"north": {"uv": [3, 9, 3.5, 9.5], "texture": "#0"},
				"east": {"uv": [3.5, 9, 4, 9.5], "texture": "#0"},
				"south": {"uv": [4, 9, 4.5, 9.5], "texture": "#0"},
				"west": {"uv": [4.5, 9, 5, 9.5], "texture": "#0"},
				"up": {"uv": [9.5, 5, 9, 4.5], "texture": "#0"},
				"down": {"uv": [5.5, 9, 5, 9.5], "texture": "#0"}
			}
		},
		{
			"from": [8.2, -5.2, 8.2],
			"to": [8.7, -3.2, 8.7],
			"rotation": {"angle": 0, "axis": "y", "origin": [7.5, -17, 7]},
			"faces": {
				"north": {"uv": [4, 0, 4.5, 3.5], "texture": "#0"},
				"east": {"uv": [3.5, 4, 4, 7.5], "texture": "#0"},
				"south": {"uv": [4, 3.5, 4.5, 7], "texture": "#0"},
				"west": {"uv": [4.5, 0, 5, 3.5], "texture": "#0"},
				"up": {"uv": [4.5, 7.5, 4, 7], "texture": "#0"},
				"down": {"uv": [5.5, 7.5, 5, 8], "texture": "#0"}
			}
		},
		{
			"from": [8.1, -3.2, 8.1],
			"to": [8.8, 9.8, 8.8],
			"rotation": {"angle": 0, "axis": "y", "origin": [7.5, -10, 7]},
			"faces": {
				"north": {"uv": [2, 3, 2.5, 7], "texture": "#0"},
				"east": {"uv": [2.5, 3, 3, 7], "texture": "#0"},
				"south": {"uv": [3, 3, 3.5, 7], "texture": "#0"},
				"west": {"uv": [3.5, 0, 4, 4], "texture": "#0"},
				"up": {"uv": [1.5, 9, 1, 8.5], "texture": "#0"},
				"down": {"uv": [2, 8.5, 1.5, 9], "texture": "#0"}
			}
		}
	],
	"display": {
		"thirdperson_righthand": {
			"translation": [0, -5.75, 1.5]
		},
		"gui": {
			"rotation": [0, 0, 44.5],
			"translation": [0.75, -1.25, 0],
			"scale": [0.69, 0.69, 0.69]
		},
		"fixed": {
			"rotation": [-3.25, 0, 0],
			"translation": [0, 0, -2],
			"scale": [1.83, 1.83, 1.83]
		}
	},
	"groups": [
		{
			"name": "group",
			"origin": [8.5, 24, 8.5],
			"color": 0,
			"children": [0, 1, 2, 3, 4, 5, 6, 7, 8, 9, 10, 11, 12, 13, 14, 15, 16, 17, 18, 19, 20, 21, 22, 23, 24, 25, 26, 27, 28, 29, 30, 31, 32, 33, 34, 35, 36, 37, 38, 39, 40, 41, 42, 43, 44, 45]
		}
	]
}