{
	"format_version": "1.21.11",
	"credit": "Made with Blockbench",
	"texture_size": [32, 32],
	"textures": {
		"0": "item/varatierratier1",
		"1": "item/cabezal",
		"particle": "item/varatierratier1"
	},
	"elements": [
		{
			"from": [8.5, 22.70711, 7.79289],
			"to": [8.7, 24.70711, 8.19289],
			"rotation": {"angle": -22.5, "axis": "x", "origin": [8.5, 23, 8.5]},
			"faces": {
				"north": {"uv": [2.5, 5.5, 2.75, 6.5], "texture": "#1"},
				"east": {"uv": [5.5, 4.5, 5.75, 5.5], "texture": "#1"},
				"south": {"uv": [5.5, 5.5, 5.75, 6.5], "texture": "#1"},
				"west": {"uv": [0, 6, 0.25, 7], "texture": "#1"},
				"up": {"uv": [6.75, 11.25, 6.5, 11], "texture": "#1"},
				"down": {"uv": [11.25, 6.5, 11, 6.75], "texture": "#1"}
			}
		},
		{
			"from": [8.5, 22.70711, 7.79289],
			"to": [8.7, 24.70711, 8.19289],
			"rotation": {"angle": 22.5, "axis": "y", "origin": [8.5, 23, 8.5]},
			"faces": {
				"north": {"uv": [6, 1.5, 6.25, 2.5], "texture": "#1"},
				"east": {"uv": [6, 2.5, 6.25, 3.5], "texture": "#1"},
				"south": {"uv": [3, 6, 3.25, 7], "texture": "#1"},
				"west": {"uv": [4, 6, 4.25, 7], "texture": "#1"},
				"up": {"uv": [7.25, 11.25, 7, 11], "texture": "#1"},
				"down": {"uv": [11.25, 7, 11, 7.25], "texture": "#1"}
			}
		},
		{
			"from": [7.79289, 22.70711, 8.3],
			"to": [8.19289, 24.70711, 8.5],
			"rotation": {"angle": 22.5, "axis": "z", "origin": [8.5, 23, 8.5]},
			"faces": {
				"north": {"uv": [4.5, 6, 4.75, 7], "texture": "#1"},
				"east": {"uv": [6, 4.5, 6.25, 5.5], "texture": "#1"},
				"south": {"uv": [5, 6, 5.25, 7], "texture": "#1"},
				"west": {"uv": [6, 5.5, 6.25, 6.5], "texture": "#1"},
				"up": {"uv": [7.75, 11.25, 7.5, 11], "texture": "#1"},
				"down": {"uv": [11.25, 7.5, 11, 7.75], "texture": "#1"}
			}
		},
		{
			"from": [7.79289, 22.70711, 8.3],
			"to": [8.19289, 24.70711, 8.5],
			"rotation": {"angle": 22.5, "axis": "x", "origin": [8.5, 23, 8.5]},
			"faces": {
				"north": {"uv": [6.5, 1.5, 6.75, 2.5], "texture": "#1"},
				"east": {"uv": [2.5, 6.5, 2.75, 7.5], "texture": "#1"},
				"south": {"uv": [6.5, 2.5, 6.75, 3.5], "texture": "#1"},
				"west": {"uv": [6.5, 4.5, 6.75, 5.5], "texture": "#1"},
				"up": {"uv": [8.25, 11.25, 8, 11], "texture": "#1"},
				"down": {"uv": [11.25, 8, 11, 8.25], "texture": "#1"}
			}
		},
		{
			"from": [8.80711, 22.70711, 8.5],
			"to": [9.20711, 24.70711, 8.7],
			"rotation": {"angle": -22.5, "axis": "z", "origin": [8.5, 23, 8.5]},
			"faces": {
				"north": {"uv": [5.5, 6.5, 5.75, 7.5], "texture": "#1"},
				"east": {"uv": [6.5, 5.5, 6.75, 6.5], "texture": "#1"},
				"south": {"uv": [6, 6.5, 6.25, 7.5], "texture": "#1"},
				"west": {"uv": [6.5, 6.5, 6.75, 7.5], "texture": "#1"},
				"up": {"uv": [8.75, 11.25, 8.5, 11], "texture": "#1"},
				"down": {"uv": [11.25, 8.5, 11, 8.75], "texture": "#1"}
			}
		},
		{
			"from": [7.79289, 22.70711, 8.3],
			"to": [8.19289, 24.70711, 8.5],
			"rotation": {"angle": 22.5, "axis": "x", "origin": [8.5, 23, 8.5]},
			"faces": {
				"north": {"uv": [0, 7, 0.25, 8], "texture": "#1"},
				"east": {"uv": [7, 0, 7.25, 1], "texture": "#1"},
				"south": {"uv": [7, 1, 7.25, 2], "texture": "#1"},
				"west": {"uv": [7, 2, 7.25, 3], "texture": "#1"},
				"up": {"uv": [9.25, 11.25, 9, 11], "texture": "#1"},
				"down": {"uv": [11.25, 9, 11, 9.25], "texture": "#1"}
			}
		},
		{
			"from": [8.3, 22.70711, 8.80711],
			"to": [8.5, 24.70711, 9.20711],
			"rotation": {"angle": 22.5, "axis": "x", "origin": [8.5, 23, 8.5]},
			"faces": {
				"north": {"uv": [3, 7, 3.25, 8], "texture": "#1"},
				"east": {"uv": [7, 3, 7.25, 4], "texture": "#1"},
				"south": {"uv": [3.5, 7, 3.75, 8], "texture": "#1"},
				"west": {"uv": [4, 7, 4.25, 8], "texture": "#1"},
				"up": {"uv": [9.75, 11.25, 9.5, 11], "texture": "#1"},
				"down": {"uv": [11.25, 9.5, 11, 9.75], "texture": "#1"}
			}
		},
		{
			"from": [8.3, 22.70711, 8.80711],
			"to": [8.5, 24.70711, 9.20711],
			"rotation": {"angle": 22.5, "axis": "x", "origin": [8.5, 23, 8.5]},
			"faces": {
				"north": {"uv": [7, 4, 7.25, 5], "texture": "#1"},
				"east": {"uv": [4.5, 7, 4.75, 8], "texture": "#1"},
				"south": {"uv": [5, 7, 5.25, 8], "texture": "#1"},
				"west": {"uv": [7, 5, 7.25, 6], "texture": "#1"},
				"up": {"uv": [10.25, 11.25, 10, 11], "texture": "#1"},
				"down": {"uv": [11.25, 10, 11, 10.25], "texture": "#1"}
			}
		},
		{
			"from": [8.80711, 22.70711, 8.5],
			"to": [9.20711, 24.70711, 8.7],
			"rotation": {"angle": 22.5, "axis": "x", "origin": [8.5, 23, 8.5]},
			"faces": {
				"north": {"uv": [7, 6, 7.25, 7], "texture": "#1"},
				"east": {"uv": [7, 7, 7.25, 8], "texture": "#1"},
				"south": {"uv": [7.5, 0, 7.75, 1], "texture": "#1"},
				"west": {"uv": [0.5, 7.5, 0.75, 8.5], "texture": "#1"},
				"up": {"uv": [10.75, 11.25, 10.5, 11], "texture": "#1"},
				"down": {"uv": [11.25, 10.5, 11, 10.75], "texture": "#1"}
			}
		},
		{
			"from": [8.80711, 22.70711, 8.5],
			"to": [9.20711, 24.70711, 8.7],
			"rotation": {"angle": 22.5, "axis": "x", "origin": [8.5, 23, 8.5]},
			"faces": {
				"north": {"uv": [1, 7.5, 1.25, 8.5], "texture": "#1"},
				"east": {"uv": [7.5, 1, 7.75, 2], "texture": "#1"},
				"south": {"uv": [1.5, 7.5, 1.75, 8.5], "texture": "#1"},
				"west": {"uv": [2, 7.5, 2.25, 8.5], "texture": "#1"},
				"up": {"uv": [11.25, 11.25, 11, 11], "texture": "#1"},
				"down": {"uv": [0.25, 11.5, 0, 11.75], "texture": "#1"}
			}
		},
		{
			"from": [7.79289, 22.70711, 8.3],
			"to": [8.19289, 24.70711, 8.5],
			"rotation": {"angle": 45, "axis": "z", "origin": [8.5, 23, 8.5]},
			"faces": {
				"north": {"uv": [7.5, 2, 7.75, 3], "texture": "#1"},
				"east": {"uv": [2.5, 7.5, 2.75, 8.5], "texture": "#1"},
				"south": {"uv": [7.5, 3, 7.75, 4], "texture": "#1"},
				"west": {"uv": [7.5, 4, 7.75, 5], "texture": "#1"},
				"up": {"uv": [11.75, 0.25, 11.5, 0], "texture": "#1"},
				"down": {"uv": [0.75, 11.5, 0.5, 11.75], "texture": "#1"}
			}
		},
		{
			"from": [8.3, 22.70711, 8.80711],
			"to": [8.5, 24.70711, 9.20711],
			"rotation": {"angle": 45, "axis": "z", "origin": [8.5, 23, 8.5]},
			"faces": {
				"north": {"uv": [7.5, 5, 7.75, 6], "texture": "#1"},
				"east": {"uv": [5.5, 7.5, 5.75, 8.5], "texture": "#1"},
				"south": {"uv": [6, 7.5, 6.25, 8.5], "texture": "#1"},
				"west": {"uv": [7.5, 6, 7.75, 7], "texture": "#1"},
				"up": {"uv": [11.75, 0.75, 11.5, 0.5], "texture": "#1"},
				"down": {"uv": [1.25, 11.5, 1, 11.75], "texture": "#1"}
			}
		},
		{
			"from": [8.3, 22.70711, 8.80711],
			"to": [8.5, 24.70711, 9.20711],
			"rotation": {"angle": 45, "axis": "z", "origin": [8.5, 23, 8.5]},
			"faces": {
				"north": {"uv": [6.5, 7.5, 6.75, 8.5], "texture": "#1"},
				"east": {"uv": [7.5, 7, 7.75, 8], "texture": "#1"},
				"south": {"uv": [0, 8, 0.25, 9], "texture": "#1"},
				"west": {"uv": [8, 0, 8.25, 1], "texture": "#1"},
				"up": {"uv": [11.75, 1.25, 11.5, 1], "texture": "#1"},
				"down": {"uv": [1.75, 11.5, 1.5, 11.75], "texture": "#1"}
			}
		},
		{
			"from": [8.80711, 22.70711, 8.5],
			"to": [9.20711, 24.70711, 8.7],
			"rotation": {"angle": 45, "axis": "z", "origin": [8.5, 23, 8.5]},
			"faces": {
				"north": {"uv": [8, 1, 8.25, 2], "texture": "#1"},
				"east": {"uv": [8, 2, 8.25, 3], "texture": "#1"},
				"south": {"uv": [3, 8, 3.25, 9], "texture": "#1"},
				"west": {"uv": [8, 3, 8.25, 4], "texture": "#1"},
				"up": {"uv": [11.75, 1.75, 11.5, 1.5], "texture": "#1"},
				"down": {"uv": [2.25, 11.5, 2, 11.75], "texture": "#1"}
			}
		},
		{
			"from": [8.80711, 22.70711, 8.5],
			"to": [9.20711, 24.70711, 8.7],
			"rotation": {"angle": 45, "axis": "z", "origin": [8.5, 23, 8.5]},
			"faces": {
				"north": {"uv": [3.5, 8, 3.75, 9], "texture": "#1"},
				"east": {"uv": [4, 8, 4.25, 9], "texture": "#1"},
				"south": {"uv": [8, 4, 8.25, 5], "texture": "#1"},
				"west": {"uv": [4.5, 8, 4.75, 9], "texture": "#1"},
				"up": {"uv": [11.75, 2.25, 11.5, 2], "texture": "#1"},
				"down": {"uv": [2.75, 11.5, 2.5, 11.75], "texture": "#1"}
			}
		},
		{
			"from": [7.79289, 23, 8.20711],
			"to": [8.19289, 23.2, 10.20711],
			"rotation": {"angle": -22.5, "axis": "x", "origin": [8.5, 23, 8.5]},
			"faces": {
				"north": {"uv": [11.5, 2.5, 11.75, 2.75], "texture": "#1"},
				"east": {"uv": [6, 3.5, 7, 3.75], "texture": "#1"},
				"south": {"uv": [3, 11.5, 3.25, 11.75], "texture": "#1"},
				"west": {"uv": [8, 5, 9, 5.25], "texture": "#1"},
				"up": {"uv": [5.25, 9, 5, 8], "texture": "#1"},
				"down": {"uv": [8.25, 5.5, 8, 6.5], "texture": "#1"}
			}
		},
		{
			"from": [8.3, 22.29289, 8.20711],
			"to": [8.5, 22.69289, 10.20711],
			"rotation": {"angle": -22.5, "axis": "x", "origin": [8.5, 23, 8.5]},
			"faces": {
				"north": {"uv": [11.5, 3, 11.75, 3.25], "texture": "#1"},
				"east": {"uv": [8, 6.5, 9, 6.75], "texture": "#1"},
				"south": {"uv": [3.5, 11.5, 3.75, 11.75], "texture": "#1"},
				"west": {"uv": [7, 8, 8, 8.25], "texture": "#1"},
				"up": {"uv": [8.25, 8, 8, 7], "texture": "#1"},
				"down": {"uv": [8.25, 8, 8, 9], "texture": "#1"}
			}
		},
		{
			"from": [8.3, 22.29289, 8.20711],
			"to": [8.5, 22.69289, 10.20711],
			"rotation": {"angle": -22.5, "axis": "x", "origin": [8.5, 23, 8.5]},
			"faces": {
				"north": {"uv": [11.5, 3.5, 11.75, 3.75], "texture": "#1"},
				"east": {"uv": [8.5, 0, 9.5, 0.25], "texture": "#1"},
				"south": {"uv": [4, 11.5, 4.25, 11.75], "texture": "#1"},
				"west": {"uv": [0.5, 8.5, 1.5, 8.75], "texture": "#1"},
				"up": {"uv": [8.75, 1.5, 8.5, 0.5], "texture": "#1"},
				"down": {"uv": [1.75, 8.5, 1.5, 9.5], "texture": "#1"}
			}
		},
		{
			"from": [8.80711, 22.8, 8.20711],
			"to": [9.20711, 23, 10.20711],
			"rotation": {"angle": -22.5, "axis": "x", "origin": [8.5, 23, 8.5]},
			"faces": {
				"north": {"uv": [11.5, 4, 11.75, 4.25], "texture": "#1"},
				"east": {"uv": [8.5, 1.5, 9.5, 1.75], "texture": "#1"},
				"south": {"uv": [4.5, 11.5, 4.75, 11.75], "texture": "#1"},
				"west": {"uv": [2, 8.5, 3, 8.75], "texture": "#1"},
				"up": {"uv": [8.75, 3, 8.5, 2], "texture": "#1"},
				"down": {"uv": [8.75, 3, 8.5, 4], "texture": "#1"}
			}
		},
		{
			"from": [8.80711, 22.8, 8.20711],
			"to": [9.20711, 23, 10.20711],
			"rotation": {"angle": -22.5, "axis": "x", "origin": [8.5, 23, 8.5]},
			"faces": {
				"north": {"uv": [11.5, 4.5, 11.75, 4.75], "texture": "#1"},
				"east": {"uv": [8.5, 4, 9.5, 4.25], "texture": "#1"},
				"south": {"uv": [5, 11.5, 5.25, 11.75], "texture": "#1"},
				"west": {"uv": [8.5, 4.5, 9.5, 4.75], "texture": "#1"},
				"up": {"uv": [5.75, 9.5, 5.5, 8.5], "texture": "#1"},
				"down": {"uv": [8.75, 5.5, 8.5, 6.5], "texture": "#1"}
			}
		},
		{
			"from": [7.79289, 22.8, 6.79289],
			"to": [8.19289, 23, 8.79289],
			"rotation": {"angle": 22.5, "axis": "x", "origin": [8.5, 23, 8.5]},
			"faces": {
				"north": {"uv": [11.5, 5, 11.75, 5.25], "texture": "#1"},
				"east": {"uv": [6, 8.5, 7, 8.75], "texture": "#1"},
				"south": {"uv": [5.5, 11.5, 5.75, 11.75], "texture": "#1"},
				"west": {"uv": [7, 8.5, 8, 8.75], "texture": "#1"},
				"up": {"uv": [8.75, 8, 8.5, 7], "texture": "#1"},
				"down": {"uv": [8.75, 8, 8.5, 9], "texture": "#1"}
			}
		},
		{
			"from": [8.3, 23.30711, 6.79289],
			"to": [8.5, 23.70711, 8.79289],
			"rotation": {"angle": 22.5, "axis": "x", "origin": [8.5, 23, 8.5]},
			"faces": {
				"north": {"uv": [11.5, 5.5, 11.75, 5.75], "texture": "#1"},
				"east": {"uv": [0, 9, 1, 9.25], "texture": "#1"},
				"south": {"uv": [6, 11.5, 6.25, 11.75], "texture": "#1"},
				"west": {"uv": [9, 0.5, 10, 0.75], "texture": "#1"},
				"up": {"uv": [1.25, 10, 1, 9], "texture": "#1"},
				"down": {"uv": [2.25, 9, 2, 10], "texture": "#1"}
			}
		},
		{
			"from": [8.3, 23.30711, 6.79289],
			"to": [8.5, 23.70711, 8.79289],
			"rotation": {"angle": 22.5, "axis": "x", "origin": [8.5, 23, 8.5]},
			"faces": {
				"north": {"uv": [11.5, 6, 11.75, 6.25], "texture": "#1"},
				"east": {"uv": [9, 1, 10, 1.25], "texture": "#1"},
				"south": {"uv": [6.5, 11.5, 6.75, 11.75], "texture": "#1"},
				"west": {"uv": [9, 2, 10, 2.25], "texture": "#1"},
				"up": {"uv": [2.75, 10, 2.5, 9], "texture": "#1"},
				"down": {"uv": [9.25, 2.5, 9, 3.5], "texture": "#1"}
			}
		},
		{
			"from": [8.80711, 23, 6.79289],
			"to": [9.20711, 23.2, 8.79289],
			"rotation": {"angle": 22.5, "axis": "x", "origin": [8.5, 23, 8.5]},
			"faces": {
				"north": {"uv": [11.5, 6.5, 11.75, 6.75], "texture": "#1"},
				"east": {"uv": [3, 9, 4, 9.25], "texture": "#1"},
				"south": {"uv": [7, 11.5, 7.25, 11.75], "texture": "#1"},
				"west": {"uv": [9, 3.5, 10, 3.75], "texture": "#1"},
				"up": {"uv": [4.25, 10, 4, 9], "texture": "#1"},
				"down": {"uv": [4.75, 9, 4.5, 10], "texture": "#1"}
			}
		},
		{
			"from": [8.80711, 23, 6.79289],
			"to": [9.20711, 23.2, 8.79289],
			"rotation": {"angle": 22.5, "axis": "x", "origin": [8.5, 23, 8.5]},
			"faces": {
				"north": {"uv": [11.5, 7, 11.75, 7.25], "texture": "#1"},
				"east": {"uv": [9, 5, 10, 5.25], "texture": "#1"},
				"south": {"uv": [7.5, 11.5, 7.75, 11.75], "texture": "#1"},
				"west": {"uv": [9, 5.5, 10, 5.75], "texture": "#1"},
				"up": {"uv": [5.25, 10, 5, 9], "texture": "#1"},
				"down": {"uv": [6.25, 9, 6, 10], "texture": "#1"}
			}
		},
		{
			"from": [6.79289, 22.8, 8.80711],
			"to": [8.79289, 23, 9.20711],
			"rotation": {"angle": -22.5, "axis": "z", "origin": [8.5, 23, 8.5]},
			"faces": {
				"north": {"uv": [9, 6, 10, 6.25], "texture": "#1"},
				"east": {"uv": [11.5, 7.5, 11.75, 7.75], "texture": "#1"},
				"south": {"uv": [6.5, 9, 7.5, 9.25], "texture": "#1"},
				"west": {"uv": [8, 11.5, 8.25, 11.75], "texture": "#1"},
				"up": {"uv": [10, 6.75, 9, 6.5], "texture": "#1"},
				"down": {"uv": [10, 7, 9, 7.25], "texture": "#1"}
			}
		},
		{
			"from": [6.79289, 23.30711, 8.5],
			"to": [8.79289, 23.70711, 8.7],
			"rotation": {"angle": -22.5, "axis": "z", "origin": [8.5, 23, 8.5]},
			"faces": {
				"north": {"uv": [7.5, 9, 8.5, 9.25], "texture": "#1"},
				"east": {"uv": [11.5, 8, 11.75, 8.25], "texture": "#1"},
				"south": {"uv": [9, 7.5, 10, 7.75], "texture": "#1"},
				"west": {"uv": [8.5, 11.5, 8.75, 11.75], "texture": "#1"},
				"up": {"uv": [10, 8.25, 9, 8], "texture": "#1"},
				"down": {"uv": [9.5, 9, 8.5, 9.25], "texture": "#1"}
			}
		},
		{
			"from": [6.79289, 23.30711, 8.5],
			"to": [8.79289, 23.70711, 8.7],
			"rotation": {"angle": -22.5, "axis": "z", "origin": [8.5, 23, 8.5]},
			"faces": {
				"north": {"uv": [9, 8.5, 10, 8.75], "texture": "#1"},
				"east": {"uv": [11.5, 8.5, 11.75, 8.75], "texture": "#1"},
				"south": {"uv": [0, 9.5, 1, 9.75], "texture": "#1"},
				"west": {"uv": [9, 11.5, 9.25, 11.75], "texture": "#1"},
				"up": {"uv": [10.5, 0.25, 9.5, 0], "texture": "#1"},
				"down": {"uv": [10.5, 1.5, 9.5, 1.75], "texture": "#1"}
			}
		},
		{
			"from": [6.79289, 23, 7.79289],
			"to": [8.79289, 23.2, 8.19289],
			"rotation": {"angle": -22.5, "axis": "z", "origin": [8.5, 23, 8.5]},
			"faces": {
				"north": {"uv": [9.5, 2.5, 10.5, 2.75], "texture": "#1"},
				"east": {"uv": [11.5, 9, 11.75, 9.25], "texture": "#1"},
				"south": {"uv": [3, 9.5, 4, 9.75], "texture": "#1"},
				"west": {"uv": [9.5, 11.5, 9.75, 11.75], "texture": "#1"},
				"up": {"uv": [10.5, 3.25, 9.5, 3], "texture": "#1"},
				"down": {"uv": [10.5, 4, 9.5, 4.25], "texture": "#1"}
			}
		},
		{
			"from": [6.79289, 23, 7.79289],
			"to": [8.79289, 23.2, 8.19289],
			"rotation": {"angle": -22.5, "axis": "z", "origin": [8.5, 23, 8.5]},
			"faces": {
				"north": {"uv": [9.5, 4.5, 10.5, 4.75], "texture": "#1"},
				"east": {"uv": [11.5, 9.5, 11.75, 9.75], "texture": "#1"},
				"south": {"uv": [6.5, 9.5, 7.5, 9.75], "texture": "#1"},
				"west": {"uv": [10, 11.5, 10.25, 11.75], "texture": "#1"},
				"up": {"uv": [8.5, 9.75, 7.5, 9.5], "texture": "#1"},
				"down": {"uv": [9.5, 9.5, 8.5, 9.75], "texture": "#1"}
			}
		},
		{
			"from": [8.3, 22.70711, 8.80711],
			"to": [8.5, 24.70711, 9.20711],
			"rotation": {"angle": -45, "axis": "z", "origin": [8.5, 23, 8.5]},
			"faces": {
				"north": {"uv": [1.5, 9.5, 1.75, 10.5], "texture": "#1"},
				"east": {"uv": [5.5, 9.5, 5.75, 10.5], "texture": "#1"},
				"south": {"uv": [9.5, 9, 9.75, 10], "texture": "#1"},
				"west": {"uv": [0, 10, 0.25, 11], "texture": "#1"},
				"up": {"uv": [11.75, 10.25, 11.5, 10], "texture": "#1"},
				"down": {"uv": [10.75, 11.5, 10.5, 11.75], "texture": "#1"}
			}
		},
		{
			"from": [8.80711, 22.70711, 8.5],
			"to": [9.20711, 24.70711, 8.7],
			"rotation": {"angle": -45, "axis": "z", "origin": [8.5, 23, 8.5]},
			"faces": {
				"north": {"uv": [0.5, 10, 0.75, 11], "texture": "#1"},
				"east": {"uv": [10, 0.5, 10.25, 1.5], "texture": "#1"},
				"south": {"uv": [1, 10, 1.25, 11], "texture": "#1"},
				"west": {"uv": [2, 10, 2.25, 11], "texture": "#1"},
				"up": {"uv": [11.75, 10.75, 11.5, 10.5], "texture": "#1"},
				"down": {"uv": [11.25, 11.5, 11, 11.75], "texture": "#1"}
			}
		},
		{
			"from": [8.80711, 22.70711, 8.5],
			"to": [9.20711, 24.70711, 8.7],
			"rotation": {"angle": -45, "axis": "z", "origin": [8.5, 23, 8.5]},
			"faces": {
				"north": {"uv": [2.5, 10, 2.75, 11], "texture": "#1"},
				"east": {"uv": [3, 10, 3.25, 11], "texture": "#1"},
				"south": {"uv": [3.5, 10, 3.75, 11], "texture": "#1"},
				"west": {"uv": [4, 10, 4.25, 11], "texture": "#1"},
				"up": {"uv": [11.75, 11.25, 11.5, 11], "texture": "#1"},
				"down": {"uv": [11.75, 11.5, 11.5, 11.75], "texture": "#1"}
			}
		},
		{
			"from": [8.5, 22.70711, 7.79289],
			"to": [8.7, 24.70711, 8.19289],
			"rotation": {"angle": -45, "axis": "z", "origin": [8.5, 23, 8.5]},
			"faces": {
				"north": {"uv": [4.5, 10, 4.75, 11], "texture": "#1"},
				"east": {"uv": [5, 10, 5.25, 11], "texture": "#1"},
				"south": {"uv": [10, 5, 10.25, 6], "texture": "#1"},
				"west": {"uv": [6, 10, 6.25, 11], "texture": "#1"},
				"up": {"uv": [0.25, 12.25, 0, 12], "texture": "#1"},
				"down": {"uv": [12.25, 0, 12, 0.25], "texture": "#1"}
			}
		},
		{
			"from": [8.5, 22.70711, 7.79289],
			"to": [8.7, 24.70711, 8.19289],
			"rotation": {"angle": -45, "axis": "z", "origin": [8.5, 23, 8.5]},
			"faces": {
				"north": {"uv": [10, 6, 10.25, 7], "texture": "#1"},
				"east": {"uv": [6.5, 10, 6.75, 11], "texture": "#1"},
				"south": {"uv": [7, 10, 7.25, 11], "texture": "#1"},
				"west": {"uv": [10, 7, 10.25, 8], "texture": "#1"},
				"up": {"uv": [0.75, 12.25, 0.5, 12], "texture": "#1"},
				"down": {"uv": [12.25, 0.5, 12, 0.75], "texture": "#1"}
			}
		},
		{
			"from": [8.80711, 22.70711, 8.5],
			"to": [9.20711, 24.70711, 8.7],
			"rotation": {"angle": -22.5, "axis": "z", "origin": [8.5, 23, 8.5]},
			"faces": {
				"north": {"uv": [7.5, 10, 7.75, 11], "texture": "#1"},
				"east": {"uv": [8, 10, 8.25, 11], "texture": "#1"},
				"south": {"uv": [10, 8, 10.25, 9], "texture": "#1"},
				"west": {"uv": [8.5, 10, 8.75, 11], "texture": "#1"},
				"up": {"uv": [1.25, 12.25, 1, 12], "texture": "#1"},
				"down": {"uv": [12.25, 1, 12, 1.25], "texture": "#1"}
			}
		},
		{
			"from": [8.5, 22.70711, 7.79289],
			"to": [8.7, 24.70711, 8.19289],
			"rotation": {"angle": -22.5, "axis": "z", "origin": [8.5, 23, 8.5]},
			"faces": {
				"north": {"uv": [9, 10, 9.25, 11], "texture": "#1"},
				"east": {"uv": [10, 9, 10.25, 10], "texture": "#1"},
				"south": {"uv": [9.5, 10, 9.75, 11], "texture": "#1"},
				"west": {"uv": [10, 10, 10.25, 11], "texture": "#1"},
				"up": {"uv": [1.75, 12.25, 1.5, 12], "texture": "#1"},
				"down": {"uv": [12.25, 1.5, 12, 1.75], "texture": "#1"}
			}
		},
		{
			"from": [8.5, 22.70711, 7.79289],
			"to": [8.7, 24.70711, 8.19289],
			"rotation": {"angle": -22.5, "axis": "z", "origin": [8.5, 23, 8.5]},
			"faces": {
				"north": {"uv": [10.5, 0, 10.75, 1], "texture": "#1"},
				"east": {"uv": [10.5, 1, 10.75, 2], "texture": "#1"},
				"south": {"uv": [1.5, 10.5, 1.75, 11.5], "texture": "#1"},
				"west": {"uv": [10.5, 2, 10.75, 3], "texture": "#1"},
				"up": {"uv": [2.25, 12.25, 2, 12], "texture": "#1"},
				"down": {"uv": [12.25, 2, 12, 2.25], "texture": "#1"}
			}
		},
		{
			"from": [8, 20, 8],
			"to": [9, 23, 8.8],
			"rotation": {"angle": -22.5, "axis": "x", "origin": [7, 22, 8]},
			"faces": {
				"north": {"uv": [3.5, 2, 4, 3.5], "texture": "#0"},
				"east": {"uv": [3.5, 3.5, 4, 5], "texture": "#0"},
				"south": {"uv": [4, 0, 4.5, 1.5], "texture": "#0"},
				"west": {"uv": [4, 1.5, 4.5, 3], "texture": "#0"},
				"up": {"uv": [10.5, 2.5, 10, 2], "texture": "#0"},
				"down": {"uv": [10.5, 3.5, 10, 4], "texture": "#0"}
			}
		},
		{
			"from": [8.05, 18, 8],
			"to": [8.85, 21, 8.8],
			"rotation": {"angle": 22.5, "axis": "x", "origin": [7, 20, 8]},
			"faces": {
				"north": {"uv": [4, 3, 4.5, 4.5], "texture": "#0"},
				"east": {"uv": [4.5, 0, 5, 1.5], "texture": "#0"},
				"south": {"uv": [4.5, 1.5, 5, 3], "texture": "#0"},
				"west": {"uv": [3, 4.5, 3.5, 6], "texture": "#0"},
				"up": {"uv": [11, 3.5, 10.5, 3], "texture": "#0"},
				"down": {"uv": [11, 3.5, 10.5, 4], "texture": "#0"}
			}
		},
		{
			"from": [8.05, 15, 8],
			"to": [8.85, 21, 8.8],
			"rotation": {"angle": -22.5, "axis": "x", "origin": [7, 17, 8]},
			"faces": {
				"north": {"uv": [1.5, 0, 2, 3], "texture": "#0"},
				"east": {"uv": [2, 0, 2.5, 3], "texture": "#0"},
				"south": {"uv": [2.5, 0, 3, 3], "texture": "#0"},
				"west": {"uv": [0, 3, 0.5, 6], "texture": "#0"},
				"up": {"uv": [11, 4.5, 10.5, 4], "texture": "#0"},
				"down": {"uv": [11, 4.5, 10.5, 5], "texture": "#0"}
			}
		},
		{
			"from": [8.2, 11, 8],
			"to": [8.8, 16, 8.8],
			"rotation": {"angle": 0, "axis": "x", "origin": [7, 15, 8]},
			"faces": {
				"north": {"uv": [1, 5, 1.25, 7.5], "texture": "#0"},
				"east": {"uv": [3, 0, 3.5, 2.5], "texture": "#0"},
				"south": {"uv": [1.5, 5, 1.75, 7.5], "texture": "#0"},
				"west": {"uv": [0.5, 3, 1, 5.5], "texture": "#0"},
				"up": {"uv": [11.25, 5, 11, 4.5], "texture": "#0"},
				"down": {"uv": [5.25, 11, 5, 11.5], "texture": "#0"}
			}
		},
		{
			"from": [8.2, 16, 9],
			"to": [8.7, 16.8, 11],
			"rotation": {"angle": -45, "axis": "x", "origin": [7, 16, 8]},
			"faces": {
				"north": {"uv": [11, 5, 11.25, 5.5], "texture": "#0"},
				"east": {"uv": [5, 1.5, 6, 2], "texture": "#0"},
				"south": {"uv": [11, 5.5, 11.25, 6], "texture": "#0"},
				"west": {"uv": [2, 5, 3, 5.5], "texture": "#0"},
				"up": {"uv": [10.75, 6, 10.5, 5], "texture": "#0"},
				"down": {"uv": [5.75, 10.5, 5.5, 11.5], "texture": "#0"}
			}
		},
		{
			"from": [8.05, 9, 8],
			"to": [8.85, 12, 8.8],
			"rotation": {"angle": -22.5, "axis": "x", "origin": [7, 11, 8]},
			"faces": {
				"north": {"uv": [4.5, 3, 5, 4.5], "texture": "#0"},
				"east": {"uv": [4, 4.5, 4.5, 6], "texture": "#0"},
				"south": {"uv": [4.5, 4.5, 5, 6], "texture": "#0"},
				"west": {"uv": [5, 0, 5.5, 1.5], "texture": "#0"},
				"up": {"uv": [11, 6.5, 10.5, 6], "texture": "#0"},
				"down": {"uv": [11, 6.5, 10.5, 7], "texture": "#0"}
			}
		},
		{
			"from": [8.2, 6, 8],
			"to": [8.8, 10, 8.8],
			"rotation": {"angle": 22.5, "axis": "x", "origin": [7, 8, 8]},
			"faces": {
				"north": {"uv": [5, 2, 5.25, 4], "texture": "#0"},
				"east": {"uv": [1, 3, 1.5, 5], "texture": "#0"},
				"south": {"uv": [3.5, 5, 3.75, 7], "texture": "#0"},
				"west": {"uv": [1.5, 3, 2, 5], "texture": "#0"},
				"up": {"uv": [6.25, 11.5, 6, 11], "texture": "#0"},
				"down": {"uv": [11.25, 6, 11, 6.5], "texture": "#0"}
			}
		},
		{
			"from": [8.05, 2, 7],
			"to": [8.85, 6, 7.8],
			"rotation": {"angle": 0, "axis": "x", "origin": [7, 4, 7]},
			"faces": {
				"north": {"uv": [2, 3, 2.5, 5], "texture": "#0"},
				"east": {"uv": [2.5, 3, 3, 5], "texture": "#0"},
				"south": {"uv": [3, 2.5, 3.5, 4.5], "texture": "#0"},
				"west": {"uv": [3.5, 0, 4, 2], "texture": "#0"},
				"up": {"uv": [11, 7.5, 10.5, 7], "texture": "#0"},
				"down": {"uv": [11, 7.5, 10.5, 8], "texture": "#0"}
			}
		},
		{
			"from": [8.2, -1, 8.2],
			"to": [8.6, 3, 7.8],
			"rotation": {"angle": -22.5, "axis": "x", "origin": [7, 1, 8]},
			"faces": {
				"north": {"uv": [5, 4, 5.25, 6], "texture": "#0"},
				"east": {"uv": [0.5, 5.5, 0.75, 7.5], "texture": "#0"},
				"south": {"uv": [2, 5.5, 2.25, 7.5], "texture": "#0"},
				"west": {"uv": [5.5, 2, 5.75, 4], "texture": "#0"},
				"up": {"uv": [2.75, 12.25, 2.5, 12], "texture": "#0"},
				"down": {"uv": [12.25, 2.5, 12, 2.75], "texture": "#0"}
			}
		},
		{
			"from": [7.05, 22.4, 7],
			"to": [9.85, 22.6, 9.8],
			"rotation": {"angle": 0, "axis": "y", "origin": [7, -8, 7]},
			"faces": {
				"north": {"uv": [5.5, 0, 7, 0.25], "texture": "#0"},
				"east": {"uv": [5.5, 0.5, 7, 0.75], "texture": "#0"},
				"south": {"uv": [5.5, 1, 7, 1.25], "texture": "#0"},
				"west": {"uv": [5.5, 4, 7, 4.25], "texture": "#0"},
				"up": {"uv": [1.5, 1.5, 0, 0], "texture": "#0"},
				"down": {"uv": [1.5, 1.5, 0, 3], "texture": "#0"}
			}
		},
		{
			"from": [7.05, 22.4, 9],
			"to": [7.85, 23.6, 9.8],
			"rotation": {"angle": 0, "axis": "y", "origin": [7, -8, 7]},
			"faces": {
				"north": {"uv": [10.5, 8, 11, 8.5], "texture": "#0"},
				"east": {"uv": [10.5, 8.5, 11, 9], "texture": "#0"},
				"south": {"uv": [10.5, 9, 11, 9.5], "texture": "#0"},
				"west": {"uv": [10.5, 9.5, 11, 10], "texture": "#0"},
				"up": {"uv": [11, 10.5, 10.5, 10], "texture": "#0"},
				"down": {"uv": [11, 10.5, 10.5, 11], "texture": "#0"}
			}
		},
		{
			"from": [7.05, 22.4, 7],
			"to": [7.85, 23.6, 7.8],
			"rotation": {"angle": 0, "axis": "y", "origin": [7, -8, 5]},
			"faces": {
				"north": {"uv": [0, 11, 0.5, 11.5], "texture": "#0"},
				"east": {"uv": [11, 0, 11.5, 0.5], "texture": "#0"},
				"south": {"uv": [0.5, 11, 1, 11.5], "texture": "#0"},
				"west": {"uv": [11, 0.5, 11.5, 1], "texture": "#0"},
				"up": {"uv": [1.5, 11.5, 1, 11], "texture": "#0"},
				"down": {"uv": [11.5, 1, 11, 1.5], "texture": "#0"}
			}
		},
		{
			"from": [9.05, 22.4, 7],
			"to": [9.85, 23.6, 7.8],
			"rotation": {"angle": 0, "axis": "y", "origin": [9, -8, 5]},
			"faces": {
				"north": {"uv": [11, 1.5, 11.5, 2], "texture": "#0"},
				"east": {"uv": [2, 11, 2.5, 11.5], "texture": "#0"},
				"south": {"uv": [11, 2, 11.5, 2.5], "texture": "#0"},
				"west": {"uv": [2.5, 11, 3, 11.5], "texture": "#0"},
				"up": {"uv": [11.5, 3, 11, 2.5], "texture": "#0"},
				"down": {"uv": [3.5, 11, 3, 11.5], "texture": "#0"}
			}
		},
		{
			"from": [9.05, 22.4, 9],
			"to": [9.85, 23.6, 9.8],
			"rotation": {"angle": 0, "axis": "y", "origin": [9, -8, 7]},
			"faces": {
				"north": {"uv": [11, 3, 11.5, 3.5], "texture": "#0"},
				"east": {"uv": [3.5, 11, 4, 11.5], "texture": "#0"},
				"south": {"uv": [11, 3.5, 11.5, 4], "texture": "#0"},
				"west": {"uv": [4, 11, 4.5, 11.5], "texture": "#0"},
				"up": {"uv": [11.5, 4.5, 11, 4], "texture": "#0"},
				"down": {"uv": [5, 11, 4.5, 11.5], "texture": "#0"}
			}
		}
	],
	"display": {
		"thirdperson_righthand": {
			"translation": [-0.25, -7.25, 0.5],
			"scale": [1.31, 1.31, 1.31]
		},
		"thirdperson_lefthand": {
			"translation": [0.5, -8.5, 1],
			"scale": [1.31, 1.31, 1.31]
		},
		"firstperson_righthand": {
			"rotation": [0, -180, 0],
			"translation": [1.25, -2.25, 0]
		},
		"firstperson_lefthand": {
			"rotation": [0, -180, 0],
			"translation": [2, -2.75, 0]
		},
		"ground": {
			"rotation": [-83, 0, 0],
			"translation": [0, -2.5, 3.75]
		},
		"gui": {
			"rotation": [-57.47, 42, 64],
			"translation": [1.5, -2.75, 0],
			"scale": [0.75, 0.75, 0.75]
		},
		"fixed": {
			"rotation": [87.51, 0.52, -94.54],
			"translation": [-10.75, 0.5, 0],
			"scale": [2.52, 2.52, 2.52]
		}
	},
	"groups": [
		{
			"name": "Cabezal",
			"origin": [8.5, 23, 8.5],
			"color": 0,
			"children": [0, 1, 2, 3, 4, 5, 6, 7, 8, 9, 10, 11, 12, 13, 14, 15, 16, 17, 18, 19, 20, 21, 22, 23, 24, 25, 26, 27, 28, 29, 30, 31, 32, 33, 34, 35, 36, 37]
		},
		{
			"name": "group",
			"origin": [8.5, 24, 8.5],
			"color": 0,
			"children": [38, 39, 40, 41, 42, 43, 44, 45, 46, 47, 48, 49, 50, 51]
		}
	]
}