{
	"credit": "Made with Blockbench",
	"texture_size": [32, 32],
	"textures": {
		"0": "item/varaaguatier3"
	},
	"elements": [
		{
			"name": "body",
			"from": [7.5, 0, 7.5],
			"to": [8.5, 25, 8.5],
			"rotation": {"angle": 0, "axis": "y", "origin": [8, 0, 8]},
			"faces": {
				"north": {"uv": [0.5, 3.5, 1, 16], "texture": "#0"},
				"east": {"uv": [0, 3.5, 0.5, 16], "texture": "#0"},
				"south": {"uv": [1.5, 3.5, 2, 16], "texture": "#0"},
				"west": {"uv": [1, 3.5, 1.5, 16], "texture": "#0"},
				"up": {"uv": [1, 3.5, 0.5, 3], "texture": "#0"},
				"down": {"uv": [1.5, 3, 1, 3.5], "texture": "#0"}
			}
		},
		{
			"name": "base",
			"from": [6.5, 25, 7.5],
			"to": [9.5, 27, 8.5],
			"rotation": {"angle": 0, "axis": "y", "origin": [8, 0, 8]},
			"faces": {
				"north": {"uv": [2.5, 0.5, 4, 1.5], "texture": "#0"},
				"east": {"uv": [2, 0.5, 2.5, 1.5], "texture": "#0"},
				"south": {"uv": [4.5, 0.5, 6, 1.5], "texture": "#0"},
				"west": {"uv": [4, 0.5, 4.5, 1.5], "texture": "#0"},
				"up": {"uv": [4, 0.5, 2.5, 0], "texture": "#0"},
				"down": {"uv": [5.5, 0, 4, 0.5], "texture": "#0"}
			}
		},
		{
			"name": "base",
			"from": [6.5, 30, 7.5],
			"to": [9.5, 31, 8.5],
			"rotation": {"angle": 0, "axis": "y", "origin": [8, 4, 8]},
			"faces": {
				"north": {"uv": [2.5, 0.5, 4, 1], "texture": "#0"},
				"east": {"uv": [2, 0.5, 2.5, 1], "texture": "#0"},
				"south": {"uv": [4.5, 0.5, 6, 1], "texture": "#0"},
				"west": {"uv": [4, 0.5, 4.5, 1], "texture": "#0"},
				"up": {"uv": [4, 0.5, 2.5, 0], "texture": "#0"},
				"down": {"uv": [5.5, 0, 4, 0.5], "texture": "#0"}
			}
		},
		{
			"name": "left_spike",
			"from": [9.5, 26, 7.5],
			"to": [10.5, 30, 8.5],
			"rotation": {"angle": 0, "axis": "y", "origin": [8, 0, 8]},
			"faces": {
				"north": {"uv": [2.5, 2, 3, 4], "texture": "#0"},
				"east": {"uv": [2, 2, 2.5, 4], "texture": "#0"},
				"south": {"uv": [3.5, 2, 4, 4], "texture": "#0"},
				"west": {"uv": [3, 2, 3.5, 4], "texture": "#0"},
				"up": {"uv": [3, 2, 2.5, 1.5], "texture": "#0"},
				"down": {"uv": [3.5, 1.5, 3, 2], "texture": "#0"}
			}
		},
		{
			"name": "middle_spike",
			"from": [7.5, 27, 7.5],
			"to": [8.5, 27, 8.5],
			"rotation": {"angle": 0, "axis": "y", "origin": [8, 0, 8]},
			"faces": {
				"north": {"uv": [0.5, 0.5, 1, 0.5], "texture": "#0"},
				"east": {"uv": [0, 0.5, 0.5, 0.5], "texture": "#0"},
				"south": {"uv": [1.5, 0.5, 2, 0.5], "texture": "#0"},
				"west": {"uv": [1, 0.5, 1.5, 0.5], "texture": "#0"},
				"up": {"uv": [1, 0.5, 0.5, 0], "texture": "#0"},
				"down": {"uv": [1.5, 0, 1, 0.5], "texture": "#0"}
			}
		},
		{
			"name": "right_spike",
			"from": [5.5, 26, 7.5],
			"to": [6.5, 30, 8.5],
			"rotation": {"angle": 0, "axis": "y", "origin": [8, 0, 8]},
			"faces": {
				"north": {"uv": [3, 2, 2.5, 4], "texture": "#0"},
				"east": {"uv": [3.5, 2, 3, 4], "texture": "#0"},
				"south": {"uv": [4, 2, 3.5, 4], "texture": "#0"},
				"west": {"uv": [2.5, 2, 2, 4], "texture": "#0"},
				"up": {"uv": [2.5, 2, 3, 1.5], "texture": "#0"},
				"down": {"uv": [3, 1.5, 3.5, 2], "texture": "#0"}
			}
		}
	],
	"display": {
		"thirdperson_righthand": {
			"translation": [0, -9.25, 1.25]
		},
		"thirdperson_lefthand": {
			"translation": [0, -9.25, 1.25]
		},
		"firstperson_righthand": {
			"translation": [0, -7.5, 0]
		},
		"firstperson_lefthand": {
			"translation": [0, -7.75, 0]
		},
		"ground": {
			"rotation": [-89.96, -1.05, -62.23],
			"translation": [-8.5, 0, 0.25]
		},
		"gui": {
			"rotation": [0, 0, 46.5],
			"translation": [3.25, -3.25, 0],
			"scale": [0.61, 0.61, 0.61]
		},
		"fixed": {
			"translation": [0, -14.5, -1],
			"scale": [2.14, 2.14, 2.14]
		}
	},
	"groups": [
		{
			"name": "body",
			"origin": [8, 27, 8],
			"color": 0,
			"children": [0]
		},
		{
			"name": "base",
			"origin": [8, 27, 8],
			"color": 0,
			"children": [1, 2]
		},
		{
			"name": "left_spike",
			"origin": [8, 27, 8],
			"color": 0,
			"children": [3]
		},
		{
			"name": "middle_spike",
			"origin": [8, 27, 8],
			"color": 0,
			"children": [4]
		},
		{
			"name": "right_spike",
			"origin": [8, 27, 8],
			"color": 0,
			"children": [5]
		}
	]
}