{
	"credit": "Made with Blockbench",
	"texture_size": [32, 32],
	"textures": {
		"0": "item/varaaire3",
		"1": "item/vara1",
		"particle": "item/vara1"
	},
	"elements": [
		{
			"from": [6.325, 21, 7.8],
			"to": [10.525, 22.2, 9],
			"rotation": {"angle": 0, "axis": "y", "origin": [7, -8, 7]},
			"faces": {
				"north": {"uv": [2, 0, 4.125, 0.625], "texture": "#0"},
				"east": {"uv": [6.5, 1, 7.125, 1.625], "texture": "#0"},
				"south": {"uv": [2, 1, 4.125, 1.625], "texture": "#0"},
				"west": {"uv": [2, 6.5, 2.625, 7.125], "texture": "#0"},
				"up": {"uv": [4.125, 2.625, 2, 2], "texture": "#0"},
				"down": {"uv": [4.125, 3, 2, 3.625], "texture": "#0"}
			}
		},
		{
			"from": [10.1, 22, 7.8],
			"to": [11.3, 23.2, 9],
			"rotation": {"angle": 0, "axis": "y", "origin": [13, -7, 7]},
			"faces": {
				"north": {"uv": [3, 6.5, 3.625, 7.125], "texture": "#0"},
				"east": {"uv": [4, 6.5, 4.625, 7.125], "texture": "#0"},
				"south": {"uv": [6, 6.5, 6.625, 7.125], "texture": "#0"},
				"west": {"uv": [7, 2, 7.625, 2.625], "texture": "#0"},
				"up": {"uv": [7.625, 3.625, 7, 3], "texture": "#0"},
				"down": {"uv": [7.625, 4, 7, 4.625], "texture": "#0"}
			}
		},
		{
			"from": [10.8, 23, 7.8],
			"to": [12, 25.2, 9],
			"rotation": {"angle": 0, "axis": "y", "origin": [13, -6, 7]},
			"faces": {
				"north": {"uv": [2, 4, 2.625, 5.125], "texture": "#0"},
				"east": {"uv": [3, 4, 3.625, 5.125], "texture": "#0"},
				"south": {"uv": [4, 4, 4.625, 5.125], "texture": "#0"},
				"west": {"uv": [4.5, 0, 5.125, 1.125], "texture": "#0"},
				"up": {"uv": [5.625, 7.625, 5, 7], "texture": "#0"},
				"down": {"uv": [7.625, 5, 7, 5.625], "texture": "#0"}
			}
		},
		{
			"from": [4.8, 23, 7.8],
			"to": [6, 25.2, 9],
			"rotation": {"angle": 0, "axis": "y", "origin": [7, -6, 7]},
			"faces": {
				"north": {"uv": [4.5, 1.5, 5.125, 2.625], "texture": "#0"},
				"east": {"uv": [5, 3, 5.625, 4.125], "texture": "#0"},
				"south": {"uv": [5, 4.5, 5.625, 5.625], "texture": "#0"},
				"west": {"uv": [5.5, 0, 6.125, 1.125], "texture": "#0"},
				"up": {"uv": [7.625, 6.625, 7, 6], "texture": "#0"},
				"down": {"uv": [7.625, 7, 7, 7.625], "texture": "#0"}
			}
		},
		{
			"from": [5.4, 22, 7.8],
			"to": [6.6, 23.2, 9],
			"rotation": {"angle": 0, "axis": "y", "origin": [7, -7, 7]},
			"faces": {
				"north": {"uv": [7.5, 0, 8.125, 0.625], "texture": "#0"},
				"east": {"uv": [7.5, 1, 8.125, 1.625], "texture": "#0"},
				"south": {"uv": [2, 7.5, 2.625, 8.125], "texture": "#0"},
				"west": {"uv": [3, 7.5, 3.625, 8.125], "texture": "#0"},
				"up": {"uv": [4.625, 8.125, 4, 7.5], "texture": "#0"},
				"down": {"uv": [6.625, 7.5, 6, 8.125], "texture": "#0"}
			}
		},
		{
			"from": [5.4, 25, 7.8],
			"to": [6.6, 26.2, 9],
			"rotation": {"angle": 0, "axis": "y", "origin": [7, -4, 7]},
			"faces": {
				"north": {"uv": [8, 2, 8.625, 2.625], "texture": "#0"},
				"east": {"uv": [8, 3, 8.625, 3.625], "texture": "#0"},
				"south": {"uv": [8, 4, 8.625, 4.625], "texture": "#0"},
				"west": {"uv": [5, 8, 5.625, 8.625], "texture": "#0"},
				"up": {"uv": [8.625, 5.625, 8, 5], "texture": "#0"},
				"down": {"uv": [8.625, 6, 8, 6.625], "texture": "#0"}
			}
		},
		{
			"from": [10.1, 25, 7.8],
			"to": [11.3, 26.2, 9],
			"rotation": {"angle": 0, "axis": "y", "origin": [13, -4, 7]},
			"faces": {
				"north": {"uv": [7, 8, 7.625, 8.625], "texture": "#0"},
				"east": {"uv": [8, 7, 8.625, 7.625], "texture": "#0"},
				"south": {"uv": [8, 8, 8.625, 8.625], "texture": "#0"},
				"west": {"uv": [8.5, 0, 9.125, 0.625], "texture": "#0"},
				"up": {"uv": [9.125, 1.625, 8.5, 1], "texture": "#0"},
				"down": {"uv": [2.625, 8.5, 2, 9.125], "texture": "#0"}
			}
		},
		{
			"from": [7.9, 2, 7.9],
			"to": [8.9, 21, 8.9],
			"rotation": {"angle": 0, "axis": "y", "origin": [11, -9, 4]},
			"faces": {
				"north": {"uv": [0, 0, 0.5, 9.5], "texture": "#0"},
				"east": {"uv": [0.5, 0, 1, 9.5], "texture": "#0"},
				"south": {"uv": [1, 0, 1.5, 9.5], "texture": "#0"},
				"west": {"uv": [1.5, 0, 2, 9.5], "texture": "#0"},
				"up": {"uv": [5, 3.5, 4.5, 3], "texture": "#0"},
				"down": {"uv": [5, 3.5, 4.5, 4], "texture": "#0"}
			}
		},
		{
			"from": [7.75, 1, 7.75],
			"to": [9.05, 2, 9.05],
			"rotation": {"angle": 0, "axis": "y", "origin": [7, -15, 7]},
			"faces": {
				"north": {"uv": [9, 9, 9.625, 9.5], "texture": "#0"},
				"east": {"uv": [0, 9.5, 0.625, 10], "texture": "#0"},
				"south": {"uv": [9.5, 0, 10.125, 0.5], "texture": "#0"},
				"west": {"uv": [9.5, 0.5, 10.125, 1], "texture": "#0"},
				"up": {"uv": [3.625, 9.125, 3, 8.5], "texture": "#0"},
				"down": {"uv": [4.625, 8.5, 4, 9.125], "texture": "#0"}
			}
		},
		{
			"from": [7.75, 4, 7.75],
			"to": [9.05, 5, 9.05],
			"rotation": {"angle": 0, "axis": "y", "origin": [7, -12, 7]},
			"faces": {
				"north": {"uv": [1, 9.5, 1.625, 10], "texture": "#0"},
				"east": {"uv": [9.5, 1, 10.125, 1.5], "texture": "#0"},
				"south": {"uv": [9.5, 1.5, 10.125, 2], "texture": "#0"},
				"west": {"uv": [2, 9.5, 2.625, 10], "texture": "#0"},
				"up": {"uv": [6.625, 9.125, 6, 8.5], "texture": "#0"},
				"down": {"uv": [9.625, 2, 9, 2.625], "texture": "#0"}
			}
		},
		{
			"from": [7.75, 9, 7.75],
			"to": [9.05, 10, 9.05],
			"rotation": {"angle": 0, "axis": "y", "origin": [7, -7, 7]},
			"faces": {
				"north": {"uv": [3, 9.5, 3.625, 10], "texture": "#0"},
				"east": {"uv": [4, 9.5, 4.625, 10], "texture": "#0"},
				"south": {"uv": [6, 9.5, 6.625, 10], "texture": "#0"},
				"west": {"uv": [7, 9.5, 7.625, 10], "texture": "#0"},
				"up": {"uv": [9.625, 3.625, 9, 3], "texture": "#0"},
				"down": {"uv": [9.625, 4, 9, 4.625], "texture": "#0"}
			}
		},
		{
			"from": [7.75, 13, 7.75],
			"to": [9.05, 14, 9.05],
			"rotation": {"angle": 0, "axis": "y", "origin": [7, -3, 7]},
			"faces": {
				"north": {"uv": [9, 7.5, 9.625, 8], "texture": "#0"},
				"east": {"uv": [8, 9, 8.625, 9.5], "texture": "#0"},
				"south": {"uv": [9, 8, 9.625, 8.5], "texture": "#0"},
				"west": {"uv": [9, 8.5, 9.625, 9], "texture": "#0"},
				"up": {"uv": [6.625, 6.125, 6, 5.5], "texture": "#0"},
				"down": {"uv": [7.125, 0, 6.5, 0.625], "texture": "#0"}
			}
		},
		{
			"from": [7.75, 18, 7.75],
			"to": [9.05, 19, 9.05],
			"rotation": {"angle": 0, "axis": "y", "origin": [7, 2, 7]},
			"faces": {
				"north": {"uv": [8, 9.5, 8.625, 10], "texture": "#0"},
				"east": {"uv": [9, 9.5, 9.625, 10], "texture": "#0"},
				"south": {"uv": [0, 10, 0.625, 10.5], "texture": "#0"},
				"west": {"uv": [1, 10, 1.625, 10.5], "texture": "#0"},
				"up": {"uv": [5.625, 9.625, 5, 9], "texture": "#0"},
				"down": {"uv": [9.625, 5, 9, 5.625], "texture": "#0"}
			}
		},
		{
			"from": [7.65, 0, 7.65],
			"to": [9.15, 1, 9.15],
			"rotation": {"angle": 0, "axis": "y", "origin": [7, -16, 7]},
			"faces": {
				"north": {"uv": [9, 6, 9.75, 6.5], "texture": "#0"},
				"east": {"uv": [9, 6.5, 9.75, 7], "texture": "#0"},
				"south": {"uv": [7, 9, 7.75, 9.5], "texture": "#0"},
				"west": {"uv": [9, 7, 9.75, 7.5], "texture": "#0"},
				"up": {"uv": [6.75, 5.25, 6, 4.5], "texture": "#0"},
				"down": {"uv": [5.75, 6, 5, 6.75], "texture": "#0"}
			}
		},
		{
			"from": [7.5, 23, 7.5],
			"to": [9.5, 25, 9.5],
			"rotation": {"angle": -45, "axis": "x", "origin": [8.5, 24, 8.5]},
			"faces": {
				"north": {"uv": [8, 2, 9, 3], "texture": "#1"},
				"east": {"uv": [5, 8, 6, 9], "texture": "#1"},
				"south": {"uv": [6, 8, 7, 9], "texture": "#1"},
				"west": {"uv": [7, 8, 8, 9], "texture": "#1"},
				"up": {"uv": [9, 9, 8, 8], "texture": "#1"},
				"down": {"uv": [1, 8.5, 0, 9.5], "texture": "#1"}
			}
		},
		{
			"from": [7.5, 23, 7.5],
			"to": [9.5, 25, 9.5],
			"rotation": {"angle": 0, "axis": "y", "origin": [7, 23, 7]},
			"faces": {
				"north": {"uv": [4.5, 3.5, 5.5, 4.5], "texture": "#1"},
				"east": {"uv": [4.5, 4.5, 5.5, 5.5], "texture": "#1"},
				"south": {"uv": [5, 0, 6, 1], "texture": "#1"},
				"west": {"uv": [5, 1, 6, 2], "texture": "#1"},
				"up": {"uv": [6, 3, 5, 2], "texture": "#1"},
				"down": {"uv": [6.5, 3, 5.5, 4], "texture": "#1"}
			}
		},
		{
			"from": [7.5, 23, 7.5],
			"to": [9.5, 25, 9.5],
			"rotation": {"angle": 22.5, "axis": "y", "origin": [8.5, 24, 8.5]},
			"faces": {
				"north": {"uv": [5.5, 4, 6.5, 5], "texture": "#1"},
				"east": {"uv": [4.5, 5.5, 5.5, 6.5], "texture": "#1"},
				"south": {"uv": [5.5, 5, 6.5, 6], "texture": "#1"},
				"west": {"uv": [6, 0, 7, 1], "texture": "#1"},
				"up": {"uv": [7, 2, 6, 1], "texture": "#1"},
				"down": {"uv": [7, 2, 6, 3], "texture": "#1"}
			}
		},
		{
			"from": [7.5, 23, 7.5],
			"to": [9.5, 25, 9.5],
			"rotation": {"angle": 45, "axis": "y", "origin": [8.5, 24, 8.5]},
			"faces": {
				"north": {"uv": [5.5, 6, 6.5, 7], "texture": "#1"},
				"east": {"uv": [6.5, 3, 7.5, 4], "texture": "#1"},
				"south": {"uv": [6.5, 4, 7.5, 5], "texture": "#1"},
				"west": {"uv": [4.5, 6.5, 5.5, 7.5], "texture": "#1"},
				"up": {"uv": [7.5, 6, 6.5, 5], "texture": "#1"},
				"down": {"uv": [7.5, 6, 6.5, 7], "texture": "#1"}
			}
		},
		{
			"from": [7.5, 23, 7.5],
			"to": [9.5, 25, 9.5],
			"rotation": {"angle": -22.5, "axis": "y", "origin": [8.5, 24, 8.5]},
			"faces": {
				"north": {"uv": [7, 0, 8, 1], "texture": "#1"},
				"east": {"uv": [7, 1, 8, 2], "texture": "#1"},
				"south": {"uv": [2, 7, 3, 8], "texture": "#1"},
				"west": {"uv": [7, 2, 8, 3], "texture": "#1"},
				"up": {"uv": [6.5, 8, 5.5, 7], "texture": "#1"},
				"down": {"uv": [7.5, 7, 6.5, 8], "texture": "#1"}
			}
		},
		{
			"from": [7.5, 23, 7.5],
			"to": [9.5, 25, 9.5],
			"rotation": {"angle": -45, "axis": "z", "origin": [8.5, 24, 8.5]},
			"faces": {
				"north": {"uv": [0, 7.5, 1, 8.5], "texture": "#1"},
				"east": {"uv": [1, 7.5, 2, 8.5], "texture": "#1"},
				"south": {"uv": [3, 7.5, 4, 8.5], "texture": "#1"},
				"west": {"uv": [7.5, 3, 8.5, 4], "texture": "#1"},
				"up": {"uv": [5, 8.5, 4, 7.5], "texture": "#1"},
				"down": {"uv": [8.5, 4, 7.5, 5], "texture": "#1"}
			}
		},
		{
			"from": [7.5, 23, 7.5],
			"to": [9.5, 25, 9.5],
			"rotation": {"angle": 22.5, "axis": "x", "origin": [8.5, 24, 8.5]},
			"faces": {
				"north": {"uv": [7.5, 5, 8.5, 6], "texture": "#1"},
				"east": {"uv": [7.5, 6, 8.5, 7], "texture": "#1"},
				"south": {"uv": [7.5, 7, 8.5, 8], "texture": "#1"},
				"west": {"uv": [8, 0, 9, 1], "texture": "#1"},
				"up": {"uv": [9, 2, 8, 1], "texture": "#1"},
				"down": {"uv": [3, 8, 2, 9], "texture": "#1"}
			}
		}
	],
	"display": {
		"thirdperson_righthand": {
			"translation": [0, -5.5, 1.5]
		},
		"thirdperson_lefthand": {
			"translation": [0.5, 0, 1]
		},
		"firstperson_righthand": {
			"translation": [0, -2.5, 0]
		},
		"firstperson_lefthand": {
			"translation": [1.5, -2.75, 0]
		},
		"ground": {
			"rotation": [-89, 1, 0],
			"translation": [0, -2.75, 5.25]
		},
		"gui": {
			"rotation": [-11, -28, 47],
			"translation": [2.75, -2.75, 0],
			"scale": [0.88, 0.88, 0.88]
		},
		"fixed": {
			"rotation": [-3.94, -24.73, -1.14],
			"translation": [0, -7.5, -3.25],
			"scale": [2.19, 2.19, 2.19]
		}
	},
	"groups": [
		{
			"name": "group",
			"origin": [8.5, 24, 8.5],
			"color": 0,
			"children": [0, 1, 2, 3, 4, 5, 6, 7, 8, 9, 10, 11, 12, 13]
		},
		{
			"name": "group",
			"origin": [8.5, 24, 8.5],
			"color": 0,
			"children": [14, 15, 16, 17, 18, 19, 20]
		}
	]
}