{
	"credit": "Made with Blockbench",
	"textures": {
		"0": "block/lunaria_2",
		"particle": "block/lunaria_2"
	},
	"elements": [
		{
			"from": [7, -1, 8],
			"to": [8, 9, 9],
			"rotation": {"angle": 0, "axis": "y", "origin": [6, 0, 6]},
			"faces": {
				"north": {"uv": [0, 0, 1, 10], "texture": "#0"},
				"east": {"uv": [1, 0, 2, 10], "texture": "#0"},
				"south": {"uv": [2, 0, 3, 10], "texture": "#0"},
				"west": {"uv": [3, 0, 4, 10], "texture": "#0"},
				"up": {"uv": [6, 11, 5, 10], "texture": "#0"},
				"down": {"uv": [11, 8, 10, 9], "texture": "#0"}
			}
		},
		{
			"from": [6.8, 9, 7.8],
			"to": [8.2, 9.3, 9.2],
			"rotation": {"angle": 0, "axis": "y", "origin": [6, 3, 6]},
			"faces": {
				"north": {"uv": [12, 9, 13.5, 9.25], "texture": "#0"},
				"east": {"uv": [10, 12, 11.5, 12.25], "texture": "#0"},
				"south": {"uv": [12, 10, 13.5, 10.25], "texture": "#0"},
				"west": {"uv": [12, 11, 13.5, 11.25], "texture": "#0"},
				"up": {"uv": [5.5, 1.5, 4, 0], "texture": "#0"},
				"down": {"uv": [5.5, 2, 4, 3.5], "texture": "#0"}
			}
		},
		{
			"from": [8.2, 9.2, 7.8],
			"to": [8.6, 10, 9.2],
			"rotation": {"angle": 0, "axis": "y", "origin": [7, 3, 6]},
			"faces": {
				"north": {"uv": [12, 12, 12.5, 12.75], "texture": "#0"},
				"east": {"uv": [1, 10, 2.5, 10.75], "texture": "#0"},
				"south": {"uv": [0, 13, 0.5, 13.75], "texture": "#0"},
				"west": {"uv": [10, 2, 11.5, 2.75], "texture": "#0"},
				"up": {"uv": [1.5, 13.5, 1, 12], "texture": "#0"},
				"down": {"uv": [12.5, 1, 12, 2.5], "texture": "#0"}
			}
		},
		{
			"from": [6.8, 9.2, 7.4],
			"to": [8.2, 10, 7.8],
			"rotation": {"angle": 0, "axis": "y", "origin": [5, 3, 9]},
			"faces": {
				"north": {"uv": [3, 10, 4.5, 10.75], "texture": "#0"},
				"east": {"uv": [13, 0, 13.5, 0.75], "texture": "#0"},
				"south": {"uv": [10, 3, 11.5, 3.75], "texture": "#0"},
				"west": {"uv": [13, 1, 13.5, 1.75], "texture": "#0"},
				"up": {"uv": [3.5, 12.5, 2, 12], "texture": "#0"},
				"down": {"uv": [13.5, 3, 12, 3.5], "texture": "#0"}
			}
		},
		{
			"from": [6.8, 9.2, 9.2],
			"to": [8.2, 10, 9.6],
			"rotation": {"angle": 0, "axis": "y", "origin": [5, 4, 11]},
			"faces": {
				"north": {"uv": [10, 4, 11.5, 4.75], "texture": "#0"},
				"east": {"uv": [2, 13, 2.5, 13.75], "texture": "#0"},
				"south": {"uv": [10, 5, 11.5, 5.75], "texture": "#0"},
				"west": {"uv": [13, 2, 13.5, 2.75], "texture": "#0"},
				"up": {"uv": [5.5, 12.5, 4, 12], "texture": "#0"},
				"down": {"uv": [13.5, 4, 12, 4.5], "texture": "#0"}
			}
		},
		{
			"from": [6.4, 9.2, 7.8],
			"to": [6.8, 10, 9.2],
			"rotation": {"angle": 0, "axis": "y", "origin": [5, 3, 6]},
			"faces": {
				"north": {"uv": [3, 13, 3.5, 13.75], "texture": "#0"},
				"east": {"uv": [10, 6, 11.5, 6.75], "texture": "#0"},
				"south": {"uv": [4, 13, 4.5, 13.75], "texture": "#0"},
				"west": {"uv": [10, 7, 11.5, 7.75], "texture": "#0"},
				"up": {"uv": [12.5, 6.5, 12, 5], "texture": "#0"},
				"down": {"uv": [6.5, 12, 6, 13.5], "texture": "#0"}
			}
		},
		{
			"from": [8, 4, 8],
			"to": [9, 5, 9],
			"rotation": {"angle": 0, "axis": "y", "origin": [7, 0, 6]},
			"faces": {
				"north": {"uv": [10, 9, 11, 10], "texture": "#0"},
				"east": {"uv": [10, 10, 11, 11], "texture": "#0"},
				"south": {"uv": [11, 0, 12, 1], "texture": "#0"},
				"west": {"uv": [1, 11, 2, 12], "texture": "#0"},
				"up": {"uv": [12, 2, 11, 1], "texture": "#0"},
				"down": {"uv": [3, 11, 2, 12], "texture": "#0"}
			}
		},
		{
			"from": [6, 2, 8],
			"to": [7, 3, 9],
			"rotation": {"angle": 0, "axis": "y", "origin": [5, -2, 6]},
			"faces": {
				"north": {"uv": [3, 11, 4, 12], "texture": "#0"},
				"east": {"uv": [4, 11, 5, 12], "texture": "#0"},
				"south": {"uv": [5, 11, 6, 12], "texture": "#0"},
				"west": {"uv": [6, 11, 7, 12], "texture": "#0"},
				"up": {"uv": [8, 12, 7, 11], "texture": "#0"},
				"down": {"uv": [9, 11, 8, 12], "texture": "#0"}
			}
		},
		{
			"from": [5, 2.3, 8],
			"to": [6, 3.3, 9],
			"rotation": {"angle": 0, "axis": "y", "origin": [4, -2, 6]},
			"faces": {
				"north": {"uv": [11, 8, 12, 9], "texture": "#0"},
				"east": {"uv": [9, 11, 10, 12], "texture": "#0"},
				"south": {"uv": [11, 9, 12, 10], "texture": "#0"},
				"west": {"uv": [10, 11, 11, 12], "texture": "#0"},
				"up": {"uv": [12, 11, 11, 10], "texture": "#0"},
				"down": {"uv": [12, 11, 11, 12], "texture": "#0"}
			}
		},
		{
			"from": [9, 4.4, 8],
			"to": [10, 5.7, 9],
			"rotation": {"angle": 0, "axis": "y", "origin": [8, 0, 6]},
			"faces": {
				"north": {"uv": [6, 9, 7, 10.25], "texture": "#0"},
				"east": {"uv": [7, 9, 8, 10.25], "texture": "#0"},
				"south": {"uv": [8, 9, 9, 10.25], "texture": "#0"},
				"west": {"uv": [9, 9, 10, 10.25], "texture": "#0"},
				"up": {"uv": [1, 13, 0, 12], "texture": "#0"},
				"down": {"uv": [13, 0, 12, 1], "texture": "#0"}
			}
		},
		{
			"from": [10, 5, 8],
			"to": [10.5, 6.3, 9],
			"rotation": {"angle": 0, "axis": "y", "origin": [9, 0, 6]},
			"faces": {
				"north": {"uv": [7, 12, 7.5, 13.25], "texture": "#0"},
				"east": {"uv": [0, 10, 1, 11.25], "texture": "#0"},
				"south": {"uv": [12, 7, 12.5, 8.25], "texture": "#0"},
				"west": {"uv": [10, 0, 11, 1.25], "texture": "#0"},
				"up": {"uv": [8.5, 13, 8, 12], "texture": "#0"},
				"down": {"uv": [9.5, 12, 9, 13], "texture": "#0"}
			}
		},
		{
			"from": [6.8, 9.4, 7.8],
			"to": [8.2, 10.4, 9.2],
			"rotation": {"angle": 0, "axis": "y", "origin": [6, 4, 6]},
			"faces": {
				"north": {"uv": [6, 8, 7.5, 9], "texture": "#0"},
				"east": {"uv": [8, 6, 9.5, 7], "texture": "#0"},
				"south": {"uv": [8, 7, 9.5, 8], "texture": "#0"},
				"west": {"uv": [8, 8, 9.5, 9], "texture": "#0"},
				"up": {"uv": [5.5, 5.5, 4, 4], "texture": "#0"},
				"down": {"uv": [7.5, 0, 6, 1.5], "texture": "#0"}
			}
		},
		{
			"from": [9.2, 8.8, 7.8],
			"to": [9.3, 10.1, 9.2],
			"rotation": {"angle": 22.5, "axis": "z", "origin": [7, 2, 6]},
			"faces": {
				"north": {"uv": [0, 14, 0.25, 15.25], "texture": "#0"},
				"east": {"uv": [6, 2, 7.5, 3.25], "texture": "#0"},
				"south": {"uv": [14, 0, 14.25, 1.25], "texture": "#0"},
				"west": {"uv": [4, 6, 5.5, 7.25], "texture": "#0"},
				"up": {"uv": [5.25, 14.5, 5, 13], "texture": "#0"},
				"down": {"uv": [13.25, 5, 13, 6.5], "texture": "#0"}
			}
		},
		{
			"from": [6.8, 8.8, 6.7],
			"to": [8.2, 10.1, 6.8],
			"rotation": {"angle": 22.5, "axis": "x", "origin": [5, 2, 9]},
			"faces": {
				"north": {"uv": [6, 4, 7.5, 5.25], "texture": "#0"},
				"east": {"uv": [1, 14, 1.25, 15.25], "texture": "#0"},
				"south": {"uv": [6, 6, 7.5, 7.25], "texture": "#0"},
				"west": {"uv": [2, 14, 2.25, 15.25], "texture": "#0"},
				"up": {"uv": [14.5, 7.25, 13, 7], "texture": "#0"},
				"down": {"uv": [9.5, 13, 8, 13.25], "texture": "#0"}
			}
		},
		{
			"from": [6.8, 10.5, 9.7],
			"to": [8.2, 11.8, 9.8],
			"rotation": {"angle": -22.5, "axis": "x", "origin": [5, 4, 12]},
			"faces": {
				"north": {"uv": [8, 0, 9.5, 1.25], "texture": "#0"},
				"east": {"uv": [14, 2, 14.25, 3.25], "texture": "#0"},
				"south": {"uv": [8, 2, 9.5, 3.25], "texture": "#0"},
				"west": {"uv": [3, 14, 3.25, 15.25], "texture": "#0"},
				"up": {"uv": [14.5, 8.25, 13, 8], "texture": "#0"},
				"down": {"uv": [11.5, 13, 10, 13.25], "texture": "#0"}
			}
		},
		{
			"from": [6.2, 10.5, 7.8],
			"to": [6.3, 11.8, 9.2],
			"rotation": {"angle": -22.5, "axis": "z", "origin": [4, 4, 6]},
			"faces": {
				"north": {"uv": [4, 14, 4.25, 15.25], "texture": "#0"},
				"east": {"uv": [4, 8, 5.5, 9.25], "texture": "#0"},
				"south": {"uv": [14, 4, 14.25, 5.25], "texture": "#0"},
				"west": {"uv": [8, 4, 9.5, 5.25], "texture": "#0"},
				"up": {"uv": [12.25, 14.5, 12, 13], "texture": "#0"},
				"down": {"uv": [13.25, 12, 13, 13.5], "texture": "#0"}
			}
		}
	],
	"groups": [
		{
			"name": "group",
			"origin": [10, 0, -1],
			"color": 0,
			"children": [0, 1, 2, 3, 4, 5, 6, 7, 8, 9, 10]
		},
		{
			"name": "group",
			"origin": [4, 4, 6],
			"color": 0,
			"children": [11, 12, 13, 14, 15]
		}
	]
}