{
  "parent": "minecraft:item/generated",
  "textures": { "layer0": "minecraft:item/bow" },
  "overrides": [
    { "predicate": { "pulling": 1, "pull": 0.9 },  "model": "minecraft:item/bow_pulling_2" },
    { "predicate": { "pulling": 1, "pull": 0.65 }, "model": "minecraft:item/bow_pulling_1" },
    { "predicate": { "pulling": 1 },               "model": "minecraft:item/bow_pulling_0" },

    { "predicate": { "custom_model_data": 1401 },  "model": "minecraft:item/longbow" },
    { "predicate": { "custom_model_data": 1402 },  "model": "minecraft:item/shortbow" },
    { "predicate": { "custom_model_data": 1403 },  "model": "minecraft:item/hunterbow" }
  ]
}
