{
	"credit": "Made with Blockbench",
	"texture_size": [32, 32],
	"textures": {
		"0": "item/silla",
		"particle": "item/silla"
	},
	"elements": [
		{
			"from": [3, 19, 12],
			"to": [4, 20, 13],
			"rotation": {"angle": 0, "axis": "y", "origin": [2, 3, 12]},
			"faces": {
				"north": {"uv": [4.5, 4, 5, 12.5], "texture": "#0"},
				"east": {"uv": [5, 4, 5.5, 12.5], "texture": "#0"},
				"south": {"uv": [5.5, 4, 6, 12.5], "texture": "#0"},
				"west": {"uv": [6, 4, 6.5, 12.5], "texture": "#0"},
				"up": {"uv": [9.5, 9, 9, 8.5], "texture": "#0"},
				"down": {"uv": [9.5, 9, 9, 9.5], "texture": "#0"}
			}
		},
		{
			"from": [12, 19, 12],
			"to": [13, 20, 13],
			"rotation": {"angle": 0, "axis": "y", "origin": [11, 3, 12]},
			"faces": {
				"north": {"uv": [4.5, 4, 5, 12.5], "texture": "#0"},
				"east": {"uv": [5, 4, 5.5, 12.5], "texture": "#0"},
				"south": {"uv": [5.5, 4, 6, 12.5], "texture": "#0"},
				"west": {"uv": [6, 4, 6.5, 12.5], "texture": "#0"},
				"up": {"uv": [9.5, 9, 9, 8.5], "texture": "#0"},
				"down": {"uv": [9.5, 9, 9, 9.5], "texture": "#0"}
			}
		},
		{
			"from": [3, 0, 3],
			"to": [4, 8, 4],
			"rotation": {"angle": 0, "axis": "y", "origin": [2, 0, 3]},
			"faces": {
				"north": {"uv": [8.5, 7, 9, 11], "texture": "#0"},
				"east": {"uv": [0, 9, 0.5, 13], "texture": "#0"},
				"south": {"uv": [9, 0, 9.5, 4], "texture": "#0"},
				"west": {"uv": [0.5, 9, 1, 13], "texture": "#0"},
				"up": {"uv": [4.5, 9.5, 4, 9], "texture": "#0"},
				"down": {"uv": [9.5, 7, 9, 7.5], "texture": "#0"}
			}
		},
		{
			"from": [12, 0, 3],
			"to": [13, 8, 4],
			"rotation": {"angle": 0, "axis": "y", "origin": [11, 0, 3]},
			"faces": {
				"north": {"uv": [1, 9, 1.5, 13], "texture": "#0"},
				"east": {"uv": [1.5, 9, 2, 13], "texture": "#0"},
				"south": {"uv": [2, 9, 2.5, 13], "texture": "#0"},
				"west": {"uv": [2.5, 9, 3, 13], "texture": "#0"},
				"up": {"uv": [9.5, 8, 9, 7.5], "texture": "#0"},
				"down": {"uv": [9.5, 8, 9, 8.5], "texture": "#0"}
			}
		},
		{
			"from": [3, 8, 3],
			"to": [13, 9, 12],
			"rotation": {"angle": 0, "axis": "y", "origin": [7, 1, 3]},
			"faces": {
				"north": {"uv": [8.5, 4, 13, 4.5], "texture": "#0"},
				"east": {"uv": [8.5, 4.5, 13, 5], "texture": "#0"},
				"south": {"uv": [8.5, 5, 13, 5.5], "texture": "#0"},
				"west": {"uv": [8.5, 5.5, 13, 6], "texture": "#0"},
				"up": {"uv": [4.5, 4.5, 0, 0], "texture": "#0"},
				"down": {"uv": [4.5, 4.5, 0, 9], "texture": "#0"}
			}
		},
		{
			"from": [3, 15, 12],
			"to": [13, 19, 13],
			"rotation": {"angle": 0, "axis": "y", "origin": [7, 8, 8]},
			"faces": {
				"north": {"uv": [4.5, 0, 9, 2], "texture": "#0"},
				"east": {"uv": [3, 9, 3.5, 11], "texture": "#0"},
				"south": {"uv": [4.5, 2, 9, 4], "texture": "#0"},
				"west": {"uv": [3.5, 9, 4, 11], "texture": "#0"},
				"up": {"uv": [13, 6.5, 8.5, 6], "texture": "#0"},
				"down": {"uv": [13, 6.5, 8.5, 7], "texture": "#0"}
			}
		},
		{
			"from": [12, 0, 12],
			"to": [13, 15, 13],
			"rotation": {"angle": 0, "axis": "y", "origin": [11, 0, 12]},
			"faces": {
				"north": {"uv": [6.5, 4, 7, 12.5], "texture": "#0"},
				"east": {"uv": [7, 4, 7.5, 12.5], "texture": "#0"},
				"south": {"uv": [7.5, 4, 8, 12.5], "texture": "#0"},
				"west": {"uv": [8, 4, 8.5, 12.5], "texture": "#0"},
				"up": {"uv": [10, 0.5, 9.5, 0], "texture": "#0"},
				"down": {"uv": [10, 0.5, 9.5, 1], "texture": "#0"}
			}
		},
		{
			"from": [3, 0, 12],
			"to": [4, 15, 13],
			"rotation": {"angle": 0, "axis": "y", "origin": [2, 0, 12]},
			"faces": {
				"north": {"uv": [6.5, 4, 7, 12.5], "texture": "#0"},
				"east": {"uv": [7, 4, 7.5, 12.5], "texture": "#0"},
				"south": {"uv": [7.5, 4, 8, 12.5], "texture": "#0"},
				"west": {"uv": [8, 4, 8.5, 12.5], "texture": "#0"},
				"up": {"uv": [10, 0.5, 9.5, 0], "texture": "#0"},
				"down": {"uv": [10, 0.5, 9.5, 1], "texture": "#0"}
			}
		}
	],
	"display": {
		"thirdperson_righthand": {
			"scale": [0.36, 0.36, 0.36]
		},
		"thirdperson_lefthand": {
			"scale": [0.35, 0.35, 0.35]
		},
		"firstperson_righthand": {
			"scale": [0.44, 0.44, 0.44]
		},
		"firstperson_lefthand": {
			"scale": [0.37, 0.37, 0.37]
		},
		"ground": {
			"scale": [0.58, 0.58, 0.58]
		},
		"gui": {
			"rotation": [-166.25, 46.25, -180],
			"translation": [0, -0.5, 0],
			"scale": [0.79, 0.79, 0.79]
		},
		"fixed": {
			"translation": [0, 0, -4.25]
		}
	},
	"groups": [
		{
			"name": "group",
			"origin": [11, 0, 11],
			"color": 0,
			"children": [0, 1, 2, 3, 4, 5, 6, 7]
		}
	]
}