{
	"format_version": "1.9.0",
	"credit": "Made with Blockbench",
	"parent": "minecraft:armor/generated",
	"texture_size": [64, 64],
	"textures": {
		"0": "item/capuchamarron",
		"particle": "item/capuchamarron"
	},
	"elements": [
		{
			"name": "armorHead",
			"from": [1, -2, 4.1],
			"to": [9, 6.1, 4.3],
			"rotation": {"angle": 0, "axis": "y", "origin": [1, 1, 4]},
			"faces": {
				"north": {"uv": [0, 2.25, 2, 4.25], "texture": "#0"},
				"east": {"uv": [4, 8, 4.0625, 10], "texture": "#0"},
				"south": {"uv": [2, 2.25, 4, 4.25], "texture": "#0"},
				"west": {"uv": [4.25, 8, 4.3125, 10], "texture": "#0"},
				"up": {"uv": [10.25, 2.8125, 8.25, 2.75], "texture": "#0"},
				"down": {"uv": [10.25, 3, 8.25, 3.0625], "texture": "#0"}
			}
		},
		{
			"name": "armorHead",
			"from": [1.2, -2, 4.3],
			"to": [8.8, 5.1, 4.6],
			"rotation": {"angle": 0, "axis": "y", "origin": [1, 1, 4]},
			"faces": {
				"north": {"uv": [2.25, 5.25, 4.125, 7], "texture": "#0"},
				"east": {"uv": [1.75, 8.5, 1.8125, 10.25], "texture": "#0"},
				"south": {"uv": [4.25, 5.25, 6.125, 7], "texture": "#0"},
				"west": {"uv": [2, 8.5, 2.0625, 10.25], "texture": "#0"},
				"up": {"uv": [10.125, 4.3125, 8.25, 4.25], "texture": "#0"},
				"down": {"uv": [10.125, 4.5, 8.25, 4.5625], "texture": "#0"}
			}
		},
		{
			"name": "armorHead",
			"from": [1, 4, -4.7],
			"to": [9, 6.1, -4.5],
			"rotation": {"angle": 0, "axis": "y", "origin": [1, 1, -5]},
			"faces": {
				"north": {"uv": [7.75, 1, 9.75, 1.5], "texture": "#0"},
				"east": {"uv": [0, 9.5, 0.0625, 10], "texture": "#0"},
				"south": {"uv": [7.75, 1.5, 9.75, 2], "texture": "#0"},
				"west": {"uv": [0.25, 9.5, 0.3125, 10], "texture": "#0"},
				"up": {"uv": [10.25, 3.3125, 8.25, 3.25], "texture": "#0"},
				"down": {"uv": [10.25, 3.5, 8.25, 3.5625], "texture": "#0"}
			}
		},
		{
			"name": "armorHead",
			"from": [6, 3, -4.7],
			"to": [9, 4, -4.5],
			"rotation": {"angle": 0, "axis": "y", "origin": [1, -1, -5]},
			"faces": {
				"north": {"uv": [1.5, 6, 2.25, 6.25], "texture": "#0"},
				"east": {"uv": [9.75, 1.5, 9.8125, 1.75], "texture": "#0"},
				"south": {"uv": [1.5, 6.25, 2.25, 6.5], "texture": "#0"},
				"west": {"uv": [9.75, 1.75, 9.8125, 2], "texture": "#0"},
				"up": {"uv": [9.5, 6.8125, 8.75, 6.75], "texture": "#0"},
				"down": {"uv": [9.75, 8.25, 9, 8.3125], "texture": "#0"}
			}
		},
		{
			"name": "armorHead",
			"from": [7, 2, -4.7],
			"to": [9, 3, -4.5],
			"rotation": {"angle": 0, "axis": "y", "origin": [1, -2, -5]},
			"faces": {
				"north": {"uv": [5.75, 7, 6.25, 7.25], "texture": "#0"},
				"east": {"uv": [9.75, 1, 9.8125, 1.25], "texture": "#0"},
				"south": {"uv": [5.75, 7.25, 6.25, 7.5], "texture": "#0"},
				"west": {"uv": [9.75, 1.25, 9.8125, 1.5], "texture": "#0"},
				"up": {"uv": [9.5, 9.0625, 9, 9], "texture": "#0"},
				"down": {"uv": [9.5, 9.25, 9, 9.3125], "texture": "#0"}
			}
		},
		{
			"name": "armorHead",
			"from": [8, 1, -4.7],
			"to": [9, 2, -4.5],
			"rotation": {"angle": 0, "axis": "y", "origin": [1, -3, -5]},
			"faces": {
				"north": {"uv": [8.25, 6.75, 8.5, 7], "texture": "#0"},
				"east": {"uv": [9.75, 5, 9.8125, 5.25], "texture": "#0"},
				"south": {"uv": [8.25, 7, 8.5, 7.25], "texture": "#0"},
				"west": {"uv": [9.75, 5.25, 9.8125, 5.5], "texture": "#0"},
				"up": {"uv": [10, 5.5625, 9.75, 5.5], "texture": "#0"},
				"down": {"uv": [10, 5.75, 9.75, 5.8125], "texture": "#0"}
			}
		},
		{
			"name": "armorHead",
			"from": [1, 3, -4.7],
			"to": [4, 4, -4.5],
			"rotation": {"angle": 0, "axis": "y", "origin": [-4, -1, -5]},
			"faces": {
				"north": {"uv": [1.5, 6.5, 2.25, 6.75], "texture": "#0"},
				"east": {"uv": [9.75, 6.25, 9.8125, 6.5], "texture": "#0"},
				"south": {"uv": [1.5, 6.75, 2.25, 7], "texture": "#0"},
				"west": {"uv": [9.75, 6.5, 9.8125, 6.75], "texture": "#0"},
				"up": {"uv": [9.75, 8.5625, 9, 8.5], "texture": "#0"},
				"down": {"uv": [9.75, 8.75, 9, 8.8125], "texture": "#0"}
			}
		},
		{
			"name": "armorHead",
			"from": [1, 2, -4.7],
			"to": [3, 3, -4.5],
			"rotation": {"angle": 0, "axis": "y", "origin": [-5, -2, -5]},
			"faces": {
				"north": {"uv": [4.5, 8, 5, 8.25], "texture": "#0"},
				"east": {"uv": [9.75, 7, 9.8125, 7.25], "texture": "#0"},
				"south": {"uv": [5, 8, 5.5, 8.25], "texture": "#0"},
				"west": {"uv": [9.75, 7.25, 9.8125, 7.5], "texture": "#0"},
				"up": {"uv": [1, 9.5625, 0.5, 9.5], "texture": "#0"},
				"down": {"uv": [10, 6.75, 9.5, 6.8125], "texture": "#0"}
			}
		},
		{
			"name": "armorHead",
			"from": [1, 1, -4.7],
			"to": [2, 2, -4.5],
			"rotation": {"angle": 0, "axis": "y", "origin": [-6, -3, -5]},
			"faces": {
				"north": {"uv": [8.25, 7.25, 8.5, 7.5], "texture": "#0"},
				"east": {"uv": [9.75, 8.25, 9.8125, 8.5], "texture": "#0"},
				"south": {"uv": [8.5, 6.75, 8.75, 7], "texture": "#0"},
				"west": {"uv": [8.5, 9.75, 8.5625, 10], "texture": "#0"},
				"up": {"uv": [10, 8.5625, 9.75, 8.5], "texture": "#0"},
				"down": {"uv": [9, 9.75, 8.75, 9.8125], "texture": "#0"}
			}
		},
		{
			"name": "armorHead",
			"from": [0.8, 0, -4.7],
			"to": [1, 6.3, 4.3],
			"rotation": {"angle": 0, "axis": "y", "origin": [1, 1, 4]},
			"faces": {
				"north": {"uv": [3.25, 8.5, 3.3125, 10.0625], "texture": "#0"},
				"east": {"uv": [4, 0, 6.25, 1.5625], "texture": "#0"},
				"south": {"uv": [5.75, 8.5, 5.8125, 10.0625], "texture": "#0"},
				"west": {"uv": [4, 1.75, 6.25, 3.3125], "texture": "#0"},
				"up": {"uv": [1.0625, 10.25, 1, 8], "texture": "#0"},
				"down": {"uv": [1.3125, 8, 1.25, 10.25], "texture": "#0"}
			}
		},
		{
			"name": "armorHead",
			"from": [0.6, 1, -4.7],
			"to": [0.8, 6.3, -2.7],
			"rotation": {"angle": 0, "axis": "y", "origin": [1, 1, 4]},
			"faces": {
				"north": {"uv": [7.5, 8.5, 7.5625, 9.8125], "texture": "#0"},
				"east": {"uv": [7.75, 2, 8.25, 3.3125], "texture": "#0"},
				"south": {"uv": [7.75, 8.5, 7.8125, 9.8125], "texture": "#0"},
				"west": {"uv": [7.75, 3.5, 8.25, 4.8125], "texture": "#0"},
				"up": {"uv": [9.5625, 7.5, 9.5, 7], "texture": "#0"},
				"down": {"uv": [9.0625, 9.5, 9, 10], "texture": "#0"}
			}
		},
		{
			"name": "armorHead",
			"from": [0.6, -1.4, -2.7],
			"to": [0.8, 5.9, 3.3],
			"rotation": {"angle": 0, "axis": "y", "origin": [1, 1, 6]},
			"faces": {
				"north": {"uv": [5.25, 8.25, 5.3125, 10.0625], "texture": "#0"},
				"east": {"uv": [0, 6, 1.5, 7.8125], "texture": "#0"},
				"south": {"uv": [8, 8.25, 8.0625, 10.0625], "texture": "#0"},
				"west": {"uv": [6.25, 0, 7.75, 1.8125], "texture": "#0"},
				"up": {"uv": [6.5625, 10, 6.5, 8.5], "texture": "#0"},
				"down": {"uv": [6.8125, 8.5, 6.75, 10], "texture": "#0"}
			}
		},
		{
			"name": "armorHead",
			"from": [0.8, -1, -3.7],
			"to": [1, 0, 4.3],
			"rotation": {"angle": 0, "axis": "y", "origin": [1, -1, 4]},
			"faces": {
				"north": {"uv": [9.75, 8.75, 9.8125, 9], "texture": "#0"},
				"east": {"uv": [7.75, 5, 9.75, 5.25], "texture": "#0"},
				"south": {"uv": [9.75, 9, 9.8125, 9.25], "texture": "#0"},
				"west": {"uv": [7.75, 5.25, 9.75, 5.5], "texture": "#0"},
				"up": {"uv": [5.5625, 10, 5.5, 8], "texture": "#0"},
				"down": {"uv": [4.5625, 8.25, 4.5, 10.25], "texture": "#0"}
			}
		},
		{
			"name": "armorHead",
			"from": [0.8, -2, -2.7],
			"to": [1, -1, 4.3],
			"rotation": {"angle": 0, "axis": "y", "origin": [1, -2, 4]},
			"faces": {
				"north": {"uv": [9.75, 9.25, 9.8125, 9.5], "texture": "#0"},
				"east": {"uv": [2.25, 4.25, 4, 4.5], "texture": "#0"},
				"south": {"uv": [9.5, 9.75, 9.5625, 10], "texture": "#0"},
				"west": {"uv": [2.25, 4.5, 4, 4.75], "texture": "#0"},
				"up": {"uv": [2.3125, 10.25, 2.25, 8.5], "texture": "#0"},
				"down": {"uv": [2.5625, 8.5, 2.5, 10.25], "texture": "#0"}
			}
		},
		{
			"name": "armorHead",
			"from": [9, 0, -4.7],
			"to": [9.2, 6.3, 4.3],
			"rotation": {"angle": 0, "axis": "y", "origin": [9, 1, 4]},
			"faces": {
				"north": {"uv": [6, 8.5, 6.0625, 10.0625], "texture": "#0"},
				"east": {"uv": [4, 3.5, 6.25, 5.0625], "texture": "#0"},
				"south": {"uv": [6.25, 8.5, 6.3125, 10.0625], "texture": "#0"},
				"west": {"uv": [0, 4.25, 2.25, 5.8125], "texture": "#0"},
				"up": {"uv": [3.5625, 10.25, 3.5, 8], "texture": "#0"},
				"down": {"uv": [3.8125, 8, 3.75, 10.25], "texture": "#0"}
			}
		},
		{
			"name": "armorHead",
			"from": [9.2, 1, -4.7],
			"to": [9.4, 6.3, -2.7],
			"rotation": {"angle": 0, "axis": "y", "origin": [9, 1, 4]},
			"faces": {
				"north": {"uv": [8.5, 8.25, 8.5625, 9.5625], "texture": "#0"},
				"east": {"uv": [0, 8, 0.5, 9.3125], "texture": "#0"},
				"south": {"uv": [8.75, 8.25, 8.8125, 9.5625], "texture": "#0"},
				"west": {"uv": [0.5, 8, 1, 9.3125], "texture": "#0"},
				"up": {"uv": [9.5625, 9.5, 9.5, 9], "texture": "#0"},
				"down": {"uv": [9.3125, 9.5, 9.25, 10], "texture": "#0"}
			}
		},
		{
			"name": "armorHead",
			"from": [9.2, -1.4, -2.7],
			"to": [9.4, 5.9, 3.3],
			"rotation": {"angle": 0, "axis": "y", "origin": [9, 1, 6]},
			"faces": {
				"north": {"uv": [8.25, 8.25, 8.3125, 10.0625], "texture": "#0"},
				"east": {"uv": [6.25, 2, 7.75, 3.8125], "texture": "#0"},
				"south": {"uv": [1.5, 8.5, 1.5625, 10.3125], "texture": "#0"},
				"west": {"uv": [6.25, 4, 7.75, 5.8125], "texture": "#0"},
				"up": {"uv": [7.0625, 10, 7, 8.5], "texture": "#0"},
				"down": {"uv": [7.3125, 8.5, 7.25, 10], "texture": "#0"}
			}
		},
		{
			"name": "armorHead",
			"from": [9, -1, -3.7],
			"to": [9.2, 0, 4.3],
			"rotation": {"angle": 0, "axis": "y", "origin": [9, -1, 4]},
			"faces": {
				"north": {"uv": [9.75, 9.75, 9.8125, 10], "texture": "#0"},
				"east": {"uv": [7.75, 5.5, 9.75, 5.75], "texture": "#0"},
				"south": {"uv": [0, 10, 0.0625, 10.25], "texture": "#0"},
				"west": {"uv": [7.75, 5.75, 9.75, 6], "texture": "#0"},
				"up": {"uv": [4.8125, 10.25, 4.75, 8.25], "texture": "#0"},
				"down": {"uv": [5.0625, 8.25, 5, 10.25], "texture": "#0"}
			}
		},
		{
			"name": "armorHead",
			"from": [9, -2, -2.7],
			"to": [9.2, -1, 4.3],
			"rotation": {"angle": 0, "axis": "y", "origin": [9, -2, 4]},
			"faces": {
				"north": {"uv": [10, 0, 10.0625, 0.25], "texture": "#0"},
				"east": {"uv": [2.25, 4.75, 4, 5], "texture": "#0"},
				"south": {"uv": [0.25, 10, 0.3125, 10.25], "texture": "#0"},
				"west": {"uv": [2.25, 5, 4, 5.25], "texture": "#0"},
				"up": {"uv": [2.8125, 10.25, 2.75, 8.5], "texture": "#0"},
				"down": {"uv": [3.0625, 8.5, 3, 10.25], "texture": "#0"}
			}
		},
		{
			"name": "armorHead",
			"from": [1, 6.1, -4.7],
			"to": [9, 6.3, 4.3],
			"rotation": {"angle": 0, "axis": "y", "origin": [1, 6, 1]},
			"faces": {
				"north": {"uv": [8.25, 3.75, 10.25, 3.8125], "texture": "#0"},
				"east": {"uv": [8, 7.5, 10.25, 7.5625], "texture": "#0"},
				"south": {"uv": [8.25, 4, 10.25, 4.0625], "texture": "#0"},
				"west": {"uv": [8, 7.75, 10.25, 7.8125], "texture": "#0"},
				"up": {"uv": [2, 2.25, 0, 0], "texture": "#0"},
				"down": {"uv": [4, 0, 2, 2.25], "texture": "#0"}
			}
		},
		{
			"name": "armorHead",
			"from": [0.6, 6.3, -4.7],
			"to": [9.4, 6.5, -2.7],
			"rotation": {"angle": 0, "axis": "y", "origin": [1, 6, 1]},
			"faces": {
				"north": {"uv": [8, 8, 10.1875, 8.0625], "texture": "#0"},
				"east": {"uv": [9.5, 9.5, 10, 9.5625], "texture": "#0"},
				"south": {"uv": [8.25, 2, 10.4375, 2.0625], "texture": "#0"},
				"west": {"uv": [0.5, 9.75, 1, 9.8125], "texture": "#0"},
				"up": {"uv": [9.9375, 0.5, 7.75, 0], "texture": "#0"},
				"down": {"uv": [9.9375, 0.5, 7.75, 1], "texture": "#0"}
			}
		},
		{
			"name": "armorHead",
			"from": [1.4, 6.3, -2.7],
			"to": [8.6, 6.5, 3.3],
			"rotation": {"angle": 0, "axis": "y", "origin": [1, 6, 5]},
			"faces": {
				"north": {"uv": [8.25, 4.75, 10.0625, 4.8125], "texture": "#0"},
				"east": {"uv": [8.25, 6.25, 9.75, 6.3125], "texture": "#0"},
				"south": {"uv": [8.25, 6, 10.0625, 6.0625], "texture": "#0"},
				"west": {"uv": [8.25, 6.5, 9.75, 6.5625], "texture": "#0"},
				"up": {"uv": [8.0625, 7.5, 6.25, 6], "texture": "#0"},
				"down": {"uv": [3.3125, 7, 1.5, 8.5], "texture": "#0"}
			}
		},
		{
			"name": "armorHead",
			"from": [0.8, -2.2, 0.3],
			"to": [9.2, -2, 4.3],
			"rotation": {"angle": 0, "axis": "y", "origin": [1, -2, 1]},
			"faces": {
				"north": {"uv": [8.25, 2.25, 10.375, 2.3125], "texture": "#0"},
				"east": {"uv": [8.5, 7, 9.5, 7.0625], "texture": "#0"},
				"south": {"uv": [8.25, 2.5, 10.375, 2.5625], "texture": "#0"},
				"west": {"uv": [8.5, 7.25, 9.5, 7.3125], "texture": "#0"},
				"up": {"uv": [5.625, 8, 3.5, 7], "texture": "#0"},
				"down": {"uv": [7.875, 7.5, 5.75, 8.5], "texture": "#0"}
			}
		}
	],
	"display": {
		"gui": {
			"rotation": [180, -37, 180],
			"translation": [-5.25, 4, 0],
			"scale": [0.74, 0.74, 0.74]
		},
		"head": {
			"translation": [5, 11, 13],
			"scale": [1.65, 1.65, 1.65]
		}
	},
	"groups": [
		{
			"name": "armorHead",
			"origin": [8, 8, 8],
			"color": 0,
			"children": [0, 1, 2, 3, 4, 5, 6, 7, 8, 9, 10, 11, 12, 13, 14, 15, 16, 17, 18, 19, 20, 21, 22]
		}
	]
}