{
	"texture_size": [64, 64],
	"textures": {
		"0": "item/cascoelfico",
		"particle": "item/cascoelfico"
	},
	"elements": [
		{
			"name": "armorHead",
			"from": [-4, 4, -3],
			"to": [4, 12, -2.6],
			"rotation": {"x": 0, "y": 90, "z": 90, "origin": [1, 11, -3]},
			"faces": {
				"north": {"uv": [0, 4.5, 2, 6.5], "texture": "#0"},
				"east": {"uv": [7, 2.25, 7.125, 4.25], "texture": "#0"},
				"south": {"uv": [2, 4.5, 4, 6.5], "texture": "#0"},
				"west": {"uv": [7, 4.5, 7.125, 6.5], "texture": "#0"},
				"up": {"uv": [8.75, 1.375, 6.75, 1.25], "texture": "#0"},
				"down": {"uv": [8.75, 1.5, 6.75, 1.625], "texture": "#0"}
			}
		},
		{
			"name": "armorHead",
			"from": [-2.8, 8.6, -2.6],
			"to": [2.2, 11.6, -2.2],
			"rotation": {"x": 0, "y": 90, "z": 90, "origin": [3, 11, -3]},
			"faces": {
				"north": {"uv": [5.5, 4.5, 6.75, 5.25], "texture": "#0"},
				"east": {"uv": [8.25, 8, 8.375, 8.75], "texture": "#0"},
				"south": {"uv": [5.5, 5.25, 6.75, 6], "texture": "#0"},
				"west": {"uv": [1.25, 8.5, 1.375, 9.25], "texture": "#0"},
				"up": {"uv": [9, 4.625, 7.75, 4.5], "texture": "#0"},
				"down": {"uv": [9, 4.75, 7.75, 4.875], "texture": "#0"}
			}
		},
		{
			"name": "armorHead",
			"from": [1.2, 8.6, -6.6],
			"to": [3.2, 11.6, -6.2],
			"rotation": {"x": 0, "y": 90, "z": 90, "origin": [3, 11, -7]},
			"faces": {
				"north": {"uv": [0.75, 6.5, 1.25, 7.25], "texture": "#0"},
				"east": {"uv": [8.5, 1.75, 8.625, 2.5], "texture": "#0"},
				"south": {"uv": [1.25, 6.5, 1.75, 7.25], "texture": "#0"},
				"west": {"uv": [8.5, 2.5, 8.625, 3.25], "texture": "#0"},
				"up": {"uv": [9.25, 5.875, 8.75, 5.75], "texture": "#0"},
				"down": {"uv": [9.5, 2.25, 9, 2.375], "texture": "#0"}
			}
		},
		{
			"name": "armorHead",
			"from": [-0.8, 8.6, -2.6],
			"to": [0.2, 9.6, -2.2],
			"rotation": {"x": 0, "y": 90, "z": 90, "origin": [5, 11, -3]},
			"faces": {
				"north": {"uv": [6.75, 5.75, 7, 6], "texture": "#0"},
				"east": {"uv": [9, 9, 9.125, 9.25], "texture": "#0"},
				"south": {"uv": [8, 5.5, 8.25, 5.75], "texture": "#0"},
				"west": {"uv": [0, 9.25, 0.125, 9.5], "texture": "#0"},
				"up": {"uv": [9.5, 0.125, 9.25, 0], "texture": "#0"},
				"down": {"uv": [0.5, 9.25, 0.25, 9.375], "texture": "#0"}
			}
		},
		{
			"name": "armorHead",
			"from": [-6.8, 8.4, -2.6],
			"to": [-5.8, 9.4, -2.2],
			"rotation": {"x": 0, "y": 90, "z": 90, "origin": [-1, 11, -3]},
			"faces": {
				"north": {"uv": [2.5, 9, 2.75, 9.25], "texture": "#0"},
				"east": {"uv": [9.25, 0.25, 9.375, 0.5], "texture": "#0"},
				"south": {"uv": [9, 2.5, 9.25, 2.75], "texture": "#0"},
				"west": {"uv": [0.5, 9.25, 0.625, 9.5], "texture": "#0"},
				"up": {"uv": [9.5, 0.625, 9.25, 0.5], "texture": "#0"},
				"down": {"uv": [9.5, 0.75, 9.25, 0.875], "texture": "#0"}
			}
		},
		{
			"name": "armorHead",
			"from": [-4, 0.6, 2],
			"to": [4.4, 9.4, 2.4],
			"rotation": {"x": 0, "y": 0, "z": 90, "origin": [1, 8, 2]},
			"faces": {
				"north": {"uv": [0, 0, 2.125, 2.1875], "texture": "#0"},
				"east": {"uv": [2.25, 6.75, 2.375, 8.9375], "texture": "#0"},
				"south": {"uv": [0, 2.25, 2.125, 4.4375], "texture": "#0"},
				"west": {"uv": [2.5, 6.75, 2.625, 8.9375], "texture": "#0"},
				"up": {"uv": [8.875, 0.875, 6.75, 0.75], "texture": "#0"},
				"down": {"uv": [8.875, 1, 6.75, 1.125], "texture": "#0"}
			}
		},
		{
			"name": "armorHead",
			"from": [4.4, 1.5, -6.8],
			"to": [5.4, 6.5, -6.4],
			"rotation": {"x": 0, "y": 0, "z": 90, "origin": [1, 7, -7]},
			"faces": {
				"north": {"uv": [6.5, 2.25, 6.75, 3.5], "texture": "#0"},
				"east": {"uv": [6.75, 2.25, 6.875, 3.5], "texture": "#0"},
				"south": {"uv": [3.25, 6.5, 3.5, 7.75], "texture": "#0"},
				"west": {"uv": [6.75, 4.5, 6.875, 5.75], "texture": "#0"},
				"up": {"uv": [9.5, 1.125, 9.25, 1], "texture": "#0"},
				"down": {"uv": [1.5, 9.25, 1.25, 9.375], "texture": "#0"}
			}
		},
		{
			"name": "armorHead",
			"from": [4.4, -0.5, -6.8],
			"to": [5.4, 6.5, -6.4],
			"rotation": {"x": 0, "y": 0, "z": 90, "origin": [1, 6, -7]},
			"faces": {
				"north": {"uv": [6.25, 2.5, 6.5, 4.25], "texture": "#0"},
				"east": {"uv": [7, 7.25, 7.125, 9], "texture": "#0"},
				"south": {"uv": [6.25, 6, 6.5, 7.75], "texture": "#0"},
				"west": {"uv": [7.25, 7.25, 7.375, 9], "texture": "#0"},
				"up": {"uv": [9.5, 1.375, 9.25, 1.25], "texture": "#0"},
				"down": {"uv": [1.75, 9.25, 1.5, 9.375], "texture": "#0"}
			}
		},
		{
			"name": "armorHead",
			"from": [4.4, -2.9, -6.8],
			"to": [5.4, 6.9, -6.4],
			"rotation": {"x": 0, "y": 0, "z": 90, "origin": [1, 5, -7]},
			"faces": {
				"north": {"uv": [6, 6, 6.25, 8.4375], "texture": "#0"},
				"east": {"uv": [1.75, 6.75, 1.875, 9.1875], "texture": "#0"},
				"south": {"uv": [6.25, 0, 6.5, 2.4375], "texture": "#0"},
				"west": {"uv": [2, 6.75, 2.125, 9.1875], "texture": "#0"},
				"up": {"uv": [9.5, 1.625, 9.25, 1.5], "texture": "#0"},
				"down": {"uv": [2, 9.25, 1.75, 9.375], "texture": "#0"}
			}
		},
		{
			"name": "armorHead",
			"from": [4.4, 0, -6.8],
			"to": [5.4, 2, -6.4],
			"rotation": {"x": 0, "y": 0, "z": 90, "origin": [1, 4, -7]},
			"faces": {
				"north": {"uv": [4.5, 8, 4.75, 8.5], "texture": "#0"},
				"east": {"uv": [2.75, 9, 2.875, 9.5], "texture": "#0"},
				"south": {"uv": [4.75, 8, 5, 8.5], "texture": "#0"},
				"west": {"uv": [9, 2.75, 9.125, 3.25], "texture": "#0"},
				"up": {"uv": [9.5, 1.875, 9.25, 1.75], "texture": "#0"},
				"down": {"uv": [2.25, 9.25, 2, 9.375], "texture": "#0"}
			}
		},
		{
			"name": "armorHead",
			"from": [1.4, 1.5, -6.8],
			"to": [2.4, 2.9, -6.4],
			"rotation": {"x": 0, "y": 0, "z": 90, "origin": [-2, 4, -7]},
			"faces": {
				"north": {"uv": [8.25, 5.75, 8.5, 6.125], "texture": "#0"},
				"east": {"uv": [4, 9, 4.125, 9.375], "texture": "#0"},
				"south": {"uv": [8.5, 0.25, 8.75, 0.625], "texture": "#0"},
				"west": {"uv": [4.25, 9, 4.375, 9.375], "texture": "#0"},
				"up": {"uv": [9.5, 2.125, 9.25, 2], "texture": "#0"},
				"down": {"uv": [2.75, 9.25, 2.5, 9.375], "texture": "#0"}
			}
		},
		{
			"name": "armorHead",
			"from": [9.4, 1.1, -6.8],
			"to": [10.4, 2.5, -6.4],
			"rotation": {"x": 0, "y": 0, "z": 90, "origin": [6, 4, -7]},
			"faces": {
				"north": {"uv": [3.25, 8.5, 3.5, 8.875], "texture": "#0"},
				"east": {"uv": [4.5, 9, 4.625, 9.375], "texture": "#0"},
				"south": {"uv": [4, 8.5, 4.25, 8.875], "texture": "#0"},
				"west": {"uv": [9, 4.5, 9.125, 4.875], "texture": "#0"},
				"up": {"uv": [9.5, 2.625, 9.25, 2.5], "texture": "#0"},
				"down": {"uv": [9.5, 2.75, 9.25, 2.875], "texture": "#0"}
			}
		},
		{
			"name": "armorHead",
			"from": [8, -1.9, -6.8],
			"to": [10.4, -0.5, -6.4],
			"rotation": {"x": 0, "y": 0, "z": 90, "origin": [6, 1, -7]},
			"faces": {
				"north": {"uv": [7.25, 0.25, 7.875, 0.625], "texture": "#0"},
				"east": {"uv": [4.75, 9, 4.875, 9.375], "texture": "#0"},
				"south": {"uv": [0.75, 7.25, 1.375, 7.625], "texture": "#0"},
				"west": {"uv": [5, 9, 5.125, 9.375], "texture": "#0"},
				"up": {"uv": [4.875, 8.875, 4.25, 8.75], "texture": "#0"},
				"down": {"uv": [5.625, 8.75, 5, 8.875], "texture": "#0"}
			}
		},
		{
			"name": "armorHead",
			"from": [0, -1.5, -6.8],
			"to": [2.4, -0.1, -6.4],
			"rotation": {"x": 0, "y": 0, "z": 90, "origin": [-2, 1, -7]},
			"faces": {
				"north": {"uv": [7.25, 2.25, 7.875, 2.625], "texture": "#0"},
				"east": {"uv": [5.25, 9, 5.375, 9.375], "texture": "#0"},
				"south": {"uv": [7.25, 2.75, 7.875, 3.125], "texture": "#0"},
				"west": {"uv": [5.5, 9, 5.625, 9.375], "texture": "#0"},
				"up": {"uv": [9.375, 5.375, 8.75, 5.25], "texture": "#0"},
				"down": {"uv": [9.375, 5.5, 8.75, 5.625], "texture": "#0"}
			}
		},
		{
			"name": "armorHead",
			"from": [7, -1.5, -6.8],
			"to": [8.4, -0.5, -6.4],
			"rotation": {"x": 0, "y": 0, "z": 90, "origin": [5, 1, -7]},
			"faces": {
				"north": {"uv": [4.25, 8.5, 4.625, 8.75], "texture": "#0"},
				"east": {"uv": [3, 9.25, 3.125, 9.5], "texture": "#0"},
				"south": {"uv": [4.75, 8.5, 5.125, 8.75], "texture": "#0"},
				"west": {"uv": [9.25, 3, 9.375, 3.25], "texture": "#0"},
				"up": {"uv": [9.375, 5.125, 9, 5], "texture": "#0"},
				"down": {"uv": [9.375, 6, 9, 6.125], "texture": "#0"}
			}
		},
		{
			"name": "armorHead",
			"from": [1, -1.5, -6.8],
			"to": [2.4, -0.5, -6.4],
			"rotation": {"x": 0, "y": 0, "z": 90, "origin": [-1, 1, -7]},
			"faces": {
				"north": {"uv": [8.5, 5, 8.875, 5.25], "texture": "#0"},
				"east": {"uv": [3.25, 9.25, 3.375, 9.5], "texture": "#0"},
				"south": {"uv": [5.25, 8.5, 5.625, 8.75], "texture": "#0"},
				"west": {"uv": [9.25, 3.25, 9.375, 3.5], "texture": "#0"},
				"up": {"uv": [9.375, 6.375, 9, 6.25], "texture": "#0"},
				"down": {"uv": [6.875, 9, 6.5, 9.125], "texture": "#0"}
			}
		},
		{
			"name": "armorHead",
			"from": [-3, 5.4, 2.4],
			"to": [2.4, 6.4, 2.8],
			"rotation": {"x": 0, "y": 0, "z": 90, "origin": [-1, 8, 2]},
			"faces": {
				"north": {"uv": [6.25, 4.25, 7.625, 4.5], "texture": "#0"},
				"east": {"uv": [3.5, 9.25, 3.625, 9.5], "texture": "#0"},
				"south": {"uv": [1.75, 6.5, 3.125, 6.75], "texture": "#0"},
				"west": {"uv": [9.25, 3.5, 9.375, 3.75], "texture": "#0"},
				"up": {"uv": [8.625, 3.375, 7.25, 3.25], "texture": "#0"},
				"down": {"uv": [8.625, 3.5, 7.25, 3.625], "texture": "#0"}
			}
		},
		{
			"name": "armorHead",
			"from": [2, 6.6, 2.4],
			"to": [7.4, 9.6, 2.8],
			"rotation": {"x": 0, "y": 0, "z": 90, "origin": [4, 8, 2]},
			"faces": {
				"north": {"uv": [4, 4.5, 5.375, 5.25], "texture": "#0"},
				"east": {"uv": [8.5, 5.25, 8.625, 6], "texture": "#0"},
				"south": {"uv": [4, 5.25, 5.375, 6], "texture": "#0"},
				"west": {"uv": [5.75, 8.5, 5.875, 9.25], "texture": "#0"},
				"up": {"uv": [8.625, 3.875, 7.25, 3.75], "texture": "#0"},
				"down": {"uv": [8.625, 4, 7.25, 4.125], "texture": "#0"}
			}
		},
		{
			"name": "armorHead",
			"from": [4, 6.6, 2.4],
			"to": [9.4, 7.6, 2.8],
			"rotation": {"x": 0, "y": 0, "z": 90, "origin": [6, 8, 2]},
			"faces": {
				"north": {"uv": [6.5, 1.75, 7.875, 2], "texture": "#0"},
				"east": {"uv": [3.75, 9.25, 3.875, 9.5], "texture": "#0"},
				"south": {"uv": [6.5, 2, 7.875, 2.25], "texture": "#0"},
				"west": {"uv": [9.25, 3.75, 9.375, 4], "texture": "#0"},
				"up": {"uv": [8.875, 6.375, 7.5, 6.25], "texture": "#0"},
				"down": {"uv": [9.125, 4.25, 7.75, 4.375], "texture": "#0"}
			}
		},
		{
			"name": "armorHead",
			"from": [-5, 3, -3.4],
			"to": [3, 11.4, -3],
			"rotation": {"x": 0, "y": 90, "z": 0, "origin": [0, 10, -3]},
			"faces": {
				"north": {"uv": [2.25, 0, 4.25, 2.125], "texture": "#0"},
				"east": {"uv": [2.75, 6.75, 2.875, 8.875], "texture": "#0"},
				"south": {"uv": [2.25, 2.25, 4.25, 4.375], "texture": "#0"},
				"west": {"uv": [3, 6.75, 3.125, 8.875], "texture": "#0"},
				"up": {"uv": [9, 6.625, 7, 6.5], "texture": "#0"},
				"down": {"uv": [9, 6.75, 7, 6.875], "texture": "#0"}
			}
		},
		{
			"name": "armorHead",
			"from": [-3, 6, -5.2],
			"to": [-1, 8.4, -4.4],
			"rotation": {"x": 0, "y": 90, "z": 0, "origin": [0, 11, -4]},
			"faces": {
				"north": {"uv": [3.5, 6.5, 4, 7.125], "texture": "#0"},
				"east": {"uv": [8.25, 5, 8.4375, 5.625], "texture": "#0"},
				"south": {"uv": [6.5, 3.5, 7, 4.125], "texture": "#0"},
				"west": {"uv": [8.25, 7.25, 8.4375, 7.875], "texture": "#0"},
				"up": {"uv": [6.5, 8.6875, 6, 8.5], "texture": "#0"},
				"down": {"uv": [9, 6, 8.5, 6.1875], "texture": "#0"}
			}
		},
		{
			"name": "armorHead",
			"from": [-2, 3, -7.9],
			"to": [-0.6, 10.4, -7.4],
			"rotation": {"x": 0, "y": 90, "z": 0, "origin": [0, 10, -7]},
			"faces": {
				"north": {"uv": [4, 6, 4.375, 7.875], "texture": "#0"},
				"east": {"uv": [1.5, 7.25, 1.625, 9.125], "texture": "#0"},
				"south": {"uv": [4.5, 6, 4.875, 7.875], "texture": "#0"},
				"west": {"uv": [3.5, 7.25, 3.625, 9.125], "texture": "#0"},
				"up": {"uv": [9.375, 6.625, 9, 6.5], "texture": "#0"},
				"down": {"uv": [9.375, 6.75, 9, 6.875], "texture": "#0"}
			}
		},
		{
			"name": "armorHead",
			"from": [-2, 5, -6.9],
			"to": [-1, 11.4, -6.4],
			"rotation": {"x": 0, "y": 90, "z": 0, "origin": [0, 11, -6]},
			"faces": {
				"north": {"uv": [0, 6.5, 0.25, 8.125], "texture": "#0"},
				"east": {"uv": [7.5, 4.5, 7.625, 6.125], "texture": "#0"},
				"south": {"uv": [6.5, 0, 6.75, 1.625], "texture": "#0"},
				"west": {"uv": [7.5, 7.25, 7.625, 8.875], "texture": "#0"},
				"up": {"uv": [9.5, 4.125, 9.25, 4], "texture": "#0"},
				"down": {"uv": [9.5, 4.25, 9.25, 4.375], "texture": "#0"}
			}
		},
		{
			"name": "armorHead",
			"from": [-2, 9, -5.9],
			"to": [-1, 11.4, -5.4],
			"rotation": {"x": 0, "y": 90, "z": 0, "origin": [0, 11, -5]},
			"faces": {
				"north": {"uv": [1.25, 7.75, 1.5, 8.375], "texture": "#0"},
				"east": {"uv": [6, 8.75, 6.125, 9.375], "texture": "#0"},
				"south": {"uv": [3.25, 7.75, 3.5, 8.375], "texture": "#0"},
				"west": {"uv": [6.25, 8.75, 6.375, 9.375], "texture": "#0"},
				"up": {"uv": [9.5, 4.625, 9.25, 4.5], "texture": "#0"},
				"down": {"uv": [9.5, 4.75, 9.25, 4.875], "texture": "#0"}
			}
		},
		{
			"name": "armorHead",
			"from": [-2, 10, -4.9],
			"to": [-1, 11.4, -4.4],
			"rotation": {"x": 0, "y": 90, "z": 0, "origin": [0, 11, -4]},
			"faces": {
				"north": {"uv": [8.5, 7.25, 8.75, 7.625], "texture": "#0"},
				"east": {"uv": [7, 9, 7.125, 9.375], "texture": "#0"},
				"south": {"uv": [8.5, 7.75, 8.75, 8.125], "texture": "#0"},
				"west": {"uv": [9, 7, 9.125, 7.375], "texture": "#0"},
				"up": {"uv": [6, 9.375, 5.75, 9.25], "texture": "#0"},
				"down": {"uv": [9.5, 5.75, 9.25, 5.875], "texture": "#0"}
			}
		},
		{
			"name": "armorHead",
			"from": [-2, 10.4, -3.9],
			"to": [-1, 11.4, -3.4],
			"rotation": {"x": 0, "y": 90, "z": 0, "origin": [0, 11, -3]},
			"faces": {
				"north": {"uv": [3, 9, 3.25, 9.25], "texture": "#0"},
				"east": {"uv": [6.5, 9.25, 6.625, 9.5], "texture": "#0"},
				"south": {"uv": [3.25, 9, 3.5, 9.25], "texture": "#0"},
				"west": {"uv": [6.75, 9.25, 6.875, 9.5], "texture": "#0"},
				"up": {"uv": [9.5, 7.125, 9.25, 7], "texture": "#0"},
				"down": {"uv": [7.5, 9.25, 7.25, 9.375], "texture": "#0"}
			}
		},
		{
			"name": "armorHead",
			"from": [8, 3, -8.6],
			"to": [9.4, 10.4, -8.1],
			"rotation": {"x": 0, "y": 90, "z": 0, "origin": [10, 10, -7]},
			"faces": {
				"north": {"uv": [5, 6, 5.375, 7.875], "texture": "#0"},
				"east": {"uv": [3.75, 7.25, 3.875, 9.125], "texture": "#0"},
				"south": {"uv": [5.5, 6, 5.875, 7.875], "texture": "#0"},
				"west": {"uv": [7.25, 4.5, 7.375, 6.375], "texture": "#0"},
				"up": {"uv": [7.625, 9.125, 7.25, 9], "texture": "#0"},
				"down": {"uv": [9.375, 7.5, 9, 7.625], "texture": "#0"}
			}
		},
		{
			"name": "armorHead",
			"from": [7, 5, -6.6],
			"to": [8, 11.4, -6.1],
			"rotation": {"x": 0, "y": 90, "z": 0, "origin": [9, 11, -6]},
			"faces": {
				"north": {"uv": [0.25, 6.5, 0.5, 8.125], "texture": "#0"},
				"east": {"uv": [0.75, 7.75, 0.875, 9.375], "texture": "#0"},
				"south": {"uv": [0.5, 6.5, 0.75, 8.125], "texture": "#0"},
				"west": {"uv": [1, 7.75, 1.125, 9.375], "texture": "#0"},
				"up": {"uv": [9.5, 7.375, 9.25, 7.25], "texture": "#0"},
				"down": {"uv": [7.75, 9.25, 7.5, 9.375], "texture": "#0"}
			}
		},
		{
			"name": "armorHead",
			"from": [7, 9, -5.6],
			"to": [8, 11.4, -5.1],
			"rotation": {"x": 0, "y": 90, "z": 0, "origin": [9, 11, -5]},
			"faces": {
				"north": {"uv": [7.75, 5, 8, 5.625], "texture": "#0"},
				"east": {"uv": [8.75, 7.25, 8.875, 7.875], "texture": "#0"},
				"south": {"uv": [6.25, 7.75, 6.5, 8.375], "texture": "#0"},
				"west": {"uv": [8.75, 8, 8.875, 8.625], "texture": "#0"},
				"up": {"uv": [9.5, 7.875, 9.25, 7.75], "texture": "#0"},
				"down": {"uv": [8.25, 9.25, 8, 9.375], "texture": "#0"}
			}
		},
		{
			"name": "armorHead",
			"from": [7, 10, -4.6],
			"to": [8, 11.4, -4.1],
			"rotation": {"x": 0, "y": 90, "z": 0, "origin": [9, 11, -4]},
			"faces": {
				"north": {"uv": [8.5, 8.25, 8.75, 8.625], "texture": "#0"},
				"east": {"uv": [7.75, 9, 7.875, 9.375], "texture": "#0"},
				"south": {"uv": [0, 8.75, 0.25, 9.125], "texture": "#0"},
				"west": {"uv": [9, 7.75, 9.125, 8.125], "texture": "#0"},
				"up": {"uv": [9.5, 8.125, 9.25, 8], "texture": "#0"},
				"down": {"uv": [8.5, 9.25, 8.25, 9.375], "texture": "#0"}
			}
		},
		{
			"name": "armorHead",
			"from": [7, 10.4, -3.6],
			"to": [8, 11.4, -3.1],
			"rotation": {"x": 0, "y": 90, "z": 0, "origin": [9, 11, -3]},
			"faces": {
				"north": {"uv": [9, 3.25, 9.25, 3.5], "texture": "#0"},
				"east": {"uv": [9.25, 8.25, 9.375, 8.5], "texture": "#0"},
				"south": {"uv": [9, 3.5, 9.25, 3.75], "texture": "#0"},
				"west": {"uv": [8.5, 9.25, 8.625, 9.5], "texture": "#0"},
				"up": {"uv": [9.5, 8.625, 9.25, 8.5], "texture": "#0"},
				"down": {"uv": [9, 9.25, 8.75, 9.375], "texture": "#0"}
			}
		},
		{
			"name": "armorHead",
			"from": [-3, 7.4, -4.6],
			"to": [-2, 9.4, -3.4],
			"rotation": {"x": 0, "y": 90, "z": 0, "origin": [0, 12, -3]},
			"faces": {
				"north": {"uv": [5, 8, 5.25, 8.5], "texture": "#0"},
				"east": {"uv": [7.75, 5.75, 8.0625, 6.25], "texture": "#0"},
				"south": {"uv": [8, 5, 8.25, 5.5], "texture": "#0"},
				"west": {"uv": [7.75, 7.25, 8.0625, 7.75], "texture": "#0"},
				"up": {"uv": [8.5, 9.0625, 8.25, 8.75], "texture": "#0"},
				"down": {"uv": [8.75, 8.75, 8.5, 9.0625], "texture": "#0"}
			}
		},
		{
			"name": "armorHead",
			"from": [-3, 8.4, -4],
			"to": [-2, 10.4, -2.8],
			"rotation": {"x": 0, "y": 90, "z": 0, "origin": [0, 13, -2]},
			"faces": {
				"north": {"uv": [5.25, 8, 5.5, 8.5], "texture": "#0"},
				"east": {"uv": [7.75, 7.75, 8.0625, 8.25], "texture": "#0"},
				"south": {"uv": [5.5, 8, 5.75, 8.5], "texture": "#0"},
				"west": {"uv": [8, 0.25, 8.3125, 0.75], "texture": "#0"},
				"up": {"uv": [9, 9.0625, 8.75, 8.75], "texture": "#0"},
				"down": {"uv": [9.25, 0.25, 9, 0.5625], "texture": "#0"}
			}
		},
		{
			"name": "armorHead",
			"from": [-2.8, 10, -3.3],
			"to": [-2, 12, -2.5],
			"rotation": {"x": 0, "y": 90, "z": 0, "origin": [0, 15, -1]},
			"faces": {
				"north": {"uv": [0.25, 8.75, 0.4375, 9.25], "texture": "#0"},
				"east": {"uv": [8.75, 0.25, 8.9375, 0.75], "texture": "#0"},
				"south": {"uv": [0.5, 8.75, 0.6875, 9.25], "texture": "#0"},
				"west": {"uv": [8.75, 1.25, 8.9375, 1.75], "texture": "#0"},
				"up": {"uv": [8.1875, 9.1875, 8, 9], "texture": "#0"},
				"down": {"uv": [9.1875, 8.25, 9, 8.4375], "texture": "#0"}
			}
		},
		{
			"name": "armorHead",
			"from": [8.2, 10, -2.5],
			"to": [9, 12, -1.7],
			"rotation": {"x": 0, "y": 90, "z": 0, "origin": [11, 15, -1]},
			"faces": {
				"north": {"uv": [8.75, 1.75, 8.9375, 2.25], "texture": "#0"},
				"east": {"uv": [8.75, 2.25, 8.9375, 2.75], "texture": "#0"},
				"south": {"uv": [8.75, 2.75, 8.9375, 3.25], "texture": "#0"},
				"west": {"uv": [8.75, 3.25, 8.9375, 3.75], "texture": "#0"},
				"up": {"uv": [9.1875, 8.6875, 9, 8.5], "texture": "#0"},
				"down": {"uv": [9.1875, 8.75, 9, 8.9375], "texture": "#0"}
			}
		},
		{
			"name": "armorHead",
			"from": [7, 6, -5.6],
			"to": [9, 8.4, -4.8],
			"rotation": {"x": 0, "y": 90, "z": 0, "origin": [10, 11, -4]},
			"faces": {
				"north": {"uv": [6.5, 6, 7, 6.625], "texture": "#0"},
				"east": {"uv": [7.75, 8.25, 7.9375, 8.875], "texture": "#0"},
				"south": {"uv": [6.75, 0, 7.25, 0.625], "texture": "#0"},
				"west": {"uv": [8, 8.25, 8.1875, 8.875], "texture": "#0"},
				"up": {"uv": [9.25, 3.9375, 8.75, 3.75], "texture": "#0"},
				"down": {"uv": [9.25, 4, 8.75, 4.1875], "texture": "#0"}
			}
		},
		{
			"name": "armorHead",
			"from": [7, 7.4, -4.6],
			"to": [8, 9.4, -3.4],
			"rotation": {"x": 0, "y": 90, "z": 0, "origin": [10, 12, -3]},
			"faces": {
				"north": {"uv": [5.75, 8, 6, 8.5], "texture": "#0"},
				"east": {"uv": [8, 1.75, 8.3125, 2.25], "texture": "#0"},
				"south": {"uv": [0, 8.25, 0.25, 8.75], "texture": "#0"},
				"west": {"uv": [8, 2.25, 8.3125, 2.75], "texture": "#0"},
				"up": {"uv": [9.25, 1.0625, 9, 0.75], "texture": "#0"},
				"down": {"uv": [9.25, 1.25, 9, 1.5625], "texture": "#0"}
			}
		},
		{
			"name": "armorHead",
			"from": [7, 8.4, -3.3],
			"to": [8, 10.4, -2.1],
			"rotation": {"x": 0, "y": 90, "z": 0, "origin": [10, 13, -2]},
			"faces": {
				"north": {"uv": [0.25, 8.25, 0.5, 8.75], "texture": "#0"},
				"east": {"uv": [8, 2.75, 8.3125, 3.25], "texture": "#0"},
				"south": {"uv": [0.5, 8.25, 0.75, 8.75], "texture": "#0"},
				"west": {"uv": [4, 8, 4.3125, 8.5], "texture": "#0"},
				"up": {"uv": [9.25, 2.0625, 9, 1.75], "texture": "#0"},
				"down": {"uv": [2.5, 9, 2.25, 9.3125], "texture": "#0"}
			}
		},
		{
			"name": "armorHead",
			"from": [3, 3, -3],
			"to": [11, 11.4, -2.6],
			"rotation": {"x": 0, "y": 90, "z": 0, "origin": [8, 10, -3]},
			"faces": {
				"north": {"uv": [4.25, 0, 6.25, 2.125], "texture": "#0"},
				"east": {"uv": [6.5, 6.75, 6.625, 8.875], "texture": "#0"},
				"south": {"uv": [4.25, 2.25, 6.25, 4.375], "texture": "#0"},
				"west": {"uv": [6.75, 6.75, 6.875, 8.875], "texture": "#0"},
				"up": {"uv": [9, 7.125, 7, 7], "texture": "#0"},
				"down": {"uv": [9.25, 0, 7.25, 0.125], "texture": "#0"}
			}
		}
	],
	"overrides": [
		{"predicate": {"custom_model_data": 101}, "model": "minecraft:item/cabezajugadororejas1"},
		{"predicate": {"custom_model_data": 102}, "model": "minecraft:item/cabezajugadororejas2"},
		{"predicate": {"custom_model_data": 103}, "model": "minecraft:item/cabezajugadororejas3"},
		{"predicate": {"custom_model_data": 104}, "model": "minecraft:item/cabezajugadororejas4"},
		{"predicate": {"custom_model_data": 105}, "model": "minecraft:item/cabezaelfosteve"},
		{"predicate": {"custom_model_data": 106}, "model": "minecraft:item/cabezahumanosteve"},
		{"predicate": {"custom_model_data": 107}, "model": "minecraft:item/cabezaorco"},
		{"predicate": {"custom_model_data": 108}, "model": "minecraft:item/cabezaenano"},
		{"predicate": {"custom_model_data": 109}, "model": "minecraft:item/cabezaorcofem"},
		{"predicate": {"custom_model_data": 110}, "model": "minecraft:item/femdiente1"},
		{"predicate": {"custom_model_data": 111}, "model": "minecraft:item/femdiente2"},
		{"predicate": {"custom_model_data": 112}, "model": "minecraft:item/femdiente3"},
		{"predicate": {"custom_model_data": 113}, "model": "minecraft:item/femdiente4"},
		{"predicate": {"custom_model_data": 114}, "model": "minecraft:item/femdiente5"},
		{"predicate": {"custom_model_data": 115}, "model": "minecraft:item/femdiente6"},
		{"predicate": {"custom_model_data": 116}, "model": "minecraft:item/mandiente1"},
		{"predicate": {"custom_model_data": 117}, "model": "minecraft:item/mandiente2"},
		{"predicate": {"custom_model_data": 118}, "model": "minecraft:item/mandiente3"},
		{"predicate": {"custom_model_data": 119}, "model": "minecraft:item/mandiente4"},
		{"predicate": {"custom_model_data": 120}, "model": "minecraft:item/mandiente5"},
		{"predicate": {"custom_model_data": 121}, "model": "minecraft:item/mandiente6"}
	],
	"display": {
		"thirdperson_righthand": {
			"rotation": [90, 0, 0],
			"translation": [2, -7.5, 1.25],
			"scale": [0.72, 0.72, 0.72]
		},
		"thirdperson_lefthand": {
			"translation": [-2, 0, 5.5],
			"scale": [0.57, 0.57, 0.57]
		},
		"firstperson_righthand": {
			"translation": [13.75, 0, 3.25]
		},
		"firstperson_lefthand": {
			"translation": [4, -2.75, 0]
		},
		"ground": {
			"translation": [3.5, 2.5, 9.75]
		},
		"gui": {
			"rotation": [-150, -38.5, -180],
			"translation": [-9.25, 3.5, 0]
		},
		"head": {
			"translation": [6.5, 2.25, 16.25],
			"scale": [1.67, 1.67, 1.67]
		},
		"fixed": {
			"rotation": [-90, 0, 0],
			"translation": [6.75, 16.75, -8.5],
			"scale": [1.72, 1.72, 1.72]
		}
	},
	"groups": [
		{
			"name": "capucha",
			"origin": [1, 11, -3],
			"color": 0,
			"children": [0, 1, 2, 3, 4, 5, 6, 7, 8, 9, 10, 11, 12, 13, 14, 15, 16, 17, 18, 19, 20, 21, 22, 23, 24, 25, 26, 27, 28, 29, 30, 31, 32, 33, 34, 35, 36, 37, 38]
		}
	]
}