{
	"format_version": "1.9.0",
	"credit": "Made with Blockbench",
	"textures": {
		"0": "item/elixirdelobohelado",
		"particle": "item/elixirdelobohelado"
	},
	"elements": [
		{
			"from": [7, 4, 7],
			"to": [9, 4.2, 9],
			"rotation": {"angle": 0, "axis": "y", "origin": [8, 4.1, 8]},
			"faces": {
				"north": {"uv": [11, 3, 13, 3.25], "texture": "#0"},
				"east": {"uv": [11, 4, 13, 4.25], "texture": "#0"},
				"south": {"uv": [11, 5, 13, 5.25], "texture": "#0"},
				"west": {"uv": [7, 11, 9, 11.25], "texture": "#0"},
				"up": {"uv": [2, 10, 0, 8], "texture": "#0"},
				"down": {"uv": [10, 0, 8, 2], "texture": "#0"}
			}
		},
		{
			"from": [7, 8, 7],
			"to": [9, 8.2, 9],
			"rotation": {"angle": 0, "axis": "y", "origin": [8, 8.275, 8]},
			"faces": {
				"north": {"uv": [9, 11, 11, 11.25], "texture": "#0"},
				"east": {"uv": [11, 10, 13, 10.25], "texture": "#0"},
				"south": {"uv": [11, 11, 13, 11.25], "texture": "#0"},
				"west": {"uv": [0, 12, 2, 12.25], "texture": "#0"},
				"up": {"uv": [4, 10, 2, 8], "texture": "#0"},
				"down": {"uv": [10, 2, 8, 4], "texture": "#0"}
			}
		},
		{
			"from": [7.1, 8.2, 7.1],
			"to": [8.9, 8.4, 8.9],
			"rotation": {"angle": 0, "axis": "y", "origin": [8, 8.275, 8]},
			"faces": {
				"north": {"uv": [13, 3, 14.75, 3.25], "texture": "#0"},
				"east": {"uv": [4, 13, 5.75, 13.25], "texture": "#0"},
				"south": {"uv": [13, 4, 14.75, 4.25], "texture": "#0"},
				"west": {"uv": [13, 5, 14.75, 5.25], "texture": "#0"},
				"up": {"uv": [5.75, 9.75, 4, 8], "texture": "#0"},
				"down": {"uv": [9.75, 4, 8, 5.75], "texture": "#0"}
			}
		},
		{
			"from": [7.2, 8.4, 7.2],
			"to": [8.8, 8.6, 8.8],
			"rotation": {"angle": 0, "axis": "y", "origin": [8, 8.275, 8]},
			"faces": {
				"north": {"uv": [6, 13, 7.5, 13.25], "texture": "#0"},
				"east": {"uv": [8, 13, 9.5, 13.25], "texture": "#0"},
				"south": {"uv": [10, 13, 11.5, 13.25], "texture": "#0"},
				"west": {"uv": [13, 10, 14.5, 10.25], "texture": "#0"},
				"up": {"uv": [7.5, 9.5, 6, 8], "texture": "#0"},
				"down": {"uv": [9.5, 6, 8, 7.5], "texture": "#0"}
			}
		},
		{
			"from": [7.3, 8.6, 7.3],
			"to": [8.7, 8.8, 8.7],
			"rotation": {"angle": 0, "axis": "y", "origin": [8, 8.275, 8]},
			"faces": {
				"north": {"uv": [13, 11, 14.5, 11.25], "texture": "#0"},
				"east": {"uv": [12, 13, 13.5, 13.25], "texture": "#0"},
				"south": {"uv": [0, 14, 1.5, 14.25], "texture": "#0"},
				"west": {"uv": [2, 14, 3.5, 14.25], "texture": "#0"},
				"up": {"uv": [9.5, 9.5, 8, 8], "texture": "#0"},
				"down": {"uv": [1.5, 10, 0, 11.5], "texture": "#0"}
			}
		},
		{
			"from": [7.6, 8.8, 7.6],
			"to": [8.3, 10.3, 7.8],
			"rotation": {"angle": 0, "axis": "y", "origin": [8, 8.275, 8]},
			"faces": {
				"north": {"uv": [10, 0, 10.75, 1.5], "texture": "#0"},
				"east": {"uv": [4, 14, 4.25, 15.5], "texture": "#0"},
				"south": {"uv": [2, 10, 2.75, 11.5], "texture": "#0"},
				"west": {"uv": [5, 14, 5.25, 15.5], "texture": "#0"},
				"up": {"uv": [14.75, 13.25, 14, 13], "texture": "#0"},
				"down": {"uv": [14.75, 14, 14, 14.25], "texture": "#0"}
			}
		},
		{
			"from": [7.6, 10.2, 7.8],
			"to": [8.3, 10.7, 8.3],
			"rotation": {"angle": 0, "axis": "y", "origin": [8, 8.275, 8]},
			"faces": {
				"north": {"uv": [6, 14, 6.75, 14.5], "texture": "#0"},
				"east": {"uv": [14, 12, 14.5, 12.5], "texture": "#0"},
				"south": {"uv": [14, 6, 14.75, 6.5], "texture": "#0"},
				"west": {"uv": [13, 14, 13.5, 14.5], "texture": "#0"},
				"up": {"uv": [7.75, 14.5, 7, 14], "texture": "#0"},
				"down": {"uv": [14.75, 7, 14, 7.5], "texture": "#0"}
			}
		},
		{
			"from": [7.6, 8.8, 8.3],
			"to": [8.3, 10.3, 8.5],
			"rotation": {"angle": 0, "axis": "y", "origin": [8, 8.275, 8]},
			"faces": {
				"north": {"uv": [10, 2, 10.75, 3.5], "texture": "#0"},
				"east": {"uv": [8, 14, 8.25, 15.5], "texture": "#0"},
				"south": {"uv": [3, 10, 3.75, 11.5], "texture": "#0"},
				"west": {"uv": [14, 8, 14.25, 9.5], "texture": "#0"},
				"up": {"uv": [0.75, 15.25, 0, 15], "texture": "#0"},
				"down": {"uv": [15.75, 0, 15, 0.25], "texture": "#0"}
			}
		},
		{
			"from": [7.4, 8.8, 7.7],
			"to": [7.6, 10.3, 8.4],
			"rotation": {"angle": 0, "axis": "y", "origin": [8, 8.275, 8]},
			"faces": {
				"north": {"uv": [9, 14, 9.25, 15.5], "texture": "#0"},
				"east": {"uv": [10, 4, 10.75, 5.5], "texture": "#0"},
				"south": {"uv": [10, 14, 10.25, 15.5], "texture": "#0"},
				"west": {"uv": [4, 10, 4.75, 11.5], "texture": "#0"},
				"up": {"uv": [1.75, 15.25, 1, 15], "rotation": 270, "texture": "#0"},
				"down": {"uv": [15.75, 1, 15, 1.25], "rotation": 90, "texture": "#0"}
			}
		},
		{
			"from": [8.3, 8.8, 7.7],
			"to": [8.5, 10.3, 8.4],
			"rotation": {"angle": 0, "axis": "y", "origin": [8, 8.275, 8]},
			"faces": {
				"north": {"uv": [11, 14, 11.25, 15.5], "texture": "#0"},
				"east": {"uv": [6, 10, 6.75, 11.5], "texture": "#0"},
				"south": {"uv": [12, 14, 12.25, 15.5], "texture": "#0"},
				"west": {"uv": [5, 10, 5.75, 11.5], "texture": "#0"},
				"up": {"uv": [2.75, 15.25, 2, 15], "rotation": 270, "texture": "#0"},
				"down": {"uv": [15.75, 2, 15, 2.25], "rotation": 90, "texture": "#0"}
			}
		},
		{
			"from": [7, 4.2, 6.8],
			"to": [9, 8, 7],
			"rotation": {"angle": 0, "axis": "x", "origin": [8, 8.275, 8]},
			"faces": {
				"north": {"uv": [4, 0, 2, 3.75], "rotation": 180, "texture": "#0"},
				"east": {"uv": [10, 6, 13.75, 6.25], "rotation": 270, "texture": "#0"},
				"south": {"uv": [2, 3.75, 0, 0], "texture": "#0"},
				"west": {"uv": [7, 10, 10.75, 10.25], "rotation": 90, "texture": "#0"},
				"up": {"uv": [2, 12, 4, 12.25], "rotation": 180, "texture": "#0"},
				"down": {"uv": [4, 12, 6, 12.25], "texture": "#0"}
			}
		},
		{
			"from": [7, 4.2, 9],
			"to": [9, 8, 9.2],
			"rotation": {"angle": 0, "axis": "x", "origin": [8, 8.275, 8]},
			"faces": {
				"north": {"uv": [6, 0, 4, 3.75], "rotation": 180, "texture": "#0"},
				"east": {"uv": [10, 7, 13.75, 7.25], "rotation": 270, "texture": "#0"},
				"south": {"uv": [2, 7.75, 0, 4], "texture": "#0"},
				"west": {"uv": [10, 8, 13.75, 8.25], "rotation": 90, "texture": "#0"},
				"up": {"uv": [6, 12, 8, 12.25], "rotation": 180, "texture": "#0"},
				"down": {"uv": [8, 12, 10, 12.25], "texture": "#0"}
			}
		},
		{
			"from": [6.8, 4.2, 7],
			"to": [7, 8, 9],
			"rotation": {"angle": 0, "axis": "y", "origin": [8, 8.275, 8]},
			"faces": {
				"north": {"uv": [10, 9, 13.75, 9.25], "rotation": 270, "texture": "#0"},
				"east": {"uv": [4, 7.75, 2, 4], "texture": "#0"},
				"south": {"uv": [11, 0, 14.75, 0.25], "rotation": 90, "texture": "#0"},
				"west": {"uv": [6, 4, 4, 7.75], "rotation": 180, "texture": "#0"},
				"up": {"uv": [10, 12, 12, 12.25], "rotation": 90, "texture": "#0"},
				"down": {"uv": [12, 12, 14, 12.25], "rotation": 90, "texture": "#0"}
			}
		},
		{
			"from": [9, 4.2, 7],
			"to": [9.2, 8, 9],
			"rotation": {"angle": 0, "axis": "y", "origin": [8, 8.275, 8]},
			"faces": {
				"north": {"uv": [11, 1, 14.75, 1.25], "rotation": 270, "texture": "#0"},
				"east": {"uv": [8, 3.75, 6, 0], "texture": "#0"},
				"south": {"uv": [11, 2, 14.75, 2.25], "rotation": 90, "texture": "#0"},
				"west": {"uv": [8, 4, 6, 7.75], "rotation": 180, "texture": "#0"},
				"up": {"uv": [0, 13, 2, 13.25], "rotation": 90, "texture": "#0"},
				"down": {"uv": [2, 13, 4, 13.25], "rotation": 90, "texture": "#0"}
			}
		}
	],
	"display": {
		"thirdperson_righthand": {
			"translation": [0, 0.75, 0],
			"scale": [1.4, 1.4, 1.4]
		},
		"thirdperson_lefthand": {
			"translation": [0, 0.75, 0],
			"scale": [1.4, 1.4, 1.4]
		},
		"firstperson_righthand": {
			"translation": [0, 2, 0],
			"scale": [1.22, 1.22, 1.22]
		},
		"firstperson_lefthand": {
			"translation": [0, 2, 0],
			"scale": [1.22, 1.22, 1.22]
		},
		"ground": {
			"scale": [1.31, 1.31, 1.31]
		},
		"gui": {
			"rotation": [26, 138, 0],
			"translation": [0, 1.25, 0],
			"scale": [1.96, 1.96, 1.96]
		},
		"head": {
			"translation": [0, 13.25, 0],
			"scale": [1.72, 1.72, 1.72]
		},
		"fixed": {
			"rotation": [-90, 0, 0],
			"translation": [0, 0, -10],
			"scale": [2.5, 2.5, 2.5]
		},
		"on_shelf": {
			"translation": [0, 1, -2],
			"scale": [4, 4, 4]
		}
	},
	"groups": [
		{
			"name": "Botella",
			"origin": [0, 0, 0],
			"color": 0,
			"children": [0, 1, 2, 3, 4, 5, 6, 7, 8, 9, 10, 11, 12, 13]
		}
	]
}