{
	"format_version": "1.21.11",
	"credit": "Made with Blockbench",
	"texture_size": [128, 128],
	"textures": {
		"0": "item/estatuaoak",
		"particle": "item/estatuaoak"
	},
	"elements": [
		{
			"from": [2, 2, 2],
			"to": [14, 6, 14],
			"rotation": {"angle": 0, "axis": "y", "origin": [7, 2, 7]},
			"faces": {
				"north": {"uv": [1.5, 5.5, 3, 6], "texture": "#0"},
				"east": {"uv": [0, 5.5, 1.5, 6], "texture": "#0"},
				"south": {"uv": [4.5, 5.5, 6, 6], "texture": "#0"},
				"west": {"uv": [3, 5.5, 4.5, 6], "texture": "#0"},
				"up": {"uv": [3, 5.5, 1.5, 4], "texture": "#0"},
				"down": {"uv": [4.5, 4, 3, 5.5], "texture": "#0"}
			}
		},
		{
			"from": [1, 6, 1],
			"to": [15, 8, 15],
			"rotation": {"angle": 0, "axis": "y", "origin": [7, -4, 7]},
			"faces": {
				"north": {"uv": [1.75, 1.75, 3.5, 2], "texture": "#0"},
				"east": {"uv": [0, 1.75, 1.75, 2], "texture": "#0"},
				"south": {"uv": [5.25, 1.75, 7, 2], "texture": "#0"},
				"west": {"uv": [3.5, 1.75, 5.25, 2], "texture": "#0"},
				"up": {"uv": [3.5, 1.75, 1.75, 0], "texture": "#0"},
				"down": {"uv": [5.25, 0, 3.5, 1.75], "texture": "#0"}
			}
		},
		{
			"from": [1, 0, 1],
			"to": [15, 2, 15],
			"rotation": {"angle": 0, "axis": "y", "origin": [7, -10, 7]},
			"faces": {
				"north": {"uv": [1.75, 3.75, 3.5, 4], "texture": "#0"},
				"east": {"uv": [0, 3.75, 1.75, 4], "texture": "#0"},
				"south": {"uv": [5.25, 3.75, 7, 4], "texture": "#0"},
				"west": {"uv": [3.5, 3.75, 5.25, 4], "texture": "#0"},
				"up": {"uv": [3.5, 3.75, 1.75, 2], "texture": "#0"},
				"down": {"uv": [5.25, 2, 3.5, 3.75], "texture": "#0"}
			}
		},
		{
			"from": [8, 8, 3],
			"to": [11, 13, 6],
			"rotation": {"angle": 0, "axis": "x", "origin": [9, 17, 4]},
			"faces": {
				"north": {"uv": [6.375, 4.375, 6.75, 5.5], "texture": "#0"},
				"east": {"uv": [6, 4.375, 6.375, 5.5], "texture": "#0"},
				"south": {"uv": [7.125, 4.375, 7.5, 5.5], "texture": "#0"},
				"west": {"uv": [6.75, 4.375, 7.125, 5.5], "texture": "#0"},
				"up": {"uv": [6.75, 4.375, 6.375, 4], "texture": "#0"},
				"down": {"uv": [7.125, 4, 6.75, 4.375], "texture": "#0"}
			}
		},
		{
			"from": [8, 11, 7],
			"to": [11, 18, 10],
			"rotation": {"angle": 45, "axis": "x", "origin": [9, 17, 8]},
			"faces": {
				"north": {"uv": [6.375, 4.375, 6.75, 5.5], "texture": "#0"},
				"east": {"uv": [6, 4.375, 6.375, 5.5], "texture": "#0"},
				"south": {"uv": [7.125, 4.375, 7.5, 5.5], "texture": "#0"},
				"west": {"uv": [6.75, 4.375, 7.125, 5.5], "texture": "#0"},
				"up": {"uv": [6.75, 4.375, 6.375, 4], "texture": "#0"},
				"down": {"uv": [7.125, 4, 6.75, 4.375], "texture": "#0"}
			}
		},
		{
			"from": [11, 21, 7],
			"to": [14, 26, 10],
			"rotation": {"angle": 45, "axis": "x", "origin": [12, 26, 8]},
			"faces": {
				"north": {"uv": [5.125, 6.375, 5.5, 7.5], "texture": "#0"},
				"east": {"uv": [4.75, 6.375, 5.125, 7.5], "texture": "#0"},
				"south": {"uv": [5.875, 6.375, 6.25, 7.5], "texture": "#0"},
				"west": {"uv": [5.5, 6.375, 5.875, 7.5], "texture": "#0"},
				"up": {"uv": [5.5, 6.375, 5.125, 6], "texture": "#0"},
				"down": {"uv": [5.875, 6, 5.5, 6.375], "texture": "#0"}
			}
		},
		{
			"from": [11, 20.91342, 1.6194],
			"to": [14, 23.91342, 5.6194],
			"rotation": {"angle": 0, "axis": "x", "origin": [12, 21, 6]},
			"faces": {
				"north": {"uv": [5.875, 6, 5.5, 6.375], "rotation": 180, "texture": "#0"},
				"east": {"uv": [4.75, 6.375, 5.125, 7.5], "rotation": 270, "texture": "#0"},
				"south": {"uv": [5.5, 6.375, 5.125, 6], "texture": "#0"},
				"west": {"uv": [5.5, 6.375, 5.875, 7.5], "rotation": 90, "texture": "#0"},
				"up": {"uv": [5.125, 6.375, 5.5, 7.5], "rotation": 180, "texture": "#0"},
				"down": {"uv": [5.875, 6.375, 6.25, 7.5], "texture": "#0"}
			}
		},
		{
			"from": [8, 12.91342, 0.6194],
			"to": [17, 27.91342, 1.6194],
			"rotation": {"angle": 0, "axis": "x", "origin": [12, 21, 6]},
			"faces": {
				"north": {"uv": [5.875, 6, 5.5, 6.375], "rotation": 180, "texture": "#0"},
				"east": {"uv": [4.75, 6.375, 5.125, 7.5], "rotation": 270, "texture": "#0"},
				"south": {"uv": [5.5, 6.375, 5.125, 6], "texture": "#0"},
				"west": {"uv": [5.5, 6.375, 5.875, 7.5], "rotation": 90, "texture": "#0"},
				"up": {"uv": [5.125, 6.375, 5.5, 7.5], "rotation": 180, "texture": "#0"},
				"down": {"uv": [5.875, 6.375, 6.25, 7.5], "texture": "#0"}
			}
		},
		{
			"from": [3, 22, 7],
			"to": [6, 26, 10],
			"rotation": {"angle": -45, "axis": "z", "origin": [4, 26, 8]},
			"faces": {
				"north": {"uv": [6.625, 5.875, 7, 7], "texture": "#0"},
				"east": {"uv": [6.25, 5.875, 6.625, 7], "texture": "#0"},
				"south": {"uv": [7.375, 5.875, 7.75, 7], "texture": "#0"},
				"west": {"uv": [7, 5.875, 7.375, 7], "texture": "#0"},
				"up": {"uv": [7, 5.875, 6.625, 5.5], "texture": "#0"},
				"down": {"uv": [7.375, 5.5, 7, 5.875], "texture": "#0"}
			}
		},
		{
			"from": [0.39315, 21, 4.0782],
			"to": [3.39315, 23.5, 10.0782],
			"rotation": {"angle": -45, "axis": "x", "origin": [2, 22, 8]},
			"faces": {
				"north": {"uv": [7.375, 5.5, 7, 5.875], "rotation": 180, "texture": "#0"},
				"east": {"uv": [6.25, 5.875, 6.625, 7], "rotation": 270, "texture": "#0"},
				"south": {"uv": [7, 5.875, 6.625, 5.5], "texture": "#0"},
				"west": {"uv": [7, 5.875, 7.375, 7], "rotation": 90, "texture": "#0"},
				"up": {"uv": [6.625, 5.875, 7, 7], "rotation": 180, "texture": "#0"},
				"down": {"uv": [7.375, 5.875, 7.75, 7], "texture": "#0"}
			}
		},
		{
			"from": [5, 17, 7],
			"to": [11, 26, 10],
			"rotation": {"angle": 0, "axis": "y", "origin": [7, 7, 7]},
			"faces": {
				"north": {"uv": [0.375, 6.375, 1.125, 7.5], "texture": "#0"},
				"east": {"uv": [0, 6.375, 0.375, 7.5], "texture": "#0"},
				"south": {"uv": [1.5, 6.375, 2.25, 7.5], "texture": "#0"},
				"west": {"uv": [1.125, 6.375, 1.5, 7.5], "texture": "#0"},
				"up": {"uv": [1.125, 6.375, 0.375, 6], "texture": "#0"},
				"down": {"uv": [1.875, 6, 1.125, 6.375], "texture": "#0"}
			}
		},
		{
			"from": [5.5, 26, 6],
			"to": [10.5, 31, 11],
			"rotation": {"angle": 0, "axis": "z", "origin": [7, 26, 9]},
			"faces": {
				"north": {"uv": [2.875, 6.625, 3.5, 7.25], "texture": "#0"},
				"east": {"uv": [2.25, 6.625, 2.875, 7.25], "texture": "#0"},
				"south": {"uv": [4.125, 6.625, 4.75, 7.25], "texture": "#0"},
				"west": {"uv": [3.5, 6.625, 4.125, 7.25], "texture": "#0"},
				"up": {"uv": [3.5, 6.625, 2.875, 6], "texture": "#0"},
				"down": {"uv": [4.125, 6, 3.5, 6.625], "texture": "#0"}
			}
		},
		{
			"from": [5, 7, 7],
			"to": [8, 17, 10],
			"rotation": {"angle": -22.5, "axis": "x", "origin": [6, 16, 7]},
			"faces": {
				"north": {"uv": [7.375, 0.375, 7.75, 1.5], "texture": "#0"},
				"east": {"uv": [7, 0.375, 7.375, 1.5], "texture": "#0"},
				"south": {"uv": [8.125, 0.375, 8.5, 1.5], "texture": "#0"},
				"west": {"uv": [7.75, 0.375, 8.125, 1.5], "texture": "#0"},
				"up": {"uv": [7.75, 0.375, 7.375, 0], "texture": "#0"},
				"down": {"uv": [8.125, 0, 7.75, 0.375], "texture": "#0"}
			}
		},
		{
			"from": [1, 22.61104, 1.72878],
			"to": [2, 23.61104, 5.72878],
			"rotation": {"angle": -22.5, "axis": "y", "origin": [2, 19, 8]},
			"faces": {
				"north": {"uv": [7, 6.25, 7.125, 6.375], "texture": "#0"},
				"east": {"uv": [6.5, 6.25, 7, 6.375], "texture": "#0"},
				"south": {"uv": [7.625, 6.25, 7.75, 6.375], "texture": "#0"},
				"west": {"uv": [7.125, 6.25, 7.625, 6.375], "texture": "#0"},
				"up": {"uv": [7.125, 6.25, 7, 5.75], "texture": "#0"},
				"down": {"uv": [7.25, 5.75, 7.125, 6.25], "texture": "#0"}
			}
		},
		{
			"from": [1, 19.61104, 2.72878],
			"to": [2, 22.61104, 4.72878],
			"rotation": {"angle": -22.5, "axis": "y", "origin": [2, 19, 8]},
			"faces": {
				"north": {"uv": [6.5, 5.75, 6.625, 6.125], "texture": "#0"},
				"east": {"uv": [6.25, 5.75, 6.5, 6.125], "texture": "#0"},
				"south": {"uv": [6.875, 5.75, 7, 6.125], "texture": "#0"},
				"west": {"uv": [6.625, 5.75, 6.875, 6.125], "texture": "#0"},
				"up": {"uv": [6.625, 5.75, 6.5, 5.5], "texture": "#0"},
				"down": {"uv": [6.75, 5.5, 6.625, 5.75], "texture": "#0"}
			}
		},
		{
			"from": [1, 20.61104, 4.72878],
			"to": [2, 22.61104, 6.72878],
			"rotation": {"angle": -22.5, "axis": "y", "origin": [2, 19, 8]},
			"faces": {
				"north": {"uv": [6.75, 6, 6.875, 6.25], "texture": "#0"},
				"east": {"uv": [6.5, 6, 6.75, 6.25], "texture": "#0"},
				"south": {"uv": [7.125, 6, 7.25, 6.25], "texture": "#0"},
				"west": {"uv": [6.875, 6, 7.125, 6.25], "texture": "#0"},
				"up": {"uv": [6.875, 6, 6.75, 5.75], "texture": "#0"},
				"down": {"uv": [7, 5.75, 6.875, 6], "texture": "#0"}
			}
		},
		{
			"from": [1, 17.61104, 6.72878],
			"to": [2, 19.61104, 8.72878],
			"rotation": {"angle": -22.5, "axis": "y", "origin": [2, 19, 8]},
			"faces": {
				"north": {"uv": [6.625, 5.875, 6.75, 6.125], "texture": "#0"},
				"east": {"uv": [6.375, 5.875, 6.625, 6.125], "texture": "#0"},
				"south": {"uv": [7, 5.875, 7.125, 6.125], "texture": "#0"},
				"west": {"uv": [6.75, 5.875, 7, 6.125], "texture": "#0"},
				"up": {"uv": [6.75, 5.875, 6.625, 5.625], "texture": "#0"},
				"down": {"uv": [6.875, 5.625, 6.75, 5.875], "texture": "#0"}
			}
		},
		{
			"from": [1, 22.61104, 5.72878],
			"to": [2, 23.61104, 7.72878],
			"rotation": {"angle": -22.5, "axis": "y", "origin": [2, 19, 8]},
			"faces": {
				"north": {"uv": [6.75, 6, 6.875, 6.125], "texture": "#0"},
				"east": {"uv": [6.5, 6, 6.75, 6.125], "texture": "#0"},
				"south": {"uv": [7.125, 6, 7.25, 6.125], "texture": "#0"},
				"west": {"uv": [6.875, 6, 7.125, 6.125], "texture": "#0"},
				"up": {"uv": [6.875, 6, 6.75, 5.75], "texture": "#0"},
				"down": {"uv": [7, 5.75, 6.875, 6], "texture": "#0"}
			}
		},
		{
			"from": [1, 23.61104, 5.72878],
			"to": [2, 24.61104, 6.72878],
			"rotation": {"angle": -22.5, "axis": "y", "origin": [2, 19, 8]},
			"faces": {
				"north": {"uv": [6.625, 5.875, 6.75, 6], "texture": "#0"},
				"east": {"uv": [6.5, 5.875, 6.625, 6], "texture": "#0"},
				"south": {"uv": [6.875, 5.875, 7, 6], "texture": "#0"},
				"west": {"uv": [6.75, 5.875, 6.875, 6], "texture": "#0"},
				"up": {"uv": [6.75, 5.875, 6.625, 5.75], "texture": "#0"},
				"down": {"uv": [6.875, 5.75, 6.75, 5.875], "texture": "#0"}
			}
		},
		{
			"from": [1, 18.61104, 1.72878],
			"to": [2, 21.61104, 2.72878],
			"rotation": {"angle": -22.5, "axis": "y", "origin": [2, 19, 8]},
			"faces": {
				"north": {"uv": [6.375, 5.625, 6.5, 6], "texture": "#0"},
				"east": {"uv": [6.25, 5.625, 6.375, 6], "texture": "#0"},
				"south": {"uv": [6.625, 5.625, 6.75, 6], "texture": "#0"},
				"west": {"uv": [6.5, 5.625, 6.625, 6], "texture": "#0"},
				"up": {"uv": [6.5, 5.625, 6.375, 5.5], "texture": "#0"},
				"down": {"uv": [6.625, 5.5, 6.5, 5.625], "texture": "#0"}
			}
		},
		{
			"from": [1, 23.61104, 0.72878],
			"to": [2, 24.61104, 4.72878],
			"rotation": {"angle": -22.5, "axis": "y", "origin": [2, 19, 8]},
			"faces": {
				"north": {"uv": [7, 6.25, 7.125, 6.375], "texture": "#0"},
				"east": {"uv": [6.5, 6.25, 7, 6.375], "texture": "#0"},
				"south": {"uv": [7.625, 6.25, 7.75, 6.375], "texture": "#0"},
				"west": {"uv": [7.125, 6.25, 7.625, 6.375], "texture": "#0"},
				"up": {"uv": [7.125, 6.25, 7, 5.75], "texture": "#0"},
				"down": {"uv": [7.25, 5.75, 7.125, 6.25], "texture": "#0"}
			}
		},
		{
			"from": [1, 24.61104, -0.27122],
			"to": [2, 25.61104, 3.72878],
			"rotation": {"angle": -22.5, "axis": "y", "origin": [2, 19, 8]},
			"faces": {
				"north": {"uv": [7, 6.25, 7.125, 6.375], "texture": "#0"},
				"east": {"uv": [6.5, 6.25, 7, 6.375], "texture": "#0"},
				"south": {"uv": [7.625, 6.25, 7.75, 6.375], "texture": "#0"},
				"west": {"uv": [7.125, 6.25, 7.625, 6.375], "texture": "#0"},
				"up": {"uv": [7.125, 6.25, 7, 5.75], "texture": "#0"},
				"down": {"uv": [7.25, 5.75, 7.125, 6.25], "texture": "#0"}
			}
		},
		{
			"from": [1, 25.61104, -1.27122],
			"to": [2, 26.61104, 2.72878],
			"rotation": {"angle": -22.5, "axis": "y", "origin": [2, 19, 8]},
			"faces": {
				"north": {"uv": [7, 6.25, 7.125, 6.375], "texture": "#0"},
				"east": {"uv": [6.5, 6.25, 7, 6.375], "texture": "#0"},
				"south": {"uv": [7.625, 6.25, 7.75, 6.375], "texture": "#0"},
				"west": {"uv": [7.125, 6.25, 7.625, 6.375], "texture": "#0"},
				"up": {"uv": [7.125, 6.25, 7, 5.75], "texture": "#0"},
				"down": {"uv": [7.25, 5.75, 7.125, 6.25], "texture": "#0"}
			}
		},
		{
			"from": [1, 26.61104, -2.27122],
			"to": [2, 27.61104, 1.72878],
			"rotation": {"angle": -22.5, "axis": "y", "origin": [2, 19, 8]},
			"faces": {
				"north": {"uv": [7, 6.25, 7.125, 6.375], "texture": "#0"},
				"east": {"uv": [6.5, 6.25, 7, 6.375], "texture": "#0"},
				"south": {"uv": [7.625, 6.25, 7.75, 6.375], "texture": "#0"},
				"west": {"uv": [7.125, 6.25, 7.625, 6.375], "texture": "#0"},
				"up": {"uv": [7.125, 6.25, 7, 5.75], "texture": "#0"},
				"down": {"uv": [7.25, 5.75, 7.125, 6.25], "texture": "#0"}
			}
		},
		{
			"from": [1, 27.61104, -3.27122],
			"to": [2, 28.61104, 0.72878],
			"rotation": {"angle": -22.5, "axis": "y", "origin": [2, 19, 8]},
			"faces": {
				"north": {"uv": [7, 6.25, 7.125, 6.375], "texture": "#0"},
				"east": {"uv": [6.5, 6.25, 7, 6.375], "texture": "#0"},
				"south": {"uv": [7.625, 6.25, 7.75, 6.375], "texture": "#0"},
				"west": {"uv": [7.125, 6.25, 7.625, 6.375], "texture": "#0"},
				"up": {"uv": [7.125, 6.25, 7, 5.75], "texture": "#0"},
				"down": {"uv": [7.25, 5.75, 7.125, 6.25], "texture": "#0"}
			}
		},
		{
			"from": [1, 28.61104, -3.27122],
			"to": [2, 29.61104, -0.27122],
			"rotation": {"angle": -22.5, "axis": "y", "origin": [2, 19, 8]},
			"faces": {
				"north": {"uv": [6.875, 6.125, 7, 6.25], "texture": "#0"},
				"east": {"uv": [6.5, 6.125, 6.875, 6.25], "texture": "#0"},
				"south": {"uv": [7.375, 6.125, 7.5, 6.25], "texture": "#0"},
				"west": {"uv": [7, 6.125, 7.375, 6.25], "texture": "#0"},
				"up": {"uv": [7, 6.125, 6.875, 5.75], "texture": "#0"},
				"down": {"uv": [7.125, 5.75, 7, 6.125], "texture": "#0"}
			}
		}
	],
	"display": {
		"thirdperson_righthand": {
			"translation": [0, 3, 0],
			"scale": [0.37, 0.37, 0.37]
		},
		"thirdperson_lefthand": {
			"translation": [0, 2.5, 0],
			"scale": [0.35, 0.34, 0.34]
		},
		"firstperson_righthand": {
			"rotation": [-2.5, 0, 0],
			"translation": [0, 4, -1],
			"scale": [0.27, 0.27, 0.27]
		},
		"firstperson_lefthand": {
			"rotation": [-3.25, 0, 0],
			"translation": [-3.5, 5, 6.5],
			"scale": [0.17, 0.17, 0.17]
		},
		"ground": {
			"translation": [0, 5.5, 0]
		},
		"gui": {
			"rotation": [-145, 44, 168],
			"translation": [0.75, -2, 0],
			"scale": [0.53, 0.51, 0.51]
		},
		"head": {
			"translation": [0, 6.5, 0]
		},
		"fixed": {
			"rotation": [-89.7, 0, 0],
			"translation": [0.5, 0.25, -2.5],
			"scale": [0.56, 0.56, 0.56]
		}
	},
	"groups": [
		{
			"name": "group",
			"origin": [7, 4, 7],
			"color": 0,
			"children": [0, 1, 2, 3, 4, 5, 6, 7, 8, 9, 10, 11, 12]
		},
		{
			"name": "group",
			"origin": [4, 9, 2],
			"color": 0,
			"children": [13, 14, 15, 16, 17, 18, 19, 20, 21, 22, 23, 24, 25]
		}
	]
}