{
	"format_version": "1.21.11",
	"credit": "Made with Blockbench",
	"parent": "minecraft:item/shield_blocking",
	"texture_size": [32, 32],
	"textures": {
		"0": "item/guardiaimplacable",
		"particle": "item/guardiaimplacable"
	},
	"elements": [
		{
			"name": "plate",
			"from": [3, 8, 5],
			"to": [13, 16, 6],
			"rotation": {"angle": 0, "axis": "y", "origin": [8, 0, 8]},
			"faces": {
				"north": {"uv": [0, 0, 5, 4], "texture": "#0"},
				"east": {"uv": [4, 8, 4.5, 12], "texture": "#0"},
				"south": {"uv": [0, 4, 5, 8], "texture": "#0"},
				"west": {"uv": [4.5, 8, 5, 12], "texture": "#0"},
				"up": {"uv": [13, 1.5, 8, 1], "texture": "#0"},
				"down": {"uv": [13, 1.5, 8, 2], "texture": "#0"}
			}
		},
		{
			"name": "plate",
			"from": [12, 16, 4.7],
			"to": [13, 17, 6],
			"rotation": {"angle": 0, "axis": "y", "origin": [8, 0, 8]},
			"faces": {
				"north": {"uv": [12, 0.5, 12.5, 1], "texture": "#0"},
				"east": {"uv": [2, 11, 2.75, 11.5], "texture": "#0"},
				"south": {"uv": [12, 2, 12.5, 2.5], "texture": "#0"},
				"west": {"uv": [3, 11, 3.75, 11.5], "texture": "#0"},
				"up": {"uv": [11.5, 5.75, 11, 5], "texture": "#0"},
				"down": {"uv": [8.5, 11, 8, 11.75], "texture": "#0"}
			}
		},
		{
			"name": "plate",
			"from": [3, 16, 4.7],
			"to": [4, 17, 6],
			"rotation": {"angle": 0, "axis": "y", "origin": [-1, 0, 8]},
			"faces": {
				"north": {"uv": [2.5, 12, 3, 12.5], "texture": "#0"},
				"east": {"uv": [8.5, 11, 9.25, 11.5], "texture": "#0"},
				"south": {"uv": [12, 2.5, 12.5, 3], "texture": "#0"},
				"west": {"uv": [11, 9, 11.75, 9.5], "texture": "#0"},
				"up": {"uv": [10, 11.75, 9.5, 11], "texture": "#0"},
				"down": {"uv": [11.5, 9.5, 11, 10.25], "texture": "#0"}
			}
		},
		{
			"name": "plate",
			"from": [3, 7, 4.7],
			"to": [4, 8, 6],
			"rotation": {"angle": 0, "axis": "y", "origin": [-1, -9, 8]},
			"faces": {
				"north": {"uv": [3, 12, 3.5, 12.5], "texture": "#0"},
				"east": {"uv": [10, 11, 10.75, 11.5], "texture": "#0"},
				"south": {"uv": [12, 3, 12.5, 3.5], "texture": "#0"},
				"west": {"uv": [11, 10.5, 11.75, 11], "texture": "#0"},
				"up": {"uv": [11.5, 11.75, 11, 11], "texture": "#0"},
				"down": {"uv": [2.5, 11.5, 2, 12.25], "texture": "#0"}
			}
		},
		{
			"name": "plate",
			"from": [12, 7, 4.7],
			"to": [13, 8, 6],
			"rotation": {"angle": 0, "axis": "y", "origin": [8, -9, 8]},
			"faces": {
				"north": {"uv": [12, 3.5, 12.5, 4], "texture": "#0"},
				"east": {"uv": [2.5, 11.5, 3.25, 12], "texture": "#0"},
				"south": {"uv": [4, 12, 4.5, 12.5], "texture": "#0"},
				"west": {"uv": [11.5, 5, 12.25, 5.5], "texture": "#0"},
				"up": {"uv": [4, 12.25, 3.5, 11.5], "texture": "#0"},
				"down": {"uv": [9, 11.5, 8.5, 12.25], "texture": "#0"}
			}
		},
		{
			"name": "plate",
			"from": [4, 7, 5],
			"to": [12, 8, 6],
			"rotation": {"angle": 0, "axis": "y", "origin": [7, -9, 8]},
			"faces": {
				"north": {"uv": [8, 2, 12, 2.5], "texture": "#0"},
				"east": {"uv": [4.5, 12, 5, 12.5], "texture": "#0"},
				"south": {"uv": [8, 2.5, 12, 3], "texture": "#0"},
				"west": {"uv": [5, 12, 5.5, 12.5], "texture": "#0"},
				"up": {"uv": [12, 3.5, 8, 3], "texture": "#0"},
				"down": {"uv": [12, 3.5, 8, 4], "texture": "#0"}
			}
		},
		{
			"name": "plate",
			"from": [4, 16, 5],
			"to": [12, 17, 6],
			"rotation": {"angle": 0, "axis": "y", "origin": [7, 0, 8]},
			"faces": {
				"north": {"uv": [8, 6, 12, 6.5], "texture": "#0"},
				"east": {"uv": [5.5, 12, 6, 12.5], "texture": "#0"},
				"south": {"uv": [8, 6.5, 12, 7], "texture": "#0"},
				"west": {"uv": [6, 12, 6.5, 12.5], "texture": "#0"},
				"up": {"uv": [12, 7.5, 8, 7], "texture": "#0"},
				"down": {"uv": [12, 7.5, 8, 8], "texture": "#0"}
			}
		},
		{
			"name": "plate",
			"from": [6, 10, 4.6],
			"to": [10, 14, 5],
			"rotation": {"angle": 0, "axis": "y", "origin": [8, 0, 8]},
			"faces": {
				"north": {"uv": [5, 0, 7, 2], "texture": "#0"},
				"east": {"uv": [7, 10, 7.25, 12], "texture": "#0"},
				"south": {"uv": [5, 2, 7, 4], "texture": "#0"},
				"west": {"uv": [7.5, 10, 7.75, 12], "texture": "#0"},
				"up": {"uv": [11, 5.25, 9, 5], "texture": "#0"},
				"down": {"uv": [11, 5.5, 9, 5.75], "texture": "#0"}
			}
		},
		{
			"name": "plate",
			"from": [4, 17, 4.7],
			"to": [12, 18, 6],
			"rotation": {"angle": 0, "axis": "y", "origin": [8, 1, 8]},
			"faces": {
				"north": {"uv": [8, 8, 12, 8.5], "texture": "#0"},
				"east": {"uv": [11.5, 5.5, 12.25, 6], "texture": "#0"},
				"south": {"uv": [8, 8.5, 12, 9], "texture": "#0"},
				"west": {"uv": [11.5, 9.5, 12.25, 10], "texture": "#0"},
				"up": {"uv": [9, 4.75, 5, 4], "texture": "#0"},
				"down": {"uv": [9, 5, 5, 5.75], "texture": "#0"}
			}
		},
		{
			"name": "plate",
			"from": [2, 8, 4.7],
			"to": [3, 16, 6],
			"rotation": {"angle": 0, "axis": "z", "origin": [19, 12, 8]},
			"faces": {
				"north": {"uv": [0, 9, 0.5, 13], "texture": "#0"},
				"east": {"uv": [5, 6, 5.75, 10], "texture": "#0"},
				"south": {"uv": [0.5, 9, 1, 13], "texture": "#0"},
				"west": {"uv": [6, 6, 6.75, 10], "texture": "#0"},
				"up": {"uv": [9.5, 12.25, 9, 11.5], "texture": "#0"},
				"down": {"uv": [10.5, 11.5, 10, 12.25], "texture": "#0"}
			}
		},
		{
			"name": "plate",
			"from": [13, 8, 4.7],
			"to": [14, 16, 6],
			"rotation": {"angle": 0, "axis": "z", "origin": [30, 12, 8]},
			"faces": {
				"north": {"uv": [1, 9, 1.5, 13], "texture": "#0"},
				"east": {"uv": [7, 0, 7.75, 4], "texture": "#0"},
				"south": {"uv": [1.5, 9, 2, 13], "texture": "#0"},
				"west": {"uv": [7, 6, 7.75, 10], "texture": "#0"},
				"up": {"uv": [11, 12.25, 10.5, 11.5], "texture": "#0"},
				"down": {"uv": [12, 11, 11.5, 11.75], "texture": "#0"}
			}
		},
		{
			"name": "plate",
			"from": [4, 6, 4.7],
			"to": [12, 7, 6],
			"rotation": {"angle": 0, "axis": "y", "origin": [8, -10, 8]},
			"faces": {
				"north": {"uv": [9, 4, 13, 4.5], "texture": "#0"},
				"east": {"uv": [11.5, 10, 12.25, 10.5], "texture": "#0"},
				"south": {"uv": [9, 4.5, 13, 5], "texture": "#0"},
				"west": {"uv": [12, 0, 12.75, 0.5], "texture": "#0"},
				"up": {"uv": [4, 8.75, 0, 8], "texture": "#0"},
				"down": {"uv": [12, 0, 8, 0.75], "texture": "#0"}
			}
		},
		{
			"name": "handle",
			"from": [9, 10, 6],
			"to": [11, 14, 7],
			"rotation": {"angle": 0, "axis": "y", "origin": [10, 1, 8]},
			"faces": {
				"north": {"uv": [2, 9, 3, 11], "texture": "#0"},
				"east": {"uv": [5, 10, 5.5, 12], "texture": "#0"},
				"south": {"uv": [3, 9, 4, 11], "texture": "#0"},
				"west": {"uv": [5.5, 10, 6, 12], "texture": "#0"},
				"up": {"uv": [11, 9.5, 10, 9], "texture": "#0"},
				"down": {"uv": [11, 9.5, 10, 10], "texture": "#0"}
			}
		},
		{
			"name": "handle",
			"from": [5, 10, 6],
			"to": [7, 14, 7],
			"rotation": {"angle": 0, "axis": "y", "origin": [6, 1, 8]},
			"faces": {
				"north": {"uv": [8, 9, 9, 11], "texture": "#0"},
				"east": {"uv": [6, 10, 6.5, 12], "texture": "#0"},
				"south": {"uv": [9, 9, 10, 11], "texture": "#0"},
				"west": {"uv": [6.5, 10, 7, 12], "texture": "#0"},
				"up": {"uv": [11, 10.5, 10, 10], "texture": "#0"},
				"down": {"uv": [11, 10.5, 10, 11], "texture": "#0"}
			}
		}
	],
	"display": {
		"thirdperson_righthand": {
			"rotation": [64, 8, 2.89],
			"translation": [-0.25, -3.25, -1]
		},
		"thirdperson_lefthand": {
			"rotation": [67, 7, -1.19],
			"translation": [0, -2.5, -0.25]
		},
		"firstperson_righthand": {
			"rotation": [1, 3, 0],
			"translation": [-0.5, -10, 0.75],
			"scale": [1.58, 1.58, 1.58]
		},
		"firstperson_lefthand": {
			"translation": [-0.5, -9.75, 0.75],
			"scale": [1.58, 1.58, 1.58]
		},
		"ground": {
			"scale": [0.5, 0.5, 0.5]
		},
		"gui": {
			"rotation": [-155.58, 42.54, 179.38],
			"translation": [1.5, -1.75, 0],
			"scale": [0.81, 0.81, 0.81]
		},
		"head": {
			"translation": [0, 0, -4.5]
		},
		"fixed": {
			"translation": [0, -5, 4.25],
			"scale": [1.96, 1.96, 1.96]
		},
		"on_shelf": {
			"rotation": [0, -180, 0],
			"translation": [0, 0.25, -6]
		}
	},
	"groups": [
		{
			"name": "plate",
			"origin": [8, 11, 7],
			"color": 0,
			"children": [0, 1, 2, 3, 4, 5, 6, 7, 8, 9, 10, 11, 12, 13]
		}
	]
}