{
	"format_version": "1.21.11",
	"credit": "Made with Blockbench",
	"textures": {
		"0": "item/librohechizos",
		"particle": "item/librohechizos"
	},
	"elements": [
		{
			"from": [4, 0, 7],
			"to": [11, 2, 13],
			"rotation": {"angle": 22.5, "axis": "y", "origin": [4, 0, 7]},
			"faces": {
				"north": {"uv": [7, 0, 14, 2], "texture": "#0"},
				"east": {"uv": [7, 4, 13, 6], "texture": "#0"},
				"south": {"uv": [7, 2, 14, 4], "texture": "#0"},
				"west": {"uv": [7, 6, 13, 8], "texture": "#0"},
				"up": {"uv": [7, 6, 0, 0], "texture": "#0"},
				"down": {"uv": [7, 6, 0, 12], "texture": "#0"}
			}
		}
	],
	"display": {
		"thirdperson_righthand": {
			"rotation": [-36.22, -7.93, -72.75],
			"translation": [5, 0, 2]
		},
		"thirdperson_lefthand": {
			"rotation": [-19.91, -1.32, 112.18],
			"translation": [-8.75, -4.75, 2.75]
		},
		"firstperson_righthand": {
			"rotation": [43, -164, -83],
			"translation": [-8.25, 5.25, 9],
			"scale": [0.45, 0.45, 0.45]
		},
		"firstperson_lefthand": {
			"rotation": [-9, -20, 107],
			"translation": [-7.25, -0.5, 1.25]
		},
		"ground": {
			"translation": [0, 5, 0]
		},
		"gui": {
			"rotation": [5.59, -57.42, -104.27],
			"translation": [6, -2.75, 0],
			"scale": [1.51, 1.51, 1.51]
		},
		"head": {
			"translation": [0, -1, 0]
		},
		"fixed": {
			"rotation": [-90, -12, 0],
			"translation": [0, 0, -15.75],
			"scale": [1.96, 1.96, 1.96]
		}
	}
}