{
	"format_version": "1.21.11",
	"credit": "Made with Blockbench",
	"texture_size": [32, 32],
	"textures": {
		"0": "item/martilloguerra",
		"particle": "item/martilloguerra"
	},
	"elements": [
		{
			"from": [-2, 0, 0],
			"to": [2, 3, 3],
			"faces": {
				"north": {"uv": [1.5, 4, 3.5, 5.5], "texture": "#0"},
				"east": {"uv": [4.5, 4.5, 6, 6], "texture": "#0"},
				"south": {"uv": [4.5, 0, 6.5, 1.5], "texture": "#0"},
				"west": {"uv": [1.5, 5.5, 3, 7], "texture": "#0"},
				"up": {"uv": [6.5, 3, 4.5, 1.5], "texture": "#0"},
				"down": {"uv": [6.5, 3, 4.5, 4.5], "texture": "#0"}
			}
		},
		{
			"from": [-1, -1, 0.5],
			"to": [1, 0, 2.5],
			"rotation": {"angle": 0, "axis": "y", "origin": [0, -1, 0]},
			"faces": {
				"north": {"uv": [6.5, 6, 7.5, 6.5], "texture": "#0"},
				"east": {"uv": [7, 4, 8, 4.5], "texture": "#0"},
				"south": {"uv": [4.5, 7, 5.5, 7.5], "texture": "#0"},
				"west": {"uv": [7, 4.5, 8, 5], "texture": "#0"},
				"up": {"uv": [4, 6.5, 3, 5.5], "texture": "#0"},
				"down": {"uv": [5.5, 6, 4.5, 7], "texture": "#0"}
			}
		},
		{
			"from": [-0.75, -15, 0.75],
			"to": [0.75, -13, 2.25],
			"rotation": {"angle": 0, "axis": "y", "origin": [0, -14, 0]},
			"faces": {
				"north": {"uv": [6, 6.5, 6.75, 7.5], "texture": "#0"},
				"east": {"uv": [7, 0, 7.75, 1], "texture": "#0"},
				"south": {"uv": [7, 1, 7.75, 2], "texture": "#0"},
				"west": {"uv": [1.5, 7, 2.25, 8], "texture": "#0"},
				"up": {"uv": [7.75, 2.75, 7, 2], "texture": "#0"},
				"down": {"uv": [7.75, 3, 7, 3.75], "texture": "#0"}
			}
		},
		{
			"from": [-0.5, -14, 1],
			"to": [0.5, -1, 2],
			"rotation": {"angle": 0, "axis": "y", "origin": [0, -2, 0]},
			"faces": {
				"north": {"uv": [0, 4, 0.5, 10.5], "texture": "#0"},
				"east": {"uv": [4, 0, 4.5, 6.5], "texture": "#0"},
				"south": {"uv": [0.5, 4, 1, 10.5], "texture": "#0"},
				"west": {"uv": [1, 4, 1.5, 10.5], "texture": "#0"},
				"up": {"uv": [4, 4.5, 3.5, 4], "texture": "#0"},
				"down": {"uv": [4, 4.5, 3.5, 5], "texture": "#0"}
			}
		},
		{
			"from": [2, -0.5, -0.5],
			"to": [3, 3.5, 3.5],
			"rotation": {"angle": 0, "axis": "y", "origin": [1, 0, 0]},
			"faces": {
				"north": {"uv": [6, 4.5, 6.5, 6.5], "texture": "#0"},
				"east": {"uv": [0, 0, 2, 2], "texture": "#0"},
				"south": {"uv": [5.5, 6, 6, 8], "texture": "#0"},
				"west": {"uv": [0, 2, 2, 4], "texture": "#0"},
				"up": {"uv": [7, 2, 6.5, 0], "texture": "#0"},
				"down": {"uv": [7, 2, 6.5, 4], "texture": "#0"}
			}
		},
		{
			"from": [-3, -0.5, -0.5],
			"to": [-2, 3.5, 3.5],
			"rotation": {"angle": 0, "axis": "y", "origin": [-4, 0, 0]},
			"faces": {
				"north": {"uv": [3, 6.5, 3.5, 8.5], "texture": "#0"},
				"east": {"uv": [2, 0, 4, 2], "texture": "#0"},
				"south": {"uv": [3.5, 6.5, 4, 8.5], "texture": "#0"},
				"west": {"uv": [2, 2, 4, 4], "texture": "#0"},
				"up": {"uv": [4.5, 8.5, 4, 6.5], "texture": "#0"},
				"down": {"uv": [7, 4, 6.5, 6], "texture": "#0"}
			}
		}
	],
	"display": {
		"thirdperson_righthand": {
			"rotation": [0, -90, 0],
			"translation": [-10, 22, 14.5],
			"scale": [1.58, 1.58, 1.58]
		},
		"thirdperson_lefthand": {
			"rotation": [0, -90, 0],
			"translation": [-10.75, 22, -11.25],
			"scale": [1.58, 1.58, 1.58]
		},
		"firstperson_righthand": {
			"rotation": [0, -90, 24],
			"translation": [-6, 24, -1],
			"scale": [1.87, 1.87, 1.87]
		},
		"firstperson_lefthand": {
			"rotation": [0, -90, 24],
			"translation": [-6, 8, -29],
			"scale": [1.87, 1.87, 1.87]
		},
		"ground": {
			"rotation": [-90, 4, 0],
			"translation": [10, 4.5, -11.75]
		},
		"gui": {
			"rotation": [46, 23, -43],
			"translation": [15.75, 2.5, 0]
		},
		"head": {
			"translation": [7.5, 6.25, -11]
		},
		"fixed": {
			"rotation": [-9, 90, 0],
			"translation": [14.25, 28.25, -33],
			"scale": [2.7, 2.7, 2.7]
		}
	},
	"groups": [
		{
			"name": "group",
			"origin": [0, 0, 0],
			"color": 0,
			"children": [0, 1, 2, 3, 4, 5]
		}
	]
}