{
	"credit": "Made with Blockbench",
	"texture_size": [32, 32],
	"textures": {
		"0": "item/martillo",
		"particle": "item/martillo"
	},
	"elements": [
		{
			"from": [7, 2, 8],
			"to": [8, 12, 9],
			"rotation": {"angle": 0, "axis": "y", "origin": [7, 2, 7]},
			"faces": {
				"north": {"uv": [3, 6, 3.5, 11], "texture": "#0"},
				"east": {"uv": [3.5, 6, 4, 11], "texture": "#0"},
				"south": {"uv": [4, 6, 4.5, 11], "texture": "#0"},
				"west": {"uv": [4.5, 6, 5, 11], "texture": "#0"},
				"up": {"uv": [8, 9, 7.5, 8.5], "texture": "#0"},
				"down": {"uv": [8.5, 8.5, 8, 9], "texture": "#0"}
			}
		},
		{
			"from": [6, -1, 5],
			"to": [9, 2, 12],
			"rotation": {"angle": 0, "axis": "y", "origin": [7, 0, 7]},
			"faces": {
				"north": {"uv": [1.5, 6.5, 3, 8], "texture": "#0"},
				"east": {"uv": [0, 0, 3.5, 1.5], "texture": "#0"},
				"south": {"uv": [6.5, 6, 8, 7.5], "texture": "#0"},
				"west": {"uv": [0, 1.5, 3.5, 3], "texture": "#0"},
				"up": {"uv": [1.5, 6.5, 0, 3], "texture": "#0"},
				"down": {"uv": [3, 3, 1.5, 6.5], "texture": "#0"}
			}
		},
		{
			"from": [6.2, -0.8, 12],
			"to": [8.8, 1.8, 12.2],
			"rotation": {"angle": 0, "axis": "y", "origin": [7, 0, 7]},
			"faces": {
				"north": {"uv": [7.5, 3, 9, 4.5], "texture": "#0"},
				"east": {"uv": [0, 8.5, 0.5, 10], "texture": "#0"},
				"south": {"uv": [7.5, 4.5, 9, 6], "texture": "#0"},
				"west": {"uv": [8.5, 0, 9, 1.5], "texture": "#0"},
				"up": {"uv": [2, 9, 0.5, 8.5], "texture": "#0"},
				"down": {"uv": [10, 1.5, 8.5, 2], "texture": "#0"}
			}
		},
		{
			"from": [6.2, -0.8, 4.8],
			"to": [8.8, 1.8, 5],
			"rotation": {"angle": 0, "axis": "y", "origin": [7, 0, 0]},
			"faces": {
				"north": {"uv": [5, 6, 6.5, 7.5], "texture": "#0"},
				"east": {"uv": [8, 6, 8.5, 7.5], "texture": "#0"},
				"south": {"uv": [0, 6.5, 1.5, 8], "texture": "#0"},
				"west": {"uv": [6.5, 8, 7, 9.5], "texture": "#0"},
				"up": {"uv": [8.5, 8.5, 7, 8], "texture": "#0"},
				"down": {"uv": [9.5, 7.5, 8, 8], "texture": "#0"}
			}
		},
		{
			"from": [6.1, -1.2, 5.3],
			"to": [8.7, -1, 11.7],
			"rotation": {"angle": 0, "axis": "y", "origin": [13, 1, 7]},
			"faces": {
				"north": {"uv": [8.5, 2, 10, 2.5], "texture": "#0"},
				"east": {"uv": [5, 7.5, 8, 8], "texture": "#0"},
				"south": {"uv": [8.5, 2.5, 10, 3], "texture": "#0"},
				"west": {"uv": [0, 8, 3, 8.5], "texture": "#0"},
				"up": {"uv": [4.5, 6, 3, 3], "texture": "#0"},
				"down": {"uv": [5, 0, 3.5, 3], "texture": "#0"}
			}
		},
		{
			"from": [9, -0.8, 5.3],
			"to": [9.2, 1.8, 11.7],
			"rotation": {"angle": 0, "axis": "z", "origin": [11, -5, 7]},
			"faces": {
				"north": {"uv": [2, 8.5, 2.5, 10], "texture": "#0"},
				"east": {"uv": [4.5, 3, 7.5, 4.5], "texture": "#0"},
				"south": {"uv": [2.5, 8.5, 3, 10], "texture": "#0"},
				"west": {"uv": [4.5, 4.5, 7.5, 6], "texture": "#0"},
				"up": {"uv": [8.5, 3, 8, 0], "texture": "#0"},
				"down": {"uv": [5.5, 8, 5, 11], "texture": "#0"}
			}
		},
		{
			"from": [5.8, -0.8, 5.3],
			"to": [6, 1.8, 11.7],
			"rotation": {"angle": 0, "axis": "z", "origin": [8, -5, 7]},
			"faces": {
				"north": {"uv": [8.5, 6, 9, 7.5], "texture": "#0"},
				"east": {"uv": [5, 0, 8, 1.5], "texture": "#0"},
				"south": {"uv": [7, 8.5, 7.5, 10], "texture": "#0"},
				"west": {"uv": [5, 1.5, 8, 3], "texture": "#0"},
				"up": {"uv": [6, 11, 5.5, 8], "texture": "#0"},
				"down": {"uv": [6.5, 8, 6, 11], "texture": "#0"}
			}
		}
	],
	"display": {
		"thirdperson_righthand": {
			"rotation": [-177.25, 0, 0],
			"translation": [0.75, -1.25, 1.5]
		},
		"thirdperson_lefthand": {
			"rotation": [-175.5, 0, 0],
			"translation": [0, -2.25, 2.5]
		},
		"firstperson_righthand": {
			"rotation": [173.5, 0, 0],
			"translation": [2.5, -2.5, 0]
		},
		"firstperson_lefthand": {
			"rotation": [173.5, 0, 0],
			"translation": [0, 0, 1.75]
		},
		"ground": {
			"rotation": [11.75, 55.45, -100.89]
		},
		"gui": {
			"rotation": [-85.55, 48.12, -93.85],
			"translation": [2.75, -4, 0],
			"scale": [1.22, 1.22, 1.22]
		},
		"fixed": {
			"rotation": [-44.52, 87.15, -135.34],
			"translation": [0, -4.25, 0.25],
			"scale": [1.74, 1.74, 1.74]
		}
	},
	"groups": [
		{
			"name": "group",
			"origin": [8, -5, 7],
			"color": 0,
			"children": [0, 1, 2, 3, 4, 5, 6]
		}
	]
}