{
	"format_version": "1.9.0",
	"credit": "Made with Blockbench",
"parent": "minecraft:item/generated",
	"texture_size": [32, 32],
	"textures": {
		"0": "item/orejascolor3",
		"particle": "item/orejascolor3"
	},
	"elements": [
		{
			"name": "armorHead",
			"from": [0.2, 2, 0],
			"to": [0.8, 3.2, 1],
			"rotation": {"angle": 0, "axis": "x", "origin": [1, 3, 1]},
			"faces": {
				"north": {"uv": [2.5, 8.5, 2.5, 9], "texture": "#0"},
				"east": {"uv": [2, 8.5, 2.5, 9], "texture": "#0"},
				"south": {"uv": [3, 8.5, 3, 9], "texture": "#0"},
				"west": {"uv": [2.5, 8.5, 3, 9], "texture": "#0"},
				"up": {"uv": [2.5, 8.5, 2.5, 8], "texture": "#0"},
				"down": {"uv": [2.5, 8, 2.5, 8.5], "texture": "#0"}
			}
		},
		{
			"name": "armorHead",
			"from": [-0.2, 3, 1],
			"to": [0, 4.2, 2],
			"rotation": {"angle": 0, "axis": "x", "origin": [1, 4, 2]},
			"faces": {
				"north": {"uv": [5.5, 8.5, 5.5, 9], "texture": "#0"},
				"east": {"uv": [5, 8.5, 5.5, 9], "texture": "#0"},
				"south": {"uv": [6, 8.5, 6, 9], "texture": "#0"},
				"west": {"uv": [5.5, 8.5, 6, 9], "texture": "#0"},
				"up": {"uv": [5.5, 8.5, 5.5, 8], "texture": "#0"},
				"down": {"uv": [5.5, 8, 5.5, 8.5], "texture": "#0"}
			}
		},
		{
			"name": "armorHead",
			"from": [-0.2, 4, 2],
			"to": [0, 5, 2.2],
			"rotation": {"angle": 0, "axis": "x", "origin": [1, 5, 1]},
			"faces": {
				"north": {"uv": [3, 9, 3, 9.5], "texture": "#0"},
				"east": {"uv": [3, 9, 3, 9.5], "texture": "#0"},
				"south": {"uv": [3, 9, 3, 9.5], "texture": "#0"},
				"west": {"uv": [3, 9, 3, 9.5], "texture": "#0"},
				"up": {"uv": [3, 9, 3, 9], "texture": "#0"},
				"down": {"uv": [3, 9, 3, 9], "texture": "#0"}
			}
		},
		{
			"name": "armorHead",
			"from": [-0.2, 4.2, 1.8],
			"to": [0, 4.7, 2],
			"rotation": {"angle": 0, "axis": "x", "origin": [1, 5, 1]},
			"faces": {
				"north": {"uv": [0, 0, 0, 0], "texture": "#0"},
				"east": {"uv": [0, 0, 0, 0], "texture": "#0"},
				"south": {"uv": [0, 0, 0, 0], "texture": "#0"},
				"west": {"uv": [0, 0, 0, 0], "texture": "#0"},
				"up": {"uv": [0, 0, 0, 0], "texture": "#0"},
				"down": {"uv": [0, 0, 0, 0], "texture": "#0"}
			}
		},
		{
			"name": "armorHead",
			"from": [0, 2, 1],
			"to": [0.2, 3.2, 2],
			"rotation": {"angle": 0, "axis": "x", "origin": [1, 2, 2]},
			"faces": {
				"north": {"uv": [3.5, 8.5, 3.5, 9], "texture": "#0"},
				"east": {"uv": [3, 8.5, 3.5, 9], "texture": "#0"},
				"south": {"uv": [4, 8.5, 4, 9], "texture": "#0"},
				"west": {"uv": [3.5, 8.5, 4, 9], "texture": "#0"},
				"up": {"uv": [3.5, 8.5, 3.5, 8], "texture": "#0"},
				"down": {"uv": [3.5, 8, 3.5, 8.5], "texture": "#0"}
			}
		},
		{
			"name": "armorHead",
			"from": [0.4, 1, -1],
			"to": [1.1, 2.2, 1],
			"rotation": {"angle": 0, "axis": "x", "origin": [1, 1, 0]},
			"faces": {
				"north": {"uv": [1, 9, 1, 9.5], "texture": "#0"},
				"east": {"uv": [0, 9, 1, 9.5], "texture": "#0"},
				"south": {"uv": [2, 9, 2, 9.5], "texture": "#0"},
				"west": {"uv": [1, 9, 2, 9.5], "texture": "#0"},
				"up": {"uv": [1, 9, 1, 8], "texture": "#0"},
				"down": {"uv": [1, 8, 1, 9], "texture": "#0"}
			}
		},
		{
			"name": "armorHead",
			"from": [9.2, 2, 0],
			"to": [9.8, 3.2, 1],
			"rotation": {"angle": 0, "axis": "x", "origin": [11, 3, 1]},
			"faces": {
				"north": {"uv": [8.5, 8.5, 8.5, 9], "texture": "#0"},
				"east": {"uv": [8, 8.5, 8.5, 9], "texture": "#0"},
				"south": {"uv": [9, 8.5, 9, 9], "texture": "#0"},
				"west": {"uv": [8.5, 8.5, 9, 9], "texture": "#0"},
				"up": {"uv": [8.5, 8.5, 8.5, 8], "texture": "#0"},
				"down": {"uv": [8.5, 8, 8.5, 8.5], "texture": "#0"}
			}
		},
		{
			"name": "armorHead",
			"from": [10, 3, 1],
			"to": [10.2, 4.2, 2],
			"rotation": {"angle": 0, "axis": "x", "origin": [11, 4, 2]},
			"faces": {
				"north": {"uv": [7.5, 8.5, 7.5, 9], "texture": "#0"},
				"east": {"uv": [7, 8.5, 7.5, 9], "texture": "#0"},
				"south": {"uv": [8, 8.5, 8, 9], "texture": "#0"},
				"west": {"uv": [7.5, 8.5, 8, 9], "texture": "#0"},
				"up": {"uv": [7.5, 8.5, 7.5, 8], "texture": "#0"},
				"down": {"uv": [7.5, 8, 7.5, 8.5], "texture": "#0"}
			}
		},
		{
			"name": "armorHead",
			"from": [10, 4, 2],
			"to": [10.2, 5, 2.2],
			"rotation": {"angle": 0, "axis": "x", "origin": [11, 5, 1]},
			"faces": {
				"north": {"uv": [4, 9, 4, 9.5], "texture": "#0"},
				"east": {"uv": [4, 9, 4, 9.5], "texture": "#0"},
				"south": {"uv": [4, 9, 4, 9.5], "texture": "#0"},
				"west": {"uv": [4, 9, 4, 9.5], "texture": "#0"},
				"up": {"uv": [4, 9, 4, 9], "texture": "#0"},
				"down": {"uv": [4, 9, 4, 9], "texture": "#0"}
			}
		},
		{
			"name": "armorHead",
			"from": [10, 4.2, 1.8],
			"to": [10.2, 4.7, 2],
			"rotation": {"angle": 0, "axis": "x", "origin": [11, 5, 1]},
			"faces": {
				"north": {"uv": [0, 0, 0, 0], "texture": "#0"},
				"east": {"uv": [0, 0, 0, 0], "texture": "#0"},
				"south": {"uv": [0, 0, 0, 0], "texture": "#0"},
				"west": {"uv": [0, 0, 0, 0], "texture": "#0"},
				"up": {"uv": [0, 0, 0, 0], "texture": "#0"},
				"down": {"uv": [0, 0, 0, 0], "texture": "#0"}
			}
		},
		{
			"name": "armorHead",
			"from": [9.8, 2, 1],
			"to": [10, 3.2, 2],
			"rotation": {"angle": 0, "axis": "x", "origin": [11, 2, 2]},
			"faces": {
				"north": {"uv": [6.5, 8.5, 6.5, 9], "texture": "#0"},
				"east": {"uv": [6, 8.5, 6.5, 9], "texture": "#0"},
				"south": {"uv": [7, 8.5, 7, 9], "texture": "#0"},
				"west": {"uv": [6.5, 8.5, 7, 9], "texture": "#0"},
				"up": {"uv": [6.5, 8.5, 6.5, 8], "texture": "#0"},
				"down": {"uv": [6.5, 8, 6.5, 8.5], "texture": "#0"}
			}
		},
		{
			"name": "armorHead",
			"from": [9, 1, -1],
			"to": [9.7, 2.2, 1],
			"rotation": {"angle": 0, "axis": "x", "origin": [9, 1, 0]},
			"faces": {
				"north": {"uv": [2, 9, 2, 9.5], "texture": "#0"},
				"east": {"uv": [1, 9, 2, 9.5], "texture": "#0"},
				"south": {"uv": [3, 9, 3, 9.5], "texture": "#0"},
				"west": {"uv": [2, 9, 3, 9.5], "texture": "#0"},
				"up": {"uv": [2, 9, 2, 8], "texture": "#0"},
				"down": {"uv": [2, 8, 2, 9], "texture": "#0"}
			}
		}
	],
	"display": {
		"gui": {
			"rotation": [0, -90, 0],
			"translation": [-27, 18.25, 0],
			"scale": [3.64, 3.64, 3.64]
		},
		"head": {
			"translation": [5, 11, 13],
			"scale": [1.65, 1.65, 1.65]
		}
	},
	"groups": [
		{
			"name": "armorHead",
			"origin": [8, 24, 8],
			"color": 1,
			"children": [0, 1, 2, 3, 4, 5, 6, 7, 8, 9, 10, 11]
		}
	]
}