{
  "parent": "builtin/entity",
  "gui_light": "front",
  "textures": {
    "particle": "minecraft:entity/shield_base_nopattern"
  },
  "display": {
    "thirdperson_righthand": { "rotation": [0, 90, 0], "translation": [10, 6, -4], "scale": [1, 1, 1] },
    "thirdperson_lefthand":  { "rotation": [0, 90, 0], "translation": [10, 6, 12], "scale": [1, 1, 1] },
    "firstperson_righthand": { "rotation": [0, 180, 5], "translation": [-10, 2, -10], "scale": [1.25, 1.25, 1.25] },
    "firstperson_lefthand":  { "rotation": [0, 180, 5], "translation": [10, 0, -10], "scale": [1.25, 1.25, 1.25] },
    "gui":   { "rotation": [15, -25, -5], "translation": [2, 3, 0], "scale": [0.65, 0.65, 0.65] },
    "fixed": { "rotation": [0, 180, 0], "translation": [-4.5, 4.5, -5], "scale": [0.55, 0.55, 0.55] },
    "ground":{ "rotation": [0, 0, 0], "translation": [2, 4, 2], "scale": [0.25, 0.25, 0.25] }
  },
  "overrides": [
    { "predicate": { "custom_model_data": 1301 }, "model": "minecraft:item/espinadehierro" },
    { "predicate": { "custom_model_data": 1302 }, "model": "minecraft:item/escudoacacia" },
    { "predicate": { "custom_model_data": 1303 }, "model": "minecraft:item/murodeescarcha" },
    { "predicate": { "custom_model_data": 1304 }, "model": "minecraft:item/guardiaimplacable" },
    { "predicate": { "custom_model_data": 1305 }, "model": "minecraft:item/murallakharakdum" },
    { "predicate": { "custom_model_data": 1306 }, "model": "minecraft:item/baluartedesylwen" },
    { "predicate": { "custom_model_data": 1307 }, "model": "minecraft:item/guardiadeacero" },
    { "predicate": { "custom_model_data": 1308 }, "model": "minecraft:item/maderaymuerte" },
    { "predicate": { "custom_model_data": 1309 }, "model": "minecraft:item/escudoacaciacuadrado" },

    { "predicate": { "blocking": 1 }, "model": "item/shield_blocking" }
  ]
}
