{
	"credit": "Made with Blockbench",
	"textures": {
		"0": "item/lunaria_0",
		"particle": "item/lunaria_0"
	},
	"elements": [
		{
			"from": [7, -1, 8],
			"to": [8, 6, 9],
			"rotation": {"angle": 0, "axis": "y", "origin": [6, 0, 6]},
			"faces": {
				"north": {"uv": [0, 0, 1, 10], "texture": "#0"},
				"east": {"uv": [1, 0, 2, 10], "texture": "#0"},
				"south": {"uv": [2, 0, 3, 10], "texture": "#0"},
				"west": {"uv": [3, 0, 4, 10], "texture": "#0"},
				"up": {"uv": [6, 11, 5, 10], "texture": "#0"},
				"down": {"uv": [11, 8, 10, 9], "texture": "#0"}
			}
		},
		{
			"from": [8, 2, 8],
			"to": [8.4, 3, 9],
			"rotation": {"angle": 0, "axis": "y", "origin": [7, -2, 6]},
			"faces": {
				"north": {"uv": [10, 9, 11, 10], "texture": "#0"},
				"east": {"uv": [10, 10, 11, 11], "texture": "#0"},
				"south": {"uv": [11, 0, 12, 1], "texture": "#0"},
				"west": {"uv": [1, 11, 2, 12], "texture": "#0"},
				"up": {"uv": [12, 2, 11, 1], "texture": "#0"},
				"down": {"uv": [3, 11, 2, 12], "texture": "#0"}
			}
		},
		{
			"from": [6.7, 1, 8],
			"to": [7, 2, 9],
			"rotation": {"angle": 0, "axis": "y", "origin": [5, -3, 6]},
			"faces": {
				"north": {"uv": [3, 11, 4, 12], "texture": "#0"},
				"east": {"uv": [4, 11, 5, 12], "texture": "#0"},
				"south": {"uv": [5, 11, 6, 12], "texture": "#0"},
				"west": {"uv": [6, 11, 7, 12], "texture": "#0"},
				"up": {"uv": [8, 12, 7, 11], "texture": "#0"},
				"down": {"uv": [9, 11, 8, 12], "texture": "#0"}
			}
		},
		{
			"from": [6.3, 1.3, 8],
			"to": [6.7, 2.3, 9],
			"rotation": {"angle": 0, "axis": "y", "origin": [4, -3, 6]},
			"faces": {
				"north": {"uv": [11, 8, 12, 9], "texture": "#0"},
				"east": {"uv": [9, 11, 10, 12], "texture": "#0"},
				"south": {"uv": [11, 9, 12, 10], "texture": "#0"},
				"west": {"uv": [10, 11, 11, 12], "texture": "#0"},
				"up": {"uv": [12, 11, 11, 10], "texture": "#0"},
				"down": {"uv": [12, 11, 11, 12], "texture": "#0"}
			}
		},
		{
			"from": [8.4, 2.4, 8],
			"to": [8.8, 3.7, 9],
			"rotation": {"angle": 0, "axis": "y", "origin": [8, -2, 6]},
			"faces": {
				"north": {"uv": [6, 9, 7, 10.25], "texture": "#0"},
				"east": {"uv": [7, 9, 8, 10.25], "texture": "#0"},
				"south": {"uv": [8, 9, 9, 10.25], "texture": "#0"},
				"west": {"uv": [9, 9, 10, 10.25], "texture": "#0"},
				"up": {"uv": [1, 13, 0, 12], "texture": "#0"},
				"down": {"uv": [13, 0, 12, 1], "texture": "#0"}
			}
		},
		{
			"from": [8.8, 3, 8],
			"to": [9.3, 4.3, 9],
			"rotation": {"angle": 0, "axis": "y", "origin": [9, -2, 6]},
			"faces": {
				"north": {"uv": [7, 12, 7.5, 13.25], "texture": "#0"},
				"east": {"uv": [0, 10, 1, 11.25], "texture": "#0"},
				"south": {"uv": [12, 7, 12.5, 8.25], "texture": "#0"},
				"west": {"uv": [10, 0, 11, 1.25], "texture": "#0"},
				"up": {"uv": [8.5, 13, 8, 12], "texture": "#0"},
				"down": {"uv": [9.5, 12, 9, 13], "texture": "#0"}
			}
		}
	],
	"groups": [
		{
			"name": "group",
			"origin": [10, 0, -1],
			"color": 0,
			"children": [0, 1, 2, 3, 4, 5]
		}
	]
}