{
  "parent": "minecraft:block/carved_pumpkin"
  "textures": {
    "layer0": "minecraft:block/carved_pumpkin"
  },
  "overrides": [
    { "predicate": { "custom_model_data": 9001 }, "model": "minecraft:item/orejaselfo1" },
    { "predicate": { "custom_model_data": 9002 }, "model": "minecraft:item/orejaselfo2" },
    { "predicate": { "custom_model_data": 9003 }, "model": "minecraft:item/orejaselfo3" },
	{ "predicate": { "custom_model_data": 9004 }, "model": "minecraft:item/orejaselfo4" },
	
	{ "predicate": { "custom_model_data": 9005 }, "model": "minecraft:item/dientesorco1" },
	{ "predicate": { "custom_model_data": 9006 }, "model": "minecraft:item/dientesorco2" },
	{ "predicate": { "custom_model_data": 9007 }, "model": "minecraft:item/dientesorco3" },
	{ "predicate": { "custom_model_data": 9008 }, "model": "minecraft:item/dientesorco4" },
	{ "predicate": { "custom_model_data": 9009 }, "model": "minecraft:item/dientesorco5" },
	{ "predicate": { "custom_model_data": 9010 }, "model": "minecraft:item/dientesorco6" }
  ]
}
