{
  "parent": "minecraft:item/generated",
  "textures": {
    "layer0": "minecraft:item/carved_pumpkin"
  },
  "overrides": [
  	
	{ "predicate": { "custom_model_data": 6000 }, "model": "minecraft:item/capuchamarron" },
	{ "predicate": { "custom_model_data": 6001 }, "model": "minecraft:item/capuchamarronf" },
	
	{ "predicate": { "custom_model_data": 6002 }, "model": "minecraft:item/capuchanegra" },
	{ "predicate": { "custom_model_data": 6003 }, "model": "minecraft:item/capuchanegraf" },
		
	{ "predicate": { "custom_model_data": 6004 }, "model": "minecraft:item/cascocaballero" },
	{ "predicate": { "custom_model_data": 6005 }, "model": "minecraft:item/cascoelfico" },
	{ "predicate": { "custom_model_data": 6006 }, "model": "minecraft:item/obscurhelmet" },
	
	
    { "predicate": { "custom_model_data": 9001 }, "model": "minecraft:item/orejaselfo1" },
    { "predicate": { "custom_model_data": 9002 }, "model": "minecraft:item/orejaselfo2" },
    { "predicate": { "custom_model_data": 9003 }, "model": "minecraft:item/orejaselfo3" },
	{ "predicate": { "custom_model_data": 9004 }, "model": "minecraft:item/orejaselfo4" },
	
	{ "predicate": { "custom_model_data": 9005 }, "model": "minecraft:item/dientesorco1" },
	{ "predicate": { "custom_model_data": 9006 }, "model": "minecraft:item/dientesorco2" },
	{ "predicate": { "custom_model_data": 9007 }, "model": "minecraft:item/dientesorco3" },
	{ "predicate": { "custom_model_data": 9008 }, "model": "minecraft:item/dientesorco4" },
	{ "predicate": { "custom_model_data": 9009 }, "model": "minecraft:item/dientesorco5" },
	{ "predicate": { "custom_model_data": 9010 }, "model": "minecraft:item/dientesorco6" }
	
	
	
	
	
	

  ]
}
