{
	"format_version": "1.21.11",
	"credit": "Made with Blockbench",
	"texture_size": [128, 128],
	"textures": {
		"1": "item/estatuaspruce"
	},
	"elements": [
		{
			"from": [2, 2, 2],
			"to": [14, 6, 14],
			"rotation": {"angle": 0, "axis": "y", "origin": [7, 2, 7]},
			"faces": {
				"north": {"uv": [1.5, 5.5, 3, 6], "texture": "#1"},
				"east": {"uv": [0, 5.5, 1.5, 6], "texture": "#1"},
				"south": {"uv": [4.5, 5.5, 6, 6], "texture": "#1"},
				"west": {"uv": [3, 5.5, 4.5, 6], "texture": "#1"},
				"up": {"uv": [3, 5.5, 1.5, 4], "texture": "#1"},
				"down": {"uv": [4.5, 4, 3, 5.5], "texture": "#1"}
			}
		},
		{
			"from": [1, 6, 1],
			"to": [15, 8, 15],
			"rotation": {"angle": 0, "axis": "y", "origin": [7, -4, 7]},
			"faces": {
				"north": {"uv": [1.75, 1.75, 3.5, 2], "texture": "#1"},
				"east": {"uv": [0, 1.75, 1.75, 2], "texture": "#1"},
				"south": {"uv": [5.25, 1.75, 7, 2], "texture": "#1"},
				"west": {"uv": [3.5, 1.75, 5.25, 2], "texture": "#1"},
				"up": {"uv": [3.5, 1.75, 1.75, 0], "texture": "#1"},
				"down": {"uv": [5.25, 0, 3.5, 1.75], "texture": "#1"}
			}
		},
		{
			"from": [1, 0, 1],
			"to": [15, 2, 15],
			"rotation": {"angle": 0, "axis": "y", "origin": [7, -10, 7]},
			"faces": {
				"north": {"uv": [1.75, 3.75, 3.5, 4], "texture": "#1"},
				"east": {"uv": [0, 3.75, 1.75, 4], "texture": "#1"},
				"south": {"uv": [5.25, 3.75, 7, 4], "texture": "#1"},
				"west": {"uv": [3.5, 3.75, 5.25, 4], "texture": "#1"},
				"up": {"uv": [3.5, 3.75, 1.75, 2], "texture": "#1"},
				"down": {"uv": [5.25, 2, 3.5, 3.75], "texture": "#1"}
			}
		},
		{
			"from": [8, 10, 6],
			"to": [11, 14, 9],
			"rotation": {"angle": -22.5, "axis": "x", "origin": [10, 15, 8]},
			"faces": {
				"north": {"uv": [6.375, 4.375, 6.75, 4.875], "texture": "#1"},
				"east": {"uv": [6, 4.375, 6.375, 4.875], "texture": "#1"},
				"south": {"uv": [7.125, 4.375, 7.5, 4.875], "texture": "#1"},
				"west": {"uv": [6.75, 4.375, 7.125, 4.875], "texture": "#1"},
				"up": {"uv": [6.75, 4.375, 6.375, 4], "texture": "#1"},
				"down": {"uv": [7.125, 4, 6.75, 4.375], "texture": "#1"}
			}
		},
		{
			"from": [8, 9.06566, 8.61524],
			"to": [11, 12.06566, 14.61524],
			"rotation": {"angle": 22.5, "axis": "x", "origin": [10, 11, 10]},
			"faces": {
				"north": {"uv": [6.625, 4.625, 7, 5], "texture": "#1"},
				"east": {"uv": [5.875, 4.625, 6.625, 5], "texture": "#1"},
				"south": {"uv": [7.75, 4.625, 8.125, 5], "texture": "#1"},
				"west": {"uv": [7, 4.625, 7.75, 5], "texture": "#1"},
				"up": {"uv": [7, 4.625, 6.625, 3.875], "texture": "#1"},
				"down": {"uv": [7.375, 3.875, 7, 4.625], "texture": "#1"}
			}
		},
		{
			"from": [12.2961, 12.54328, 5],
			"to": [15.2961, 16.54328, 8],
			"rotation": {"angle": 22.5, "axis": "x", "origin": [9, 15, 13]},
			"faces": {
				"north": {"uv": [5.125, 6.375, 5.5, 6.875], "texture": "#1"},
				"east": {"uv": [4.75, 6.375, 5.125, 6.875], "texture": "#1"},
				"south": {"uv": [5.875, 6.375, 6.25, 6.875], "texture": "#1"},
				"west": {"uv": [5.5, 6.375, 5.875, 6.875], "texture": "#1"},
				"up": {"uv": [5.5, 6.375, 5.125, 6], "texture": "#1"},
				"down": {"uv": [5.875, 6, 5.5, 6.375], "texture": "#1"}
			}
		},
		{
			"from": [11, 17, 6],
			"to": [14, 22, 9],
			"rotation": {"angle": 22.5, "axis": "z", "origin": [10, 21, 10]},
			"faces": {
				"north": {"uv": [5.125, 6.375, 5.5, 7], "texture": "#1"},
				"east": {"uv": [4.75, 6.375, 5.125, 7], "texture": "#1"},
				"south": {"uv": [5.875, 6.375, 6.25, 7], "texture": "#1"},
				"west": {"uv": [5.5, 6.375, 5.875, 7], "texture": "#1"},
				"up": {"uv": [5.5, 6.375, 5.125, 6], "texture": "#1"},
				"down": {"uv": [5.875, 6, 5.5, 6.375], "texture": "#1"}
			}
		},
		{
			"from": [2, 17, 6],
			"to": [5, 22, 9],
			"rotation": {"angle": -45, "axis": "x", "origin": [5, 21, 8]},
			"faces": {
				"north": {"uv": [6.625, 5.875, 7, 6.5], "texture": "#1"},
				"east": {"uv": [6.25, 5.875, 6.625, 6.5], "texture": "#1"},
				"south": {"uv": [7.375, 5.875, 7.75, 6.5], "texture": "#1"},
				"west": {"uv": [7, 5.875, 7.375, 6.5], "texture": "#1"},
				"up": {"uv": [7, 5.875, 6.625, 5.5], "texture": "#1"},
				"down": {"uv": [7.375, 5.5, 7, 5.875], "texture": "#1"}
			}
		},
		{
			"from": [2, 14.65685, 9],
			"to": [5, 18.65685, 12],
			"rotation": {"angle": -22.5, "axis": "x", "origin": [5, 17, 11]},
			"faces": {
				"north": {"uv": [6.625, 5.875, 7, 6.375], "texture": "#1"},
				"east": {"uv": [6.25, 5.875, 6.625, 6.375], "texture": "#1"},
				"south": {"uv": [7.375, 5.875, 7.75, 6.375], "texture": "#1"},
				"west": {"uv": [7, 5.875, 7.375, 6.375], "texture": "#1"},
				"up": {"uv": [7, 5.875, 6.625, 5.5], "texture": "#1"},
				"down": {"uv": [7.375, 5.5, 7, 5.875], "texture": "#1"}
			}
		},
		{
			"from": [5, 14, 6],
			"to": [11, 19.5, 9],
			"rotation": {"angle": 22.5, "axis": "x", "origin": [8, 14, 6]},
			"faces": {
				"north": {"uv": [0.375, 6.375, 1.125, 7], "texture": "#1"},
				"east": {"uv": [0, 6.375, 0.375, 7], "texture": "#1"},
				"south": {"uv": [1.5, 6.375, 2.25, 7], "texture": "#1"},
				"west": {"uv": [1.125, 6.375, 1.5, 7], "texture": "#1"},
				"up": {"uv": [1.125, 6.375, 0.375, 6], "texture": "#1"},
				"down": {"uv": [1.875, 6, 1.125, 6.375], "texture": "#1"}
			}
		},
		{
			"from": [5, 17.15643, 7.7591],
			"to": [11, 23.15643, 10.7591],
			"rotation": {"angle": -22.5, "axis": "x", "origin": [8, 18, 9]},
			"faces": {
				"north": {"uv": [0.375, 6.375, 1.125, 7.125], "texture": "#1"},
				"east": {"uv": [0, 6.375, 0.375, 7.125], "texture": "#1"},
				"south": {"uv": [1.5, 6.375, 2.25, 7.125], "texture": "#1"},
				"west": {"uv": [1.125, 6.375, 1.5, 7.125], "texture": "#1"},
				"up": {"uv": [1.125, 6.375, 0.375, 6], "texture": "#1"},
				"down": {"uv": [1.875, 6, 1.125, 6.375], "texture": "#1"}
			}
		},
		{
			"from": [5.5, 22.76537, 5.15224],
			"to": [10.5, 27.76537, 10.15224],
			"rotation": {"angle": -22.5, "axis": "x", "origin": [8, 22, 8]},
			"faces": {
				"north": {"uv": [2.875, 6.625, 3.5, 7.25], "texture": "#1"},
				"east": {"uv": [2.25, 6.625, 2.875, 7.25], "texture": "#1"},
				"south": {"uv": [4.125, 6.625, 4.75, 7.25], "texture": "#1"},
				"west": {"uv": [3.5, 6.625, 4.125, 7.25], "texture": "#1"},
				"up": {"uv": [3.5, 6.625, 2.875, 6], "texture": "#1"},
				"down": {"uv": [4.125, 6, 3.5, 6.625], "texture": "#1"}
			}
		},
		{
			"from": [5, 11, 2],
			"to": [8, 14, 8],
			"rotation": {"angle": -22.5, "axis": "x", "origin": [6, 13, 7]},
			"faces": {
				"north": {"uv": [7.625, 0.625, 8, 1], "texture": "#1"},
				"east": {"uv": [6.875, 0.625, 7.625, 1], "texture": "#1"},
				"south": {"uv": [8.75, 0.625, 9.125, 1], "texture": "#1"},
				"west": {"uv": [8, 0.625, 8.75, 1], "texture": "#1"},
				"up": {"uv": [8, 0.625, 7.625, -0.125], "texture": "#1"},
				"down": {"uv": [8.375, -0.125, 8, 0.625], "texture": "#1"}
			}
		},
		{
			"from": [5, 7.53553, 2.29289],
			"to": [8, 11.53553, 5.29289],
			"rotation": {"angle": 0, "axis": "x", "origin": [6, 10, 4]},
			"faces": {
				"north": {"uv": [7.375, 0.375, 7.75, 0.875], "texture": "#1"},
				"east": {"uv": [7, 0.375, 7.375, 0.875], "texture": "#1"},
				"south": {"uv": [8.125, 0.375, 8.5, 0.875], "texture": "#1"},
				"west": {"uv": [7.75, 0.375, 8.125, 0.875], "texture": "#1"},
				"up": {"uv": [7.75, 0.375, 7.375, 0], "texture": "#1"},
				"down": {"uv": [8.125, 0, 7.75, 0.375], "texture": "#1"}
			}
		},
		{
			"from": [3, 10.72878, 8.38896],
			"to": [4, 14.72878, 9.38896],
			"rotation": {"angle": 22.5, "axis": "x", "origin": [4, 17, 13]},
			"faces": {
				"north": {"uv": [6.625, 5.875, 6.75, 6.375], "texture": "#1"},
				"east": {"uv": [6.5, 5.875, 6.625, 6.375], "texture": "#1"},
				"south": {"uv": [6.875, 5.875, 7, 6.375], "texture": "#1"},
				"west": {"uv": [6.75, 5.875, 6.875, 6.375], "texture": "#1"},
				"up": {"uv": [6.75, 5.875, 6.625, 5.75], "texture": "#1"},
				"down": {"uv": [6.875, 5.75, 6.75, 5.875], "texture": "#1"}
			}
		},
		{
			"from": [3, 11.72878, 9.38896],
			"to": [4, 13.72878, 12.38896],
			"rotation": {"angle": 22.5, "axis": "x", "origin": [4, 17, 13]},
			"faces": {
				"north": {"uv": [6.625, 5.875, 6.75, 6.125], "texture": "#1"},
				"east": {"uv": [6.25, 5.875, 6.625, 6.125], "texture": "#1"},
				"south": {"uv": [7.125, 5.875, 7.25, 6.125], "texture": "#1"},
				"west": {"uv": [6.75, 5.875, 7.125, 6.125], "texture": "#1"},
				"up": {"uv": [6.75, 5.875, 6.625, 5.5], "texture": "#1"},
				"down": {"uv": [6.875, 5.5, 6.75, 5.875], "texture": "#1"}
			}
		},
		{
			"from": [3, 13.72878, 9.38896],
			"to": [4, 15.72878, 10.38896],
			"rotation": {"angle": 22.5, "axis": "x", "origin": [4, 17, 13]},
			"faces": {
				"north": {"uv": [6.625, 5.875, 6.75, 6.125], "texture": "#1"},
				"east": {"uv": [6.5, 5.875, 6.625, 6.125], "texture": "#1"},
				"south": {"uv": [6.875, 5.875, 7, 6.125], "texture": "#1"},
				"west": {"uv": [6.75, 5.875, 6.875, 6.125], "texture": "#1"},
				"up": {"uv": [6.75, 5.875, 6.625, 5.75], "texture": "#1"},
				"down": {"uv": [6.875, 5.75, 6.75, 5.875], "texture": "#1"}
			}
		},
		{
			"from": [3, 15.72878, 12.38896],
			"to": [4, 17.72878, 14.38896],
			"rotation": {"angle": 22.5, "axis": "x", "origin": [4, 17, 13]},
			"faces": {
				"north": {"uv": [6.625, 5.875, 6.75, 6.125], "texture": "#1"},
				"east": {"uv": [6.375, 5.875, 6.625, 6.125], "texture": "#1"},
				"south": {"uv": [7, 5.875, 7.125, 6.125], "texture": "#1"},
				"west": {"uv": [6.75, 5.875, 7, 6.125], "texture": "#1"},
				"up": {"uv": [6.75, 5.875, 6.625, 5.625], "texture": "#1"},
				"down": {"uv": [6.875, 5.625, 6.75, 5.875], "texture": "#1"}
			}
		},
		{
			"from": [3, 14.72878, 8.38896],
			"to": [4, 16.72878, 9.38896],
			"rotation": {"angle": 22.5, "axis": "x", "origin": [4, 17, 13]},
			"faces": {
				"north": {"uv": [6.625, 5.875, 6.75, 6.125], "texture": "#1"},
				"east": {"uv": [6.5, 5.875, 6.625, 6.125], "texture": "#1"},
				"south": {"uv": [6.875, 5.875, 7, 6.125], "texture": "#1"},
				"west": {"uv": [6.75, 5.875, 6.875, 6.125], "texture": "#1"},
				"up": {"uv": [6.75, 5.875, 6.625, 5.75], "texture": "#1"},
				"down": {"uv": [6.875, 5.75, 6.75, 5.875], "texture": "#1"}
			}
		},
		{
			"from": [3, 14.72878, 7.38896],
			"to": [4, 15.72878, 8.38896],
			"rotation": {"angle": 22.5, "axis": "x", "origin": [4, 17, 13]},
			"faces": {
				"north": {"uv": [6.625, 5.875, 6.75, 6], "texture": "#1"},
				"east": {"uv": [6.5, 5.875, 6.625, 6], "texture": "#1"},
				"south": {"uv": [6.875, 5.875, 7, 6], "texture": "#1"},
				"west": {"uv": [6.75, 5.875, 6.875, 6], "texture": "#1"},
				"up": {"uv": [6.75, 5.875, 6.625, 5.75], "texture": "#1"},
				"down": {"uv": [6.875, 5.75, 6.75, 5.875], "texture": "#1"}
			}
		},
		{
			"from": [3, 10.72878, 10.38896],
			"to": [4, 11.72878, 13.38896],
			"rotation": {"angle": 22.5, "axis": "x", "origin": [4, 17, 13]},
			"faces": {
				"north": {"uv": [6.625, 5.875, 6.75, 6], "texture": "#1"},
				"east": {"uv": [6.25, 5.875, 6.625, 6], "texture": "#1"},
				"south": {"uv": [7.125, 5.875, 7.25, 6], "texture": "#1"},
				"west": {"uv": [6.75, 5.875, 7.125, 6], "texture": "#1"},
				"up": {"uv": [6.75, 5.875, 6.625, 5.5], "texture": "#1"},
				"down": {"uv": [6.875, 5.5, 6.75, 5.875], "texture": "#1"}
			}
		},
		{
			"from": [3, 9.72878, 7.38896],
			"to": [4, 13.72878, 8.38896],
			"rotation": {"angle": 22.5, "axis": "x", "origin": [4, 17, 13]},
			"faces": {
				"north": {"uv": [6.625, 5.875, 6.75, 6.375], "texture": "#1"},
				"east": {"uv": [6.5, 5.875, 6.625, 6.375], "texture": "#1"},
				"south": {"uv": [6.875, 5.875, 7, 6.375], "texture": "#1"},
				"west": {"uv": [6.75, 5.875, 6.875, 6.375], "texture": "#1"},
				"up": {"uv": [6.75, 5.875, 6.625, 5.75], "texture": "#1"},
				"down": {"uv": [6.875, 5.75, 6.75, 5.875], "texture": "#1"}
			}
		},
		{
			"from": [3, 8.72878, 6.38896],
			"to": [4, 12.72878, 7.38896],
			"rotation": {"angle": 22.5, "axis": "x", "origin": [4, 17, 13]},
			"faces": {
				"north": {"uv": [6.625, 5.875, 6.75, 6.375], "texture": "#1"},
				"east": {"uv": [6.5, 5.875, 6.625, 6.375], "texture": "#1"},
				"south": {"uv": [6.875, 5.875, 7, 6.375], "texture": "#1"},
				"west": {"uv": [6.75, 5.875, 6.875, 6.375], "texture": "#1"},
				"up": {"uv": [6.75, 5.875, 6.625, 5.75], "texture": "#1"},
				"down": {"uv": [6.875, 5.75, 6.75, 5.875], "texture": "#1"}
			}
		},
		{
			"from": [3, 7.72878, 5.38896],
			"to": [4, 11.72878, 6.38896],
			"rotation": {"angle": 22.5, "axis": "x", "origin": [4, 17, 13]},
			"faces": {
				"north": {"uv": [6.625, 5.875, 6.75, 6.375], "texture": "#1"},
				"east": {"uv": [6.5, 5.875, 6.625, 6.375], "texture": "#1"},
				"south": {"uv": [6.875, 5.875, 7, 6.375], "texture": "#1"},
				"west": {"uv": [6.75, 5.875, 6.875, 6.375], "texture": "#1"},
				"up": {"uv": [6.75, 5.875, 6.625, 5.75], "texture": "#1"},
				"down": {"uv": [6.875, 5.75, 6.75, 5.875], "texture": "#1"}
			}
		},
		{
			"from": [3, 6.72878, 4.38896],
			"to": [4, 10.72878, 5.38896],
			"rotation": {"angle": 22.5, "axis": "x", "origin": [4, 17, 13]},
			"faces": {
				"north": {"uv": [6.625, 5.875, 6.75, 6.375], "texture": "#1"},
				"east": {"uv": [6.5, 5.875, 6.625, 6.375], "texture": "#1"},
				"south": {"uv": [6.875, 5.875, 7, 6.375], "texture": "#1"},
				"west": {"uv": [6.75, 5.875, 6.875, 6.375], "texture": "#1"},
				"up": {"uv": [6.75, 5.875, 6.625, 5.75], "texture": "#1"},
				"down": {"uv": [6.875, 5.75, 6.75, 5.875], "texture": "#1"}
			}
		},
		{
			"from": [3, 5.72878, 3.38896],
			"to": [4, 9.72878, 4.38896],
			"rotation": {"angle": 22.5, "axis": "x", "origin": [4, 17, 13]},
			"faces": {
				"north": {"uv": [6.625, 5.875, 6.75, 6.375], "texture": "#1"},
				"east": {"uv": [6.5, 5.875, 6.625, 6.375], "texture": "#1"},
				"south": {"uv": [6.875, 5.875, 7, 6.375], "texture": "#1"},
				"west": {"uv": [6.75, 5.875, 6.875, 6.375], "texture": "#1"},
				"up": {"uv": [6.75, 5.875, 6.625, 5.75], "texture": "#1"},
				"down": {"uv": [6.875, 5.75, 6.75, 5.875], "texture": "#1"}
			}
		},
		{
			"from": [3, 5.72878, 2.38896],
			"to": [4, 8.72878, 3.38896],
			"rotation": {"angle": 22.5, "axis": "x", "origin": [4, 17, 13]},
			"faces": {
				"north": {"uv": [6.625, 5.875, 6.75, 6.25], "texture": "#1"},
				"east": {"uv": [6.5, 5.875, 6.625, 6.25], "texture": "#1"},
				"south": {"uv": [6.875, 5.875, 7, 6.25], "texture": "#1"},
				"west": {"uv": [6.75, 5.875, 6.875, 6.25], "texture": "#1"},
				"up": {"uv": [6.75, 5.875, 6.625, 5.75], "texture": "#1"},
				"down": {"uv": [6.875, 5.75, 6.75, 5.875], "texture": "#1"}
			}
		},
		{
			"from": [13, 18.27122, 4.38896],
			"to": [14, 22.27122, 5.38896],
			"rotation": {"angle": -22.5, "axis": "x", "origin": [13, 16, 9]},
			"faces": {
				"north": {"uv": [6.625, 5.875, 6.75, 6.375], "texture": "#1"},
				"east": {"uv": [6.5, 5.875, 6.625, 6.375], "texture": "#1"},
				"south": {"uv": [6.875, 5.875, 7, 6.375], "texture": "#1"},
				"west": {"uv": [6.75, 5.875, 6.875, 6.375], "texture": "#1"},
				"up": {"uv": [6.75, 5.875, 6.625, 5.75], "texture": "#1"},
				"down": {"uv": [6.875, 5.75, 6.75, 5.875], "texture": "#1"}
			}
		},
		{
			"from": [13, 19.27122, 5.38896],
			"to": [14, 21.27122, 8.38896],
			"rotation": {"angle": -22.5, "axis": "x", "origin": [13, 16, 9]},
			"faces": {
				"north": {"uv": [6.625, 5.875, 6.75, 6.125], "texture": "#1"},
				"east": {"uv": [6.25, 5.875, 6.625, 6.125], "texture": "#1"},
				"south": {"uv": [7.125, 5.875, 7.25, 6.125], "texture": "#1"},
				"west": {"uv": [6.75, 5.875, 7.125, 6.125], "texture": "#1"},
				"up": {"uv": [6.75, 5.875, 6.625, 5.5], "texture": "#1"},
				"down": {"uv": [6.875, 5.5, 6.75, 5.875], "texture": "#1"}
			}
		},
		{
			"from": [13, 17.27122, 5.38896],
			"to": [14, 19.27122, 6.38896],
			"rotation": {"angle": -22.5, "axis": "x", "origin": [13, 16, 9]},
			"faces": {
				"north": {"uv": [6.625, 5.875, 6.75, 6.125], "texture": "#1"},
				"east": {"uv": [6.5, 5.875, 6.625, 6.125], "texture": "#1"},
				"south": {"uv": [6.875, 5.875, 7, 6.125], "texture": "#1"},
				"west": {"uv": [6.75, 5.875, 6.875, 6.125], "texture": "#1"},
				"up": {"uv": [6.75, 5.875, 6.625, 5.75], "texture": "#1"},
				"down": {"uv": [6.875, 5.75, 6.75, 5.875], "texture": "#1"}
			}
		},
		{
			"from": [13, 15.27122, 8.38896],
			"to": [14, 17.27122, 10.38896],
			"rotation": {"angle": -22.5, "axis": "x", "origin": [13, 16, 9]},
			"faces": {
				"north": {"uv": [6.625, 5.875, 6.75, 6.125], "texture": "#1"},
				"east": {"uv": [6.375, 5.875, 6.625, 6.125], "texture": "#1"},
				"south": {"uv": [7, 5.875, 7.125, 6.125], "texture": "#1"},
				"west": {"uv": [6.75, 5.875, 7, 6.125], "texture": "#1"},
				"up": {"uv": [6.75, 5.875, 6.625, 5.625], "texture": "#1"},
				"down": {"uv": [6.875, 5.625, 6.75, 5.875], "texture": "#1"}
			}
		},
		{
			"from": [13, 16.27122, 4.38896],
			"to": [14, 18.27122, 5.38896],
			"rotation": {"angle": -22.5, "axis": "x", "origin": [13, 16, 9]},
			"faces": {
				"north": {"uv": [6.625, 5.875, 6.75, 6.125], "texture": "#1"},
				"east": {"uv": [6.5, 5.875, 6.625, 6.125], "texture": "#1"},
				"south": {"uv": [6.875, 5.875, 7, 6.125], "texture": "#1"},
				"west": {"uv": [6.75, 5.875, 6.875, 6.125], "texture": "#1"},
				"up": {"uv": [6.75, 5.875, 6.625, 5.75], "texture": "#1"},
				"down": {"uv": [6.875, 5.75, 6.75, 5.875], "texture": "#1"}
			}
		},
		{
			"from": [13, 17.27122, 3.38896],
			"to": [14, 18.27122, 4.38896],
			"rotation": {"angle": -22.5, "axis": "x", "origin": [13, 16, 9]},
			"faces": {
				"north": {"uv": [6.625, 5.875, 6.75, 6], "texture": "#1"},
				"east": {"uv": [6.5, 5.875, 6.625, 6], "texture": "#1"},
				"south": {"uv": [6.875, 5.875, 7, 6], "texture": "#1"},
				"west": {"uv": [6.75, 5.875, 6.875, 6], "texture": "#1"},
				"up": {"uv": [6.75, 5.875, 6.625, 5.75], "texture": "#1"},
				"down": {"uv": [6.875, 5.75, 6.75, 5.875], "texture": "#1"}
			}
		},
		{
			"from": [13, 21.27122, 6.38896],
			"to": [14, 22.27122, 9.38896],
			"rotation": {"angle": -22.5, "axis": "x", "origin": [13, 16, 9]},
			"faces": {
				"north": {"uv": [6.625, 5.875, 6.75, 6], "texture": "#1"},
				"east": {"uv": [6.25, 5.875, 6.625, 6], "texture": "#1"},
				"south": {"uv": [7.125, 5.875, 7.25, 6], "texture": "#1"},
				"west": {"uv": [6.75, 5.875, 7.125, 6], "texture": "#1"},
				"up": {"uv": [6.75, 5.875, 6.625, 5.5], "texture": "#1"},
				"down": {"uv": [6.875, 5.5, 6.75, 5.875], "texture": "#1"}
			}
		},
		{
			"from": [13, 19.27122, 3.38896],
			"to": [14, 23.27122, 4.38896],
			"rotation": {"angle": -22.5, "axis": "x", "origin": [13, 16, 9]},
			"faces": {
				"north": {"uv": [6.625, 5.875, 6.75, 6.375], "texture": "#1"},
				"east": {"uv": [6.5, 5.875, 6.625, 6.375], "texture": "#1"},
				"south": {"uv": [6.875, 5.875, 7, 6.375], "texture": "#1"},
				"west": {"uv": [6.75, 5.875, 6.875, 6.375], "texture": "#1"},
				"up": {"uv": [6.75, 5.875, 6.625, 5.75], "texture": "#1"},
				"down": {"uv": [6.875, 5.75, 6.75, 5.875], "texture": "#1"}
			}
		},
		{
			"from": [13, 20.27122, 2.38896],
			"to": [14, 24.27122, 3.38896],
			"rotation": {"angle": -22.5, "axis": "x", "origin": [13, 16, 9]},
			"faces": {
				"north": {"uv": [6.625, 5.875, 6.75, 6.375], "texture": "#1"},
				"east": {"uv": [6.5, 5.875, 6.625, 6.375], "texture": "#1"},
				"south": {"uv": [6.875, 5.875, 7, 6.375], "texture": "#1"},
				"west": {"uv": [6.75, 5.875, 6.875, 6.375], "texture": "#1"},
				"up": {"uv": [6.75, 5.875, 6.625, 5.75], "texture": "#1"},
				"down": {"uv": [6.875, 5.75, 6.75, 5.875], "texture": "#1"}
			}
		},
		{
			"from": [13, 21.27122, 1.38896],
			"to": [14, 25.27122, 2.38896],
			"rotation": {"angle": -22.5, "axis": "x", "origin": [13, 16, 9]},
			"faces": {
				"north": {"uv": [6.625, 5.875, 6.75, 6.375], "texture": "#1"},
				"east": {"uv": [6.5, 5.875, 6.625, 6.375], "texture": "#1"},
				"south": {"uv": [6.875, 5.875, 7, 6.375], "texture": "#1"},
				"west": {"uv": [6.75, 5.875, 6.875, 6.375], "texture": "#1"},
				"up": {"uv": [6.75, 5.875, 6.625, 5.75], "texture": "#1"},
				"down": {"uv": [6.875, 5.75, 6.75, 5.875], "texture": "#1"}
			}
		},
		{
			"from": [13, 22.27122, 0.38896],
			"to": [14, 26.27122, 1.38896],
			"rotation": {"angle": -22.5, "axis": "x", "origin": [13, 16, 9]},
			"faces": {
				"north": {"uv": [6.625, 5.875, 6.75, 6.375], "texture": "#1"},
				"east": {"uv": [6.5, 5.875, 6.625, 6.375], "texture": "#1"},
				"south": {"uv": [6.875, 5.875, 7, 6.375], "texture": "#1"},
				"west": {"uv": [6.75, 5.875, 6.875, 6.375], "texture": "#1"},
				"up": {"uv": [6.75, 5.875, 6.625, 5.75], "texture": "#1"},
				"down": {"uv": [6.875, 5.75, 6.75, 5.875], "texture": "#1"}
			}
		},
		{
			"from": [13, 23.27122, -0.61104],
			"to": [14, 27.27122, 0.38896],
			"rotation": {"angle": -22.5, "axis": "x", "origin": [13, 16, 9]},
			"faces": {
				"north": {"uv": [6.625, 5.875, 6.75, 6.375], "texture": "#1"},
				"east": {"uv": [6.5, 5.875, 6.625, 6.375], "texture": "#1"},
				"south": {"uv": [6.875, 5.875, 7, 6.375], "texture": "#1"},
				"west": {"uv": [6.75, 5.875, 6.875, 6.375], "texture": "#1"},
				"up": {"uv": [6.75, 5.875, 6.625, 5.75], "texture": "#1"},
				"down": {"uv": [6.875, 5.75, 6.75, 5.875], "texture": "#1"}
			}
		},
		{
			"from": [13, 24.27122, -1.61104],
			"to": [14, 27.27122, -0.61104],
			"rotation": {"angle": -22.5, "axis": "x", "origin": [13, 16, 9]},
			"faces": {
				"north": {"uv": [6.625, 5.875, 6.75, 6.25], "texture": "#1"},
				"east": {"uv": [6.5, 5.875, 6.625, 6.25], "texture": "#1"},
				"south": {"uv": [6.875, 5.875, 7, 6.25], "texture": "#1"},
				"west": {"uv": [6.75, 5.875, 6.875, 6.25], "texture": "#1"},
				"up": {"uv": [6.75, 5.875, 6.625, 5.75], "texture": "#1"},
				"down": {"uv": [6.875, 5.75, 6.75, 5.875], "texture": "#1"}
			}
		}
	],
	"display": {
		"thirdperson_righthand": {
			"translation": [0, 3, 0],
			"scale": [0.37, 0.37, 0.37]
		},
		"thirdperson_lefthand": {
			"translation": [0, 2.5, 0],
			"scale": [0.35, 0.34, 0.34]
		},
		"firstperson_righthand": {
			"rotation": [-2.5, 0, 0],
			"translation": [-1, 4, 3.5],
			"scale": [0.27, 0.27, 0.27]
		},
		"firstperson_lefthand": {
			"rotation": [-3.25, 0, 0],
			"translation": [-3.5, 5, 6.5],
			"scale": [0.17, 0.17, 0.17]
		},
		"ground": {
			"translation": [0, 5.5, 0]
		},
		"gui": {
			"rotation": [-145, 44, 168],
			"translation": [0.75, -2, 0],
			"scale": [0.53, 0.51, 0.51]
		},
		"head": {
			"translation": [0, 6.5, 0]
		},
		"fixed": {
			"rotation": [-89.7, -0.28, 1.5],
			"translation": [0.5, 0, -2.75],
			"scale": [0.6, 0.6, 0.6]
		}
	},
	"groups": [
		{
			"name": "group",
			"origin": [7, 4, 7],
			"color": 0,
			"children": [0, 1, 2, 3, 4, 5, 6, 7, 8, 9, 10, 11, 12, 13]
		},
		{
			"name": "group",
			"origin": [4, 9, 2],
			"color": 0,
			"children": [14, 15, 16, 17, 18, 19, 20, 21, 22, 23, 24, 25, 26]
		},
		{
			"name": "group",
			"origin": [4, 9, 2],
			"color": 0,
			"children": [27, 28, 29, 30, 31, 32, 33, 34, 35, 36, 37, 38, 39]
		}
	]
}