{
	"format_version": "1.21.11",
	"credit": "Made with Blockbench",
	"texture_size": [32, 32],
	"textures": {
		"0": "item/planks_spruce",
		"particle": "item/planks_spruce"
	},
	"elements": [
		{
			"from": [12, -1.3, 1],
			"to": [22, -0.3, 15],
			"rotation": {"angle": 45, "axis": "z", "origin": [0, -1, 0]},
			"faces": {
				"north": {"uv": [0, 0, 16, 1], "texture": "#0"},
				"east": {"uv": [0, 0, 14, 1], "texture": "#0"},
				"south": {"uv": [0, 0, 16, 1], "texture": "#0"},
				"west": {"uv": [0, 0, 14, 1], "texture": "#0"},
				"up": {"uv": [0, 0, 16, 14], "texture": "#0"},
				"down": {"uv": [0, 0, 16, 14], "texture": "#0"}
			}
		},
		{
			"from": [1.7, -1.3, 1],
			"to": [11, -0.3, 15],
			"rotation": {"angle": 45, "axis": "z", "origin": [0, -1, 0]},
			"faces": {
				"north": {"uv": [0, 0, 16, 1], "texture": "#0"},
				"east": {"uv": [0, 0, 14, 1], "texture": "#0"},
				"south": {"uv": [0, 0, 16, 1], "texture": "#0"},
				"west": {"uv": [0, 0, 14, 1], "texture": "#0"},
				"up": {"uv": [0, 0, 16, 14], "texture": "#0"},
				"down": {"uv": [0, 0, 16, 14], "texture": "#0"}
			}
		},
		{
			"from": [0, 0, 0],
			"to": [16, 0.2, 16],
			"rotation": {"angle": 0, "axis": "z", "origin": [1, 0, 0]},
			"faces": {
				"north": {"uv": [0, 0, 16, 1], "texture": "#0"},
				"east": {"uv": [0, 0, 14, 1], "texture": "#0"},
				"south": {"uv": [0, 0, 16, 1], "texture": "#0"},
				"west": {"uv": [0, 0, 14, 1], "texture": "#0"},
				"up": {"uv": [0, 0, 16, 14], "texture": "#0"},
				"down": {"uv": [0, 0, 16, 14], "texture": "#0"}
			}
		},
		{
			"from": [0, 14.8, 0],
			"to": [16, 15.8, 16],
			"rotation": {"angle": 0, "axis": "z", "origin": [1, 14, 0]},
			"faces": {
				"north": {"uv": [0, 0, 16, 1], "texture": "#0"},
				"east": {"uv": [0, 0, 14, 1], "texture": "#0"},
				"south": {"uv": [0, 0, 16, 1], "texture": "#0"},
				"west": {"uv": [0, 0, 14, 1], "texture": "#0"},
				"up": {"uv": [0, 0, 16, 14], "texture": "#0"},
				"down": {"uv": [0, 0, 16, 14], "texture": "#0"}
			}
		},
		{
			"from": [0, 0.2, 0],
			"to": [0.2, 14.8, 16],
			"rotation": {"angle": 0, "axis": "z", "origin": [1, 1, 0]},
			"faces": {
				"north": {"uv": [0, 0, 16, 1], "rotation": 90, "texture": "#0"},
				"east": {"uv": [0, 0, 16, 14], "rotation": 270, "texture": "#0"},
				"south": {"uv": [0, 0, 16, 1], "rotation": 270, "texture": "#0"},
				"west": {"uv": [0, 0, 16, 14], "rotation": 270, "texture": "#0"},
				"up": {"uv": [0, 0, 14, 1], "rotation": 270, "texture": "#0"},
				"down": {"uv": [0, 0, 14, 1], "rotation": 270, "texture": "#0"}
			}
		},
		{
			"from": [15.8, 0.2, 0],
			"to": [16, 14.8, 16],
			"rotation": {"angle": 0, "axis": "z", "origin": [16, 1, 0]},
			"faces": {
				"north": {"uv": [0, 0, 16, 1], "rotation": 90, "texture": "#0"},
				"east": {"uv": [0, 0, 16, 14], "rotation": 270, "texture": "#0"},
				"south": {"uv": [0, 0, 16, 1], "rotation": 270, "texture": "#0"},
				"west": {"uv": [0, 0, 16, 14], "rotation": 270, "texture": "#0"},
				"up": {"uv": [0, 0, 14, 1], "rotation": 270, "texture": "#0"},
				"down": {"uv": [0, 0, 14, 1], "rotation": 270, "texture": "#0"}
			}
		},
		{
			"from": [15, 1, 1],
			"to": [16, 21.2, 15],
			"rotation": {"angle": 45, "axis": "z", "origin": [16, 0, 0]},
			"faces": {
				"north": {"uv": [0, 0, 16, 1], "rotation": 90, "texture": "#0"},
				"east": {"uv": [0, 0, 16, 14], "rotation": 270, "texture": "#0"},
				"south": {"uv": [0, 0, 16, 1], "rotation": 270, "texture": "#0"},
				"west": {"uv": [0, 0, 16, 14], "rotation": 270, "texture": "#0"},
				"up": {"uv": [0, 0, 14, 1], "rotation": 270, "texture": "#0"},
				"down": {"uv": [0, 0, 14, 1], "rotation": 270, "texture": "#0"}
			}
		}
	],
	"display": {
		"thirdperson_righthand": {
			"rotation": [-8, 0, 0],
			"scale": [0.3, 0.3, 0.3]
		},
		"thirdperson_lefthand": {
			"scale": [0.34, 0.34, 0.34]
		},
		"firstperson_righthand": {
			"scale": [0.34, 0.34, 0.34]
		},
		"firstperson_lefthand": {
			"scale": [0.33, 0.33, 0.33]
		},
		"ground": {
			"translation": [0, 2, 0],
			"scale": [0.49, 0.49, 0.49]
		},
		"gui": {
			"rotation": [20, -28, 0],
			"scale": [0.66, 0.66, 0.66]
		},
		"fixed": {
			"translation": [0, 0, -15],
			"scale": [1.9, 1.9, 1.9]
		}
	},
	"groups": [
		{
			"name": "estructura",
			"origin": [16, 1, 0],
			"color": 0,
			"children": [0, 1, 2, 3, 4, 5, 6]
		},
		{
			"name": "pergamino",
			"origin": [5, 0, 12],
			"color": 0,
			"children": []
		}
	]
}