{
	"texture_size": [64, 64],
	"textures": {
		"1": "item/obscurarmor"
	},
	"elements": [
		{
			"name": "Helmet",
			"from": [3, 17, 3],
			"to": [13, 27, 13],
			"rotation": {"angle": 0, "axis": "y", "origin": [8, -5, 8]},
			"faces": {
				"north": {"uv": [2, 2, 4, 4], "texture": "#1"},
				"east": {"uv": [0, 2, 2, 4], "texture": "#1"},
				"south": {"uv": [6, 2, 8, 4], "texture": "#1"},
				"west": {"uv": [4, 2, 6, 4], "texture": "#1"},
				"up": {"uv": [4, 2, 2, 0], "texture": "#1"},
				"down": {"uv": [6, 0, 4, 2], "texture": "#1"}
			}
		},
		{
			"name": "Hat Layer",
			"from": [2.5, 16, 2.5],
			"to": [13.5, 27, 13.5],
			"rotation": {"angle": 0, "axis": "y", "origin": [8, -5, 8]},
			"faces": {
				"north": {"uv": [2, 6, 4, 8], "texture": "#1"},
				"east": {"uv": [0, 6, 2, 8], "texture": "#1"},
				"south": {"uv": [6, 6, 8, 8], "texture": "#1"},
				"west": {"uv": [4, 6, 6, 8], "texture": "#1"},
				"up": {"uv": [4, 6, 2, 4], "texture": "#1"},
				"down": {"uv": [6, 4, 4, 6], "texture": "#1"}
			}
		},
		{
			"from": [6, 24, 0],
			"to": [12, 25, 4],
			"rotation": {"x": -53.99479, "y": -18.74724, "z": 23.85865, "origin": [10, 23, 3]},
			"faces": {
				"north": {"uv": [1, 9, 2.5, 9.25], "texture": "#1"},
				"east": {"uv": [0, 9, 1, 9.25], "texture": "#1"},
				"south": {"uv": [3.5, 9, 5, 9.25], "texture": "#1"},
				"west": {"uv": [2.5, 9, 3.5, 9.25], "texture": "#1"},
				"up": {"uv": [2.5, 9, 1, 8], "texture": "#1"},
				"down": {"uv": [4, 8, 2.5, 9], "texture": "#1"}
			}
		},
		{
			"from": [4, 24, 0],
			"to": [10, 25, 4],
			"rotation": {"x": -53.99479, "y": 18.74724, "z": -23.85865, "origin": [6, 23, 3]},
			"faces": {
				"north": {"uv": [2.5, 9, 1, 9.25], "texture": "#1"},
				"east": {"uv": [3.5, 9, 2.5, 9.25], "texture": "#1"},
				"south": {"uv": [5, 9, 3.5, 9.25], "texture": "#1"},
				"west": {"uv": [1, 9, 0, 9.25], "texture": "#1"},
				"up": {"uv": [1, 9, 2.5, 8], "texture": "#1"},
				"down": {"uv": [2.5, 8, 4, 9], "texture": "#1"}
			}
		},
		{
			"from": [6, 22, 0],
			"to": [12, 24, 1],
			"rotation": {"x": -53.99479, "y": -18.74724, "z": 23.85865, "origin": [10, 23, 3]},
			"faces": {
				"north": {"uv": [8.25, 3.5, 9.75, 4], "texture": "#1"},
				"east": {"uv": [8, 3.5, 8.25, 4], "texture": "#1"},
				"south": {"uv": [10, 3.5, 11.5, 4], "texture": "#1"},
				"west": {"uv": [9.75, 3.5, 10, 4], "texture": "#1"},
				"up": {"uv": [9.75, 3.5, 8.25, 3.25], "texture": "#1"},
				"down": {"uv": [11.25, 3.25, 9.75, 3.5], "texture": "#1"}
			}
		},
		{
			"from": [4, 22, 0],
			"to": [10, 24, 1],
			"rotation": {"x": -53.99479, "y": 18.74724, "z": -23.85865, "origin": [6, 23, 3]},
			"faces": {
				"north": {"uv": [9.75, 3.5, 8.25, 4], "texture": "#1"},
				"east": {"uv": [10, 3.5, 9.75, 4], "texture": "#1"},
				"south": {"uv": [11.5, 3.5, 10, 4], "texture": "#1"},
				"west": {"uv": [8.25, 3.5, 8, 4], "texture": "#1"},
				"up": {"uv": [8.25, 3.5, 9.75, 3.25], "texture": "#1"},
				"down": {"uv": [9.75, 3.25, 11.25, 3.5], "texture": "#1"}
			}
		},
		{
			"from": [1, 22, 0],
			"to": [4, 25, 4],
			"rotation": {"x": -53.99479, "y": 18.74724, "z": -23.85865, "origin": [6, 23, 3]},
			"faces": {
				"north": {"uv": [9.75, 1, 9, 1.75], "texture": "#1"},
				"east": {"uv": [10.75, 1, 9.75, 1.75], "texture": "#1"},
				"south": {"uv": [11.5, 1, 10.75, 1.75], "texture": "#1"},
				"west": {"uv": [9, 1, 8, 1.75], "texture": "#1"},
				"up": {"uv": [9, 1, 9.75, 0], "texture": "#1"},
				"down": {"uv": [9.75, 0, 10.5, 1], "texture": "#1"}
			}
		},
		{
			"from": [6, 21, 0],
			"to": [10, 22, 0],
			"rotation": {"x": -53.99479, "y": -18.74724, "z": 23.85865, "origin": [10, 23, 3]},
			"faces": {
				"north": {"uv": [8, 4.25, 9, 4.5], "texture": "#1"},
				"east": {"uv": [8, 4.25, 8, 4.5], "texture": "#1"},
				"south": {"uv": [9, 4.25, 10, 4.5], "texture": "#1"},
				"west": {"uv": [9, 4.25, 9, 4.5], "texture": "#1"},
				"up": {"uv": [9, 4.25, 8, 4.25], "texture": "#1"},
				"down": {"uv": [10, 4.25, 9, 4.25], "texture": "#1"}
			}
		},
		{
			"from": [12, 22, 0],
			"to": [15, 25, 4],
			"rotation": {"x": -53.99479, "y": -18.74724, "z": 23.85865, "origin": [10, 23, 3]},
			"faces": {
				"north": {"uv": [9, 1, 9.75, 1.75], "texture": "#1"},
				"east": {"uv": [8, 1, 9, 1.75], "texture": "#1"},
				"south": {"uv": [10.75, 1, 11.5, 1.75], "texture": "#1"},
				"west": {"uv": [9.75, 1, 10.75, 1.75], "texture": "#1"},
				"up": {"uv": [9.75, 1, 9, 0], "texture": "#1"},
				"down": {"uv": [10.5, 0, 9.75, 1], "texture": "#1"}
			}
		},
		{
			"from": [6, 20, 0],
			"to": [10, 21, 0],
			"rotation": {"x": -53.9948, "y": 18.7472, "z": -23.8587, "origin": [6, 23, 3]},
			"faces": {
				"north": {"uv": [8, 4, 9, 4.25], "texture": "#1"},
				"east": {"uv": [8, 4, 8, 4.25], "texture": "#1"},
				"south": {"uv": [9, 4, 10, 4.25], "texture": "#1"},
				"west": {"uv": [9, 4, 9, 4.25], "texture": "#1"},
				"up": {"uv": [9, 4, 8, 4], "texture": "#1"},
				"down": {"uv": [10, 4, 9, 4], "texture": "#1"}
			}
		},
		{
			"from": [6, 20, 0],
			"to": [10, 21, 0],
			"rotation": {"x": -53.9948, "y": -18.7472, "z": 23.8587, "origin": [10, 23, 3]},
			"faces": {
				"north": {"uv": [9, 4, 8, 4.25], "texture": "#1"},
				"east": {"uv": [9, 4, 9, 4.25], "texture": "#1"},
				"south": {"uv": [10, 4, 9, 4.25], "texture": "#1"},
				"west": {"uv": [8, 4, 8, 4.25], "texture": "#1"},
				"up": {"uv": [8, 4, 9, 4], "texture": "#1"},
				"down": {"uv": [9, 4, 10, 4], "texture": "#1"}
			}
		},
		{
			"from": [6, 21, 0],
			"to": [10, 22, 0],
			"rotation": {"x": -53.99479, "y": 18.74724, "z": -23.85865, "origin": [6, 23, 3]},
			"faces": {
				"north": {"uv": [9, 4.25, 8, 4.5], "texture": "#1"},
				"east": {"uv": [9, 4.25, 9, 4.5], "texture": "#1"},
				"south": {"uv": [10, 4.25, 9, 4.5], "texture": "#1"},
				"west": {"uv": [8, 4.25, 8, 4.5], "texture": "#1"},
				"up": {"uv": [8, 4.25, 9, 4.25], "texture": "#1"},
				"down": {"uv": [9, 4.25, 10, 4.25], "texture": "#1"}
			}
		},
		{
			"from": [7, 28, -0.5],
			"to": [8, 29, 0.5],
			"rotation": {"x": 15.38688, "y": -14.77832, "z": 42.66164, "origin": [10, 23, -0.5]},
			"faces": {
				"north": {"uv": [8.25, 4.75, 8.5, 5], "texture": "#1"},
				"east": {"uv": [8, 4.75, 8.25, 5], "texture": "#1"},
				"south": {"uv": [8.75, 4.75, 9, 5], "texture": "#1"},
				"west": {"uv": [8.5, 4.75, 8.75, 5], "texture": "#1"},
				"up": {"uv": [8.5, 4.75, 8.25, 4.5], "texture": "#1"},
				"down": {"uv": [8.75, 4.5, 8.5, 4.75], "texture": "#1"}
			}
		},
		{
			"from": [7, 23, -0.5],
			"to": [12, 28, 0.5],
			"rotation": {"x": 15.38688, "y": -14.77832, "z": 42.66164, "origin": [10, 23, -0.5]},
			"faces": {
				"north": {"uv": [8.25, 2, 9.5, 3.25], "texture": "#1"},
				"east": {"uv": [8, 2, 8.25, 3.25], "texture": "#1"},
				"south": {"uv": [9.75, 2, 11, 3.25], "texture": "#1"},
				"west": {"uv": [9.5, 2, 9.75, 3.25], "texture": "#1"},
				"up": {"uv": [9.5, 2, 8.25, 1.75], "texture": "#1"},
				"down": {"uv": [10.75, 1.75, 9.5, 2], "texture": "#1"}
			}
		},
		{
			"from": [12, 23, -0.5],
			"to": [13, 24, 0.5],
			"rotation": {"x": 15.38688, "y": -14.77832, "z": 42.66164, "origin": [10, 23, -0.5]},
			"faces": {
				"north": {"uv": [5.25, 8.25, 5.5, 8.5], "texture": "#1"},
				"east": {"uv": [5, 8.25, 5.25, 8.5], "texture": "#1"},
				"south": {"uv": [5.75, 8.25, 6, 8.5], "texture": "#1"},
				"west": {"uv": [5.5, 8.25, 5.75, 8.5], "texture": "#1"},
				"up": {"uv": [5.5, 8.25, 5.25, 8], "texture": "#1"},
				"down": {"uv": [5.75, 8, 5.5, 8.25], "texture": "#1"}
			}
		}
	],
	"groups": [
		{
			"name": "group",
			"origin": [10, 25, -0.5],
			"color": 0,
			"children": [
				{
					"name": "Head",
					"origin": [8, 24, 8],
					"color": 0,
					"children": [0, 1]
				},
				{
					"name": "group2",
					"origin": [3, 23, 1],
					"color": 0,
					"children": [
						2,
						3,
						4,
						5,
						6,
						7,
						8,
						9,
						10,
						11,
						{
							"name": "group3",
							"origin": [10, 23, -0.5],
							"color": 0,
							"children": [12, 13, 14]
						}
					]
				}
			]
		}
	]
}