{
  "parent": "minecraft:item/generated",
  "textures": {
    "layer0": "minecraft:item/potion"
  },
  "overrides": [
    { "predicate": { "custom_model_data": 1004 }, "model": "minecraft:item/prara" },
	{ "predicate": { "custom_model_data": 1006 }, "model": "minecraft:item/pdeluna2" },
	{ "predicate": { "custom_model_data": 1007 }, "model": "minecraft:item/paguademar" },
	{ "predicate": { "custom_model_data": 1008 }, "model": "minecraft:item/psaturacion" },
	{ "predicate": { "custom_model_data": 1009 }, "model": "minecraft:item/phaste" },
	{ "predicate": { "custom_model_data": 1011 }, "model": "minecraft:item/pdeluna" },
	{ "predicate": { "custom_model_data": 1012 }, "model": "minecraft:item/tedehojaspalidas" }
  ]
}
