{
  "parent": "builtin/entity",
  "gui_light": "front",
  "textures": {
    "particle": "minecraft:entity/shield_base_nopattern"
  },
  "display": {
    "thirdperson_righthand": { "rotation": [45,135,0], "translation": [3,5,11], "scale": [1,1,1] },
    "thirdperson_lefthand":  { "rotation": [45,135,0], "translation": [13,3,11], "scale": [1,1,1] },
    "firstperson_righthand": { "rotation": [0,180,5], "translation": [-10,2,-10], "scale": [1.25,1.25,1.25] },
    "firstperson_lefthand":  { "rotation": [0,180,5], "translation": [10,0,-10], "scale": [1.25,1.25,1.25] }
  },
  "overrides": [
    { "predicate": { "custom_model_data": 1301 }, "model": "minecraft:item/espinadehierro_blocking" },
    { "predicate": { "custom_model_data": 1302 }, "model": "minecraft:item/escudoacacia_blocking" },
    { "predicate": { "custom_model_data": 1303 }, "model": "minecraft:item/murodeescarcha_blocking" },
    { "predicate": { "custom_model_data": 1304 }, "model": "minecraft:item/guardiaimplacable_blocking" },
    { "predicate": { "custom_model_data": 1305 }, "model": "minecraft:item/murallakharakdum_blocking" },
    { "predicate": { "custom_model_data": 1306 }, "model": "minecraft:item/baluartedesylwen_blocking" },
    { "predicate": { "custom_model_data": 1307 }, "model": "minecraft:item/guardiadeacero_blocking" },
    { "predicate": { "custom_model_data": 1308 }, "model": "minecraft:item/maderaymuerte_blocking" },
    { "predicate": { "custom_model_data": 1309 }, "model": "minecraft:item/escudoacaciocuadrado_blocking" }
  ]
}
