{
  "parent": "minecraft:item/handheld",
  "textures": {
    "layer0": "minecraft:item/wooden_sword"
  },
  "overrides": [
		{ "predicate": { "custom_model_data": 1451 }, "model": "minecraft:item/varatierratier1" },
		{ "predicate": { "custom_model_data": 1452 }, "model": "minecraft:item/varatierratier2" },
		{ "predicate": { "custom_model_data": 1453 }, "model": "minecraft:item/varatierratier3" },
		
		{ "predicate": { "custom_model_data": 1454 }, "model": "minecraft:item/varafuegotier1" },
		{ "predicate": { "custom_model_data": 1455 }, "model": "minecraft:item/varafuegotier2" },
		{ "predicate": { "custom_model_data": 1456 }, "model": "minecraft:item/varafuegotier3" },
		
		{ "predicate": { "custom_model_data": 1457 }, "model": "minecraft:item/varaaguatier1" },
		{ "predicate": { "custom_model_data": 1458 }, "model": "minecraft:item/varaaguatier2" },
		{ "predicate": { "custom_model_data": 1459 }, "model": "minecraft:item/varaaguatier3" },
		
		{ "predicate": { "custom_model_data": 1460 }, "model": "minecraft:item/varaairetier1" },
		{ "predicate": { "custom_model_data": 1461 }, "model": "minecraft:item/varaairetier2" },
		{ "predicate": { "custom_model_data": 1462 }, "model": "minecraft:item/varaairetier3" },
		{ "predicate": { "custom_model_data": 1212 }, "model": "minecraft:item/laud" }

  ]
}
