{
  "parent": "minecraft:item/handheld",
  "textures": {
    "layer0": "minecraft:item/iron_sword"
  },
  "overrides": [
		{ "predicate": { "custom_model_data": 1101 }, "model": "minecraft:item/VentiscaEterna" },
		{ "predicate": { "custom_model_data": 1102 }, "model": "minecraft:item/mandobledeobsidiana" },
		{ "predicate": { "custom_model_data": 1103 }, "model": "minecraft:item/puntadecristal" },
		{ "predicate": { "custom_model_data": 1104 }, "model": "minecraft:item/OcasoReyes" }
  ]
}
