{
	"credit": "Made with Blockbench",
	"texture_size": [32, 32],
	"textures": {
		"0": "item/SegadoradeKharak",
		"particle": "item/SegadoradeKharak"
	},
	"elements": [
		{
			"from": [-9, 0, -8],
			"to": [-7, 1, -6],
			"rotation": {"angle": 0, "axis": "z", "origin": [-8, 0, -7]},
			"faces": {
				"north": {"uv": [11.5, 0, 12.5, 0.5], "texture": "#0"},
				"east": {"uv": [11.5, 0.5, 12.5, 1], "texture": "#0"},
				"south": {"uv": [3.5, 11.5, 4.5, 12], "texture": "#0"},
				"west": {"uv": [11.5, 3.5, 12.5, 4], "texture": "#0"},
				"up": {"uv": [5, 9, 4, 8], "texture": "#0"},
				"down": {"uv": [9.5, 2, 8.5, 3], "texture": "#0"}
			}
		},
		{
			"from": [3, 0, 4],
			"to": [5, 1, 6],
			"rotation": {"angle": 0, "axis": "z", "origin": [2, 0, 3]},
			"faces": {
				"north": {"uv": [11.5, 4, 12.5, 4.5], "texture": "#0"},
				"east": {"uv": [4.5, 11.5, 5.5, 12], "texture": "#0"},
				"south": {"uv": [11.5, 4.5, 12.5, 5], "texture": "#0"},
				"west": {"uv": [11.5, 5, 12.5, 5.5], "texture": "#0"},
				"up": {"uv": [9.5, 4, 8.5, 3], "texture": "#0"},
				"down": {"uv": [9.5, 4, 8.5, 5], "texture": "#0"}
			}
		},
		{
			"from": [5, 0, 6],
			"to": [7, 1, 8],
			"rotation": {"angle": 0, "axis": "z", "origin": [2, 0, 3]},
			"faces": {
				"north": {"uv": [5.5, 11.5, 6.5, 12], "texture": "#0"},
				"east": {"uv": [11.5, 5.5, 12.5, 6], "texture": "#0"},
				"south": {"uv": [6.5, 11.5, 7.5, 12], "texture": "#0"},
				"west": {"uv": [7.5, 11.5, 8.5, 12], "texture": "#0"},
				"up": {"uv": [9.5, 9, 8.5, 8], "texture": "#0"},
				"down": {"uv": [5, 9, 4, 10], "texture": "#0"}
			}
		},
		{
			"from": [2, 0, 4],
			"to": [3, 1, 5],
			"rotation": {"angle": 0, "axis": "z", "origin": [2, 0, 3]},
			"faces": {
				"north": {"uv": [10.5, 11.5, 11, 12], "texture": "#0"},
				"east": {"uv": [13, 7.5, 13.5, 8], "texture": "#0"},
				"south": {"uv": [13, 11, 13.5, 11.5], "texture": "#0"},
				"west": {"uv": [13.5, 3.5, 14, 4], "texture": "#0"},
				"up": {"uv": [10.5, 14, 10, 13.5], "texture": "#0"},
				"down": {"uv": [11, 13.5, 10.5, 14], "texture": "#0"}
			}
		},
		{
			"from": [3, 0, 3],
			"to": [4, 1, 4],
			"rotation": {"angle": 0, "axis": "z", "origin": [2, 0, 3]},
			"faces": {
				"north": {"uv": [13.5, 10.5, 14, 11], "texture": "#0"},
				"east": {"uv": [11, 13.5, 11.5, 14], "texture": "#0"},
				"south": {"uv": [13.5, 11, 14, 11.5], "texture": "#0"},
				"west": {"uv": [13.5, 11.5, 14, 12], "texture": "#0"},
				"up": {"uv": [12.5, 14, 12, 13.5], "texture": "#0"},
				"down": {"uv": [14, 12, 13.5, 12.5], "texture": "#0"}
			}
		},
		{
			"from": [1, 0, 1],
			"to": [2, 1, 2],
			"rotation": {"angle": 0, "axis": "z", "origin": [0, 0, 1]},
			"faces": {
				"north": {"uv": [13.5, 12.5, 14, 13], "texture": "#0"},
				"east": {"uv": [13.5, 13, 14, 13.5], "texture": "#0"},
				"south": {"uv": [13.5, 13.5, 14, 14], "texture": "#0"},
				"west": {"uv": [0, 14, 0.5, 14.5], "texture": "#0"},
				"up": {"uv": [14.5, 0.5, 14, 0], "texture": "#0"},
				"down": {"uv": [1, 14, 0.5, 14.5], "texture": "#0"}
			}
		},
		{
			"from": [0, 0, 2],
			"to": [1, 1, 3],
			"rotation": {"angle": 0, "axis": "z", "origin": [0, 0, 1]},
			"faces": {
				"north": {"uv": [14, 0.5, 14.5, 1], "texture": "#0"},
				"east": {"uv": [1, 14, 1.5, 14.5], "texture": "#0"},
				"south": {"uv": [14, 1, 14.5, 1.5], "texture": "#0"},
				"west": {"uv": [1.5, 14, 2, 14.5], "texture": "#0"},
				"up": {"uv": [14.5, 2, 14, 1.5], "texture": "#0"},
				"down": {"uv": [14.5, 2, 14, 2.5], "texture": "#0"}
			}
		},
		{
			"from": [1, 0, 2],
			"to": [3, 1, 4],
			"rotation": {"angle": 0, "axis": "z", "origin": [0, 0, 1]},
			"faces": {
				"north": {"uv": [11.5, 8, 12.5, 8.5], "texture": "#0"},
				"east": {"uv": [8.5, 11.5, 9.5, 12], "texture": "#0"},
				"south": {"uv": [11.5, 8.5, 12.5, 9], "texture": "#0"},
				"west": {"uv": [11.5, 9, 12.5, 9.5], "texture": "#0"},
				"up": {"uv": [10, 7, 9, 6], "texture": "#0"},
				"down": {"uv": [8, 9, 7, 10], "texture": "#0"}
			}
		},
		{
			"from": [-1, 0, -1],
			"to": [0, 1, 0],
			"rotation": {"angle": 0, "axis": "z", "origin": [-2, 0, -1]},
			"faces": {
				"north": {"uv": [14, 2.5, 14.5, 3], "texture": "#0"},
				"east": {"uv": [3, 14, 3.5, 14.5], "texture": "#0"},
				"south": {"uv": [14, 3, 14.5, 3.5], "texture": "#0"},
				"west": {"uv": [3.5, 14, 4, 14.5], "texture": "#0"},
				"up": {"uv": [14.5, 4, 14, 3.5], "texture": "#0"},
				"down": {"uv": [14.5, 4, 14, 4.5], "texture": "#0"}
			}
		},
		{
			"from": [-2, 0, 0],
			"to": [-1, 1, 1],
			"rotation": {"angle": 0, "axis": "z", "origin": [-2, 0, -1]},
			"faces": {
				"north": {"uv": [14, 4.5, 14.5, 5], "texture": "#0"},
				"east": {"uv": [14, 5, 14.5, 5.5], "texture": "#0"},
				"south": {"uv": [14, 5.5, 14.5, 6], "texture": "#0"},
				"west": {"uv": [14, 6, 14.5, 6.5], "texture": "#0"},
				"up": {"uv": [14.5, 7, 14, 6.5], "texture": "#0"},
				"down": {"uv": [14.5, 7, 14, 7.5], "texture": "#0"}
			}
		},
		{
			"from": [-1, 0, 0],
			"to": [1, 1, 2],
			"rotation": {"angle": 0, "axis": "z", "origin": [-2, 0, -1]},
			"faces": {
				"north": {"uv": [11.5, 9.5, 12.5, 10], "texture": "#0"},
				"east": {"uv": [1, 12, 2, 12.5], "texture": "#0"},
				"south": {"uv": [12, 1, 13, 1.5], "texture": "#0"},
				"west": {"uv": [12, 1.5, 13, 2], "texture": "#0"},
				"up": {"uv": [10, 8, 9, 7], "texture": "#0"},
				"down": {"uv": [9, 9, 8, 10], "texture": "#0"}
			}
		},
		{
			"from": [-3, 0, -3],
			"to": [-2, 1, -2],
			"rotation": {"angle": 0, "axis": "z", "origin": [-4, 0, -3]},
			"faces": {
				"north": {"uv": [14, 7.5, 14.5, 8], "texture": "#0"},
				"east": {"uv": [8, 14, 8.5, 14.5], "texture": "#0"},
				"south": {"uv": [14, 8, 14.5, 8.5], "texture": "#0"},
				"west": {"uv": [8.5, 14, 9, 14.5], "texture": "#0"},
				"up": {"uv": [14.5, 9, 14, 8.5], "texture": "#0"},
				"down": {"uv": [14.5, 9, 14, 9.5], "texture": "#0"}
			}
		},
		{
			"from": [-4, 0, -2],
			"to": [-3, 1, -1],
			"rotation": {"angle": 0, "axis": "z", "origin": [-4, 0, -3]},
			"faces": {
				"north": {"uv": [9.5, 14, 10, 14.5], "texture": "#0"},
				"east": {"uv": [14, 9.5, 14.5, 10], "texture": "#0"},
				"south": {"uv": [10, 14, 10.5, 14.5], "texture": "#0"},
				"west": {"uv": [14, 10, 14.5, 10.5], "texture": "#0"},
				"up": {"uv": [11, 14.5, 10.5, 14], "texture": "#0"},
				"down": {"uv": [14.5, 10.5, 14, 11], "texture": "#0"}
			}
		},
		{
			"from": [-3, 0, -2],
			"to": [-1, 1, 0],
			"rotation": {"angle": 0, "axis": "z", "origin": [-4, 0, -3]},
			"faces": {
				"north": {"uv": [2, 12, 3, 12.5], "texture": "#0"},
				"east": {"uv": [12, 2, 13, 2.5], "texture": "#0"},
				"south": {"uv": [12, 2.5, 13, 3], "texture": "#0"},
				"west": {"uv": [12, 3, 13, 3.5], "texture": "#0"},
				"up": {"uv": [10, 10, 9, 9], "texture": "#0"},
				"down": {"uv": [10.5, 0, 9.5, 1], "texture": "#0"}
			}
		},
		{
			"from": [-5, 0, -5],
			"to": [-4, 1, -4],
			"rotation": {"angle": 0, "axis": "z", "origin": [-6, 0, -5]},
			"faces": {
				"north": {"uv": [11, 14, 11.5, 14.5], "texture": "#0"},
				"east": {"uv": [14, 11, 14.5, 11.5], "texture": "#0"},
				"south": {"uv": [11.5, 14, 12, 14.5], "texture": "#0"},
				"west": {"uv": [14, 11.5, 14.5, 12], "texture": "#0"},
				"up": {"uv": [12.5, 14.5, 12, 14], "texture": "#0"},
				"down": {"uv": [14.5, 12, 14, 12.5], "texture": "#0"}
			}
		},
		{
			"from": [-6, 0, -4],
			"to": [-5, 1, -3],
			"rotation": {"angle": 0, "axis": "z", "origin": [-6, 0, -5]},
			"faces": {
				"north": {"uv": [12.5, 14, 13, 14.5], "texture": "#0"},
				"east": {"uv": [14, 12.5, 14.5, 13], "texture": "#0"},
				"south": {"uv": [13, 14, 13.5, 14.5], "texture": "#0"},
				"west": {"uv": [14, 13, 14.5, 13.5], "texture": "#0"},
				"up": {"uv": [14, 14.5, 13.5, 14], "texture": "#0"},
				"down": {"uv": [14.5, 13.5, 14, 14], "texture": "#0"}
			}
		},
		{
			"from": [-5, 0, -4],
			"to": [-3, 1, -2],
			"rotation": {"angle": 0, "axis": "z", "origin": [-6, 0, -5]},
			"faces": {
				"north": {"uv": [3.5, 12, 4.5, 12.5], "texture": "#0"},
				"east": {"uv": [4.5, 12, 5.5, 12.5], "texture": "#0"},
				"south": {"uv": [5.5, 12, 6.5, 12.5], "texture": "#0"},
				"west": {"uv": [12, 6, 13, 6.5], "texture": "#0"},
				"up": {"uv": [10.5, 3, 9.5, 2], "texture": "#0"},
				"down": {"uv": [10.5, 3, 9.5, 4], "texture": "#0"}
			}
		},
		{
			"from": [-7, 0, -7],
			"to": [-6, 1, -6],
			"rotation": {"angle": 0, "axis": "z", "origin": [-8, 0, -7]},
			"faces": {
				"north": {"uv": [14, 14, 14.5, 14.5], "texture": "#0"},
				"east": {"uv": [0, 14.5, 0.5, 15], "texture": "#0"},
				"south": {"uv": [14.5, 0, 15, 0.5], "texture": "#0"},
				"west": {"uv": [0.5, 14.5, 1, 15], "texture": "#0"},
				"up": {"uv": [15, 1, 14.5, 0.5], "texture": "#0"},
				"down": {"uv": [1.5, 14.5, 1, 15], "texture": "#0"}
			}
		},
		{
			"from": [-8, 0, -6],
			"to": [-7, 1, -5],
			"rotation": {"angle": 0, "axis": "z", "origin": [-8, 0, -7]},
			"faces": {
				"north": {"uv": [14.5, 1, 15, 1.5], "texture": "#0"},
				"east": {"uv": [1.5, 14.5, 2, 15], "texture": "#0"},
				"south": {"uv": [14.5, 1.5, 15, 2], "texture": "#0"},
				"west": {"uv": [2, 14.5, 2.5, 15], "texture": "#0"},
				"up": {"uv": [15, 2.5, 14.5, 2], "texture": "#0"},
				"down": {"uv": [3, 14.5, 2.5, 15], "texture": "#0"}
			}
		},
		{
			"from": [-7, 0, -6],
			"to": [-5, 1, -4],
			"rotation": {"angle": 0, "axis": "z", "origin": [-8, 0, -7]},
			"faces": {
				"north": {"uv": [6.5, 12, 7.5, 12.5], "texture": "#0"},
				"east": {"uv": [12, 6.5, 13, 7], "texture": "#0"},
				"south": {"uv": [12, 7, 13, 7.5], "texture": "#0"},
				"west": {"uv": [7.5, 12, 8.5, 12.5], "texture": "#0"},
				"up": {"uv": [10.5, 5, 9.5, 4], "texture": "#0"},
				"down": {"uv": [10.5, 5, 9.5, 6], "texture": "#0"}
			}
		},
		{
			"from": [5, 0, 5],
			"to": [6, 1, 6],
			"rotation": {"angle": 0, "axis": "z", "origin": [2, 0, 3]},
			"faces": {
				"north": {"uv": [14.5, 2.5, 15, 3], "texture": "#0"},
				"east": {"uv": [3, 14.5, 3.5, 15], "texture": "#0"},
				"south": {"uv": [14.5, 3, 15, 3.5], "texture": "#0"},
				"west": {"uv": [3.5, 14.5, 4, 15], "texture": "#0"},
				"up": {"uv": [15, 4, 14.5, 3.5], "texture": "#0"},
				"down": {"uv": [4.5, 14.5, 4, 15], "texture": "#0"}
			}
		},
		{
			"from": [4, 0, 6],
			"to": [5, 1, 7],
			"rotation": {"angle": 0, "axis": "z", "origin": [2, 0, 3]},
			"faces": {
				"north": {"uv": [14.5, 4, 15, 4.5], "texture": "#0"},
				"east": {"uv": [4.5, 14.5, 5, 15], "texture": "#0"},
				"south": {"uv": [14.5, 4.5, 15, 5], "texture": "#0"},
				"west": {"uv": [5, 14.5, 5.5, 15], "texture": "#0"},
				"up": {"uv": [15, 5.5, 14.5, 5], "texture": "#0"},
				"down": {"uv": [6, 14.5, 5.5, 15], "texture": "#0"}
			}
		},
		{
			"from": [6, 0, 8],
			"to": [8, 1, 9],
			"rotation": {"angle": 0, "axis": "z", "origin": [2, 0, 3]},
			"faces": {
				"north": {"uv": [12, 7.5, 13, 8], "texture": "#0"},
				"east": {"uv": [14.5, 5.5, 15, 6], "texture": "#0"},
				"south": {"uv": [8.5, 12, 9.5, 12.5], "texture": "#0"},
				"west": {"uv": [6, 14.5, 6.5, 15], "texture": "#0"},
				"up": {"uv": [13, 10.5, 12, 10], "texture": "#0"},
				"down": {"uv": [11.5, 12, 10.5, 12.5], "texture": "#0"}
			}
		},
		{
			"from": [9, -0.2, 7],
			"to": [10, 1.2, 9],
			"rotation": {"angle": 0, "axis": "z", "origin": [2, 0, 3]},
			"faces": {
				"north": {"uv": [8.5, 13, 9, 13.75], "texture": "#0"},
				"east": {"uv": [8.5, 10.5, 9.5, 11.25], "texture": "#0"},
				"south": {"uv": [13, 8.5, 13.5, 9.25], "texture": "#0"},
				"west": {"uv": [10.5, 9, 11.5, 9.75], "texture": "#0"},
				"up": {"uv": [10, 13, 9.5, 12], "texture": "#0"},
				"down": {"uv": [12.5, 10.5, 12, 11.5], "texture": "#0"}
			}
		},
		{
			"from": [9, -0.2, 12],
			"to": [10, 1.2, 17],
			"rotation": {"angle": 0, "axis": "z", "origin": [2, 0, 3]},
			"faces": {
				"north": {"uv": [9.5, 13, 10, 13.75], "texture": "#0"},
				"east": {"uv": [0, 6, 2.5, 6.75], "texture": "#0"},
				"south": {"uv": [13, 10, 13.5, 10.75], "texture": "#0"},
				"west": {"uv": [2.5, 6, 5, 6.75], "texture": "#0"},
				"up": {"uv": [8, 3.5, 7.5, 1], "texture": "#0"},
				"down": {"uv": [8.5, 1, 8, 3.5], "texture": "#0"}
			}
		},
		{
			"from": [8, -0.2, 11],
			"to": [9, 1.2, 17],
			"rotation": {"angle": 0, "axis": "z", "origin": [1, 0, 3]},
			"faces": {
				"north": {"uv": [11.5, 13, 12, 13.75], "texture": "#0"},
				"east": {"uv": [3.5, 0, 6.5, 0.75], "texture": "#0"},
				"south": {"uv": [13, 12, 13.5, 12.75], "texture": "#0"},
				"west": {"uv": [3.5, 1, 6.5, 1.75], "texture": "#0"},
				"up": {"uv": [1.5, 10, 1, 7], "texture": "#0"},
				"down": {"uv": [2, 7, 1.5, 10], "texture": "#0"}
			}
		},
		{
			"from": [7, -0.2, 10],
			"to": [8, 1.2, 17],
			"rotation": {"angle": 0, "axis": "z", "origin": [0, 0, 3]},
			"faces": {
				"north": {"uv": [12.5, 13, 13, 13.75], "texture": "#0"},
				"east": {"uv": [0, 0, 3.5, 0.75], "texture": "#0"},
				"south": {"uv": [13, 13, 13.5, 13.75], "texture": "#0"},
				"west": {"uv": [0, 1, 3.5, 1.75], "texture": "#0"},
				"up": {"uv": [7, 3.5, 6.5, 0], "texture": "#0"},
				"down": {"uv": [0.5, 7, 0, 10.5], "texture": "#0"}
			}
		},
		{
			"from": [6, -0.2, 10],
			"to": [7, 1.2, 16],
			"rotation": {"angle": 0, "axis": "z", "origin": [-1, 0, 3]},
			"faces": {
				"north": {"uv": [13.5, 0, 14, 0.75], "texture": "#0"},
				"east": {"uv": [3.5, 2, 6.5, 2.75], "texture": "#0"},
				"south": {"uv": [13.5, 1, 14, 1.75], "texture": "#0"},
				"west": {"uv": [3.5, 3, 6.5, 3.75], "texture": "#0"},
				"up": {"uv": [2.5, 10, 2, 7], "texture": "#0"},
				"down": {"uv": [3, 7, 2.5, 10], "texture": "#0"}
			}
		},
		{
			"from": [5, -0.2, 11],
			"to": [6, 1.2, 15],
			"rotation": {"angle": 0, "axis": "z", "origin": [-2, 0, 3]},
			"faces": {
				"north": {"uv": [2, 13.5, 2.5, 14.25], "texture": "#0"},
				"east": {"uv": [6, 5, 8, 5.75], "texture": "#0"},
				"south": {"uv": [13.5, 2, 14, 2.75], "texture": "#0"},
				"west": {"uv": [3, 7, 5, 7.75], "texture": "#0"},
				"up": {"uv": [1.5, 12, 1, 10], "texture": "#0"},
				"down": {"uv": [2, 10, 1.5, 12], "texture": "#0"}
			}
		},
		{
			"from": [4, -0.2, 11],
			"to": [5, 1.2, 14],
			"rotation": {"angle": 0, "axis": "z", "origin": [-3, 0, 3]},
			"faces": {
				"north": {"uv": [2.5, 13.5, 3, 14.25], "texture": "#0"},
				"east": {"uv": [7.5, 6, 9, 6.75], "texture": "#0"},
				"south": {"uv": [4, 13.5, 4.5, 14.25], "texture": "#0"},
				"west": {"uv": [8, 5, 9.5, 5.75], "texture": "#0"},
				"up": {"uv": [10, 12, 9.5, 10.5], "texture": "#0"},
				"down": {"uv": [11, 10, 10.5, 11.5], "texture": "#0"}
			}
		},
		{
			"from": [3, 0, 10],
			"to": [4, 1, 14],
			"rotation": {"angle": 0, "axis": "z", "origin": [-5, 0, 3]},
			"faces": {
				"north": {"uv": [14.5, 6, 15, 6.5], "texture": "#0"},
				"east": {"uv": [6.5, 3.5, 8.5, 4], "texture": "#0"},
				"south": {"uv": [6.5, 14.5, 7, 15], "texture": "#0"},
				"west": {"uv": [9.5, 8, 11.5, 8.5], "texture": "#0"},
				"up": {"uv": [2.5, 12, 2, 10], "texture": "#0"},
				"down": {"uv": [3, 10, 2.5, 12], "texture": "#0"}
			}
		},
		{
			"from": [4, 0, 14],
			"to": [5, 1, 15],
			"rotation": {"angle": 0, "axis": "z", "origin": [-4, 0, 4]},
			"faces": {
				"north": {"uv": [14.5, 6.5, 15, 7], "texture": "#0"},
				"east": {"uv": [7, 14.5, 7.5, 15], "texture": "#0"},
				"south": {"uv": [14.5, 7, 15, 7.5], "texture": "#0"},
				"west": {"uv": [7.5, 14.5, 8, 15], "texture": "#0"},
				"up": {"uv": [15, 8, 14.5, 7.5], "texture": "#0"},
				"down": {"uv": [8.5, 14.5, 8, 15], "texture": "#0"}
			}
		},
		{
			"from": [5, 0, 15],
			"to": [6, 1, 16],
			"rotation": {"angle": 0, "axis": "z", "origin": [-3, 0, 5]},
			"faces": {
				"north": {"uv": [14.5, 8, 15, 8.5], "texture": "#0"},
				"east": {"uv": [8.5, 14.5, 9, 15], "texture": "#0"},
				"south": {"uv": [14.5, 8.5, 15, 9], "texture": "#0"},
				"west": {"uv": [9, 14.5, 9.5, 15], "texture": "#0"},
				"up": {"uv": [15, 9.5, 14.5, 9], "texture": "#0"},
				"down": {"uv": [10, 14.5, 9.5, 15], "texture": "#0"}
			}
		},
		{
			"from": [6, 0, 16],
			"to": [7, 1, 17],
			"rotation": {"angle": 0, "axis": "z", "origin": [-2, 0, 6]},
			"faces": {
				"north": {"uv": [14.5, 9.5, 15, 10], "texture": "#0"},
				"east": {"uv": [10, 14.5, 10.5, 15], "texture": "#0"},
				"south": {"uv": [14.5, 10, 15, 10.5], "texture": "#0"},
				"west": {"uv": [10.5, 14.5, 11, 15], "texture": "#0"},
				"up": {"uv": [15, 11, 14.5, 10.5], "texture": "#0"},
				"down": {"uv": [11.5, 14.5, 11, 15], "texture": "#0"}
			}
		},
		{
			"from": [7, 0, 17],
			"to": [11, 1, 18],
			"rotation": {"angle": 0, "axis": "z", "origin": [-1, 0, 7]},
			"faces": {
				"north": {"uv": [9.5, 8.5, 11.5, 9], "texture": "#0"},
				"east": {"uv": [14.5, 11, 15, 11.5], "texture": "#0"},
				"south": {"uv": [10, 1, 12, 1.5], "texture": "#0"},
				"west": {"uv": [11.5, 14.5, 12, 15], "texture": "#0"},
				"up": {"uv": [12, 2, 10, 1.5], "texture": "#0"},
				"down": {"uv": [6, 10, 4, 10.5], "texture": "#0"}
			}
		},
		{
			"from": [9, 0, 4],
			"to": [13, 1, 5],
			"rotation": {"angle": 0, "axis": "z", "origin": [2, 0, 1]},
			"faces": {
				"north": {"uv": [6, 10, 8, 10.5], "texture": "#0"},
				"east": {"uv": [14.5, 11.5, 15, 12], "texture": "#0"},
				"south": {"uv": [10, 6, 12, 6.5], "texture": "#0"},
				"west": {"uv": [12, 14.5, 12.5, 15], "texture": "#0"},
				"up": {"uv": [12, 7, 10, 6.5], "texture": "#0"},
				"down": {"uv": [12, 7, 10, 7.5], "texture": "#0"}
			}
		},
		{
			"from": [13, 0, 5],
			"to": [14, 1, 6],
			"rotation": {"angle": 0, "axis": "z", "origin": [3, 0, 1]},
			"faces": {
				"north": {"uv": [14.5, 12, 15, 12.5], "texture": "#0"},
				"east": {"uv": [12.5, 14.5, 13, 15], "texture": "#0"},
				"south": {"uv": [14.5, 12.5, 15, 13], "texture": "#0"},
				"west": {"uv": [13, 14.5, 13.5, 15], "texture": "#0"},
				"up": {"uv": [15, 13.5, 14.5, 13], "texture": "#0"},
				"down": {"uv": [14, 14.5, 13.5, 15], "texture": "#0"}
			}
		},
		{
			"from": [14, 0, 6],
			"to": [15, 1, 7],
			"rotation": {"angle": 0, "axis": "z", "origin": [4, 0, 2]},
			"faces": {
				"north": {"uv": [14.5, 13.5, 15, 14], "texture": "#0"},
				"east": {"uv": [14, 14.5, 14.5, 15], "texture": "#0"},
				"south": {"uv": [14.5, 14, 15, 14.5], "texture": "#0"},
				"west": {"uv": [14.5, 14.5, 15, 15], "texture": "#0"},
				"up": {"uv": [0.5, 15.5, 0, 15], "texture": "#0"},
				"down": {"uv": [15.5, 0, 15, 0.5], "texture": "#0"}
			}
		},
		{
			"from": [15, 0, 7],
			"to": [16, 1, 8],
			"rotation": {"angle": 0, "axis": "z", "origin": [5, 0, 3]},
			"faces": {
				"north": {"uv": [0.5, 15, 1, 15.5], "texture": "#0"},
				"east": {"uv": [15, 0.5, 15.5, 1], "texture": "#0"},
				"south": {"uv": [1, 15, 1.5, 15.5], "texture": "#0"},
				"west": {"uv": [15, 1, 15.5, 1.5], "texture": "#0"},
				"up": {"uv": [2, 15.5, 1.5, 15], "texture": "#0"},
				"down": {"uv": [15.5, 1.5, 15, 2], "texture": "#0"}
			}
		},
		{
			"from": [16, 0, 8],
			"to": [17, 1, 12],
			"rotation": {"angle": 0, "axis": "z", "origin": [6, 0, 4]},
			"faces": {
				"north": {"uv": [2, 15, 2.5, 15.5], "texture": "#0"},
				"east": {"uv": [10, 7.5, 12, 8], "texture": "#0"},
				"south": {"uv": [15, 2, 15.5, 2.5], "texture": "#0"},
				"west": {"uv": [8, 10, 10, 10.5], "texture": "#0"},
				"up": {"uv": [10.5, 11, 10, 9], "texture": "#0"},
				"down": {"uv": [0.5, 10.5, 0, 12.5], "texture": "#0"}
			}
		},
		{
			"from": [10, -0.2, 5],
			"to": [11, 1.2, 10],
			"rotation": {"angle": 0, "axis": "z", "origin": [3, 0, 3]},
			"faces": {
				"north": {"uv": [4.5, 13.5, 5, 14.25], "texture": "#0"},
				"east": {"uv": [6, 4, 8.5, 4.75], "texture": "#0"},
				"south": {"uv": [13.5, 4.5, 14, 5.25], "texture": "#0"},
				"west": {"uv": [5, 6, 7.5, 6.75], "texture": "#0"},
				"up": {"uv": [3.5, 10.5, 3, 8], "texture": "#0"},
				"down": {"uv": [4, 8, 3.5, 10.5], "texture": "#0"}
			}
		},
		{
			"from": [10, -0.2, 13],
			"to": [11, 1.2, 15],
			"rotation": {"angle": 0, "axis": "z", "origin": [3, 0, 3]},
			"faces": {
				"north": {"uv": [5, 13.5, 5.5, 14.25], "texture": "#0"},
				"east": {"uv": [11, 10, 12, 10.75], "texture": "#0"},
				"south": {"uv": [5.5, 13.5, 6, 14.25], "texture": "#0"},
				"west": {"uv": [11, 11, 12, 11.75], "texture": "#0"},
				"up": {"uv": [12, 13, 11.5, 12], "texture": "#0"},
				"down": {"uv": [12.5, 11.5, 12, 12.5], "texture": "#0"}
			}
		},
		{
			"from": [11, 0, 12],
			"to": [13, 1, 14],
			"rotation": {"angle": 0, "axis": "y", "origin": [5, 0, 4]},
			"faces": {
				"north": {"uv": [0, 12.5, 1, 13], "texture": "#0"},
				"east": {"uv": [12.5, 0, 13.5, 0.5], "texture": "#0"},
				"south": {"uv": [12.5, 0.5, 13.5, 1], "texture": "#0"},
				"west": {"uv": [1, 12.5, 2, 13], "texture": "#0"},
				"up": {"uv": [11.5, 1, 10.5, 0], "texture": "#0"},
				"down": {"uv": [11.5, 2, 10.5, 3], "texture": "#0"}
			}
		},
		{
			"from": [11, -0.2, 5],
			"to": [12, 1.2, 11],
			"rotation": {"angle": 0, "axis": "z", "origin": [4, 0, 3]},
			"faces": {
				"north": {"uv": [13.5, 5.5, 14, 6.25], "texture": "#0"},
				"east": {"uv": [0, 4, 3, 4.75], "texture": "#0"},
				"south": {"uv": [6, 13.5, 6.5, 14.25], "texture": "#0"},
				"west": {"uv": [3, 4, 6, 4.75], "texture": "#0"},
				"up": {"uv": [5.5, 10, 5, 7], "texture": "#0"},
				"down": {"uv": [6, 7, 5.5, 10], "texture": "#0"}
			}
		},
		{
			"from": [12, -0.2, 5],
			"to": [13, 1.2, 12],
			"rotation": {"angle": 0, "axis": "z", "origin": [5, 0, 3]},
			"faces": {
				"north": {"uv": [6.5, 13.5, 7, 14.25], "texture": "#0"},
				"east": {"uv": [0, 2, 3.5, 2.75], "texture": "#0"},
				"south": {"uv": [13.5, 6.5, 14, 7.25], "texture": "#0"},
				"west": {"uv": [0, 3, 3.5, 3.75], "texture": "#0"},
				"up": {"uv": [7.5, 3.5, 7, 0], "texture": "#0"},
				"down": {"uv": [1, 7, 0.5, 10.5], "texture": "#0"}
			}
		},
		{
			"from": [13, -0.2, 6],
			"to": [14, 1.2, 12],
			"rotation": {"angle": 0, "axis": "z", "origin": [6, 0, 3]},
			"faces": {
				"north": {"uv": [7, 13.5, 7.5, 14.25], "texture": "#0"},
				"east": {"uv": [0, 5, 3, 5.75], "texture": "#0"},
				"south": {"uv": [7.5, 13.5, 8, 14.25], "texture": "#0"},
				"west": {"uv": [3, 5, 6, 5.75], "texture": "#0"},
				"up": {"uv": [6.5, 10, 6, 7], "texture": "#0"},
				"down": {"uv": [7, 7, 6.5, 10], "texture": "#0"}
			}
		},
		{
			"from": [14, -0.2, 7],
			"to": [15, 1.2, 11],
			"rotation": {"angle": 0, "axis": "z", "origin": [7, 0, 3]},
			"faces": {
				"north": {"uv": [13.5, 7.5, 14, 8.25], "texture": "#0"},
				"east": {"uv": [7, 7, 9, 7.75], "texture": "#0"},
				"south": {"uv": [13.5, 8.5, 14, 9.25], "texture": "#0"},
				"west": {"uv": [7.5, 0, 9.5, 0.75], "texture": "#0"},
				"up": {"uv": [1, 12.5, 0.5, 10.5], "texture": "#0"},
				"down": {"uv": [3.5, 10.5, 3, 12.5], "texture": "#0"}
			}
		},
		{
			"from": [15, -0.2, 8],
			"to": [16, 1.2, 11],
			"rotation": {"angle": 0, "axis": "z", "origin": [8, 0, 3]},
			"faces": {
				"north": {"uv": [9, 13.5, 9.5, 14.25], "texture": "#0"},
				"east": {"uv": [7, 8, 8.5, 8.75], "texture": "#0"},
				"south": {"uv": [13.5, 9.5, 14, 10.25], "texture": "#0"},
				"west": {"uv": [8.5, 1, 10, 1.75], "texture": "#0"},
				"up": {"uv": [10.5, 12.5, 10, 11], "texture": "#0"},
				"down": {"uv": [12, 2, 11.5, 3.5], "texture": "#0"}
			}
		},
		{
			"from": [7, 0, 7],
			"to": [8, 1, 8],
			"rotation": {"angle": 0, "axis": "z", "origin": [2, 0, 3]},
			"faces": {
				"north": {"uv": [2.5, 15, 3, 15.5], "texture": "#0"},
				"east": {"uv": [15, 2.5, 15.5, 3], "texture": "#0"},
				"south": {"uv": [3, 15, 3.5, 15.5], "texture": "#0"},
				"west": {"uv": [15, 3, 15.5, 3.5], "texture": "#0"},
				"up": {"uv": [4, 15.5, 3.5, 15], "texture": "#0"},
				"down": {"uv": [15.5, 3.5, 15, 4], "texture": "#0"}
			}
		},
		{
			"from": [9, -0.4, 9],
			"to": [10, 1.4, 10],
			"rotation": {"angle": 0, "axis": "z", "origin": [4, 0, 5]},
			"faces": {
				"north": {"uv": [12.5, 5, 13, 6], "texture": "#0"},
				"east": {"uv": [5.5, 12.5, 6, 13.5], "texture": "#0"},
				"south": {"uv": [6, 12.5, 6.5, 13.5], "texture": "#0"},
				"west": {"uv": [6.5, 12.5, 7, 13.5], "texture": "#0"},
				"up": {"uv": [5, 15.5, 4.5, 15], "texture": "#0"},
				"down": {"uv": [15.5, 4.5, 15, 5], "texture": "#0"}
			}
		},
		{
			"from": [8, -0.4, 10],
			"to": [10, 1.4, 11],
			"rotation": {"angle": 0, "axis": "z", "origin": [4, 0, 5]},
			"faces": {
				"north": {"uv": [10.5, 4, 11.5, 5], "texture": "#0"},
				"east": {"uv": [7, 12.5, 7.5, 13.5], "texture": "#0"},
				"south": {"uv": [4.5, 10.5, 5.5, 11.5], "texture": "#0"},
				"west": {"uv": [7.5, 12.5, 8, 13.5], "texture": "#0"},
				"up": {"uv": [9, 13, 8, 12.5], "texture": "#0"},
				"down": {"uv": [13.5, 8, 12.5, 8.5], "texture": "#0"}
			}
		},
		{
			"from": [10, -0.4, 10],
			"to": [11, 1.4, 11],
			"rotation": {"angle": 0, "axis": "z", "origin": [5, 0, 6]},
			"faces": {
				"north": {"uv": [12.5, 8.5, 13, 9.5], "texture": "#0"},
				"east": {"uv": [9, 12.5, 9.5, 13.5], "texture": "#0"},
				"south": {"uv": [10, 12.5, 10.5, 13.5], "texture": "#0"},
				"west": {"uv": [10.5, 12.5, 11, 13.5], "texture": "#0"},
				"up": {"uv": [5.5, 15.5, 5, 15], "texture": "#0"},
				"down": {"uv": [15.5, 5, 15, 5.5], "texture": "#0"}
			}
		},
		{
			"from": [9, -0.4, 11],
			"to": [11, 1.4, 12],
			"rotation": {"angle": 0, "axis": "z", "origin": [5, 0, 6]},
			"faces": {
				"north": {"uv": [10.5, 5, 11.5, 6], "texture": "#0"},
				"east": {"uv": [12.5, 10.5, 13, 11.5], "texture": "#0"},
				"south": {"uv": [5.5, 10.5, 6.5, 11.5], "texture": "#0"},
				"west": {"uv": [11, 12.5, 11.5, 13.5], "texture": "#0"},
				"up": {"uv": [13.5, 10, 12.5, 9.5], "texture": "#0"},
				"down": {"uv": [13.5, 11.5, 12.5, 12], "texture": "#0"}
			}
		},
		{
			"from": [11, -0.4, 11],
			"to": [12, 1.4, 12],
			"rotation": {"angle": 0, "axis": "z", "origin": [6, 0, 7]},
			"faces": {
				"north": {"uv": [12, 12.5, 12.5, 13.5], "texture": "#0"},
				"east": {"uv": [12.5, 12, 13, 13], "texture": "#0"},
				"south": {"uv": [0, 13, 0.5, 14], "texture": "#0"},
				"west": {"uv": [0.5, 13, 1, 14], "texture": "#0"},
				"up": {"uv": [6, 15.5, 5.5, 15], "texture": "#0"},
				"down": {"uv": [15.5, 5.5, 15, 6], "texture": "#0"}
			}
		},
		{
			"from": [10, -0.4, 12],
			"to": [11, 1.4, 13],
			"rotation": {"angle": 0, "axis": "z", "origin": [6, 0, 7]},
			"faces": {
				"north": {"uv": [1, 13, 1.5, 14], "texture": "#0"},
				"east": {"uv": [13, 1, 13.5, 2], "texture": "#0"},
				"south": {"uv": [1.5, 13, 2, 14], "texture": "#0"},
				"west": {"uv": [13, 2, 13.5, 3], "texture": "#0"},
				"up": {"uv": [6.5, 15.5, 6, 15], "texture": "#0"},
				"down": {"uv": [15.5, 6, 15, 6.5], "texture": "#0"}
			}
		},
		{
			"from": [7, -0.4, 9],
			"to": [9, 1.4, 10],
			"rotation": {"angle": 0, "axis": "z", "origin": [3, 0, 4]},
			"faces": {
				"north": {"uv": [6.5, 10.5, 7.5, 11.5], "texture": "#0"},
				"east": {"uv": [3, 13, 3.5, 14], "texture": "#0"},
				"south": {"uv": [7.5, 10.5, 8.5, 11.5], "texture": "#0"},
				"west": {"uv": [3.5, 13, 4, 14], "texture": "#0"},
				"up": {"uv": [14, 3.5, 13, 3], "texture": "#0"},
				"down": {"uv": [14, 4, 13, 4.5], "texture": "#0"}
			}
		},
		{
			"from": [8, -0.4, 8],
			"to": [9, 1.4, 9],
			"rotation": {"angle": 0, "axis": "z", "origin": [3, 0, 4]},
			"faces": {
				"north": {"uv": [13, 4.5, 13.5, 5.5], "texture": "#0"},
				"east": {"uv": [13, 5.5, 13.5, 6.5], "texture": "#0"},
				"south": {"uv": [13, 6.5, 13.5, 7.5], "texture": "#0"},
				"west": {"uv": [8, 13, 8.5, 14], "texture": "#0"},
				"up": {"uv": [7, 15.5, 6.5, 15], "texture": "#0"},
				"down": {"uv": [15.5, 6.5, 15, 7], "texture": "#0"}
			}
		}
	],
	"display": {
		"thirdperson_righthand": {
			"rotation": [-129, 4, -89],
			"translation": [7, 9, 3.5],
			"scale": [0.84, 0.84, 0.84]
		},
		"thirdperson_lefthand": {
			"rotation": [-132, 0, 94],
			"translation": [-5.75, 9.5, 3.75],
			"scale": [0.84, 0.84, 0.84]
		},
		"firstperson_righthand": {
			"rotation": [-146, -19, -81],
			"translation": [1.5, 6.5, 0.25],
			"scale": [0.72, 0.72, 0.72]
		},
		"firstperson_lefthand": {
			"rotation": [-134, 1, 89],
			"translation": [-6.5, 7, 0.5],
			"scale": [0.72, 0.72, 0.72]
		},
		"ground": {
			"translation": [0, 5.5, 0]
		},
		"gui": {
			"rotation": [159, 137, -82],
			"translation": [-1.5, 3, 0],
			"scale": [0.51, 0.51, 0.51]
		},
		"head": {
			"translation": [0, 6.5, 0]
		},
		"fixed": {
			"rotation": [-90.25, 0, 0],
			"translation": [11.5, 8.5, -13.25],
			"scale": [1.67, 1.67, 1.67]
		}
	},
	"groups": [
		{
			"name": "group",
			"origin": [6, 0, 5],
			"color": 0,
			"children": [
				0,
				1,
				2,
				3,
				4,
				5,
				6,
				7,
				8,
				9,
				10,
				11,
				12,
				13,
				14,
				15,
				16,
				17,
				18,
				19,
				20,
				21,
				22,
				23,
				24,
				25,
				26,
				27,
				28,
				29,
				30,
				31,
				32,
				33,
				34,
				35,
				36,
				37,
				38,
				39,
				40,
				41,
				42,
				43,
				44,
				45,
				46,
				47,
				48,
				49,
				50,
				51,
				52,
				53,
				54,
				55,
				56
			]
		}
	]
}