{
	"format_version": "1.21.11",
	"credit": "Made with Blockbench",
	"textures": {
		"1": "item/libroescrito"
	},
	"elements": [
		{
			"from": [4, 0, 7],
			"to": [11, 2, 13],
			"rotation": {"angle": 22.5, "axis": "y", "origin": [4, 0, 7]},
			"faces": {
				"north": {"uv": [7, 0, 14, 2], "texture": "#1"},
				"east": {"uv": [7, 4, 13, 6], "texture": "#1"},
				"south": {"uv": [7, 2, 14, 4], "texture": "#1"},
				"west": {"uv": [7, 6, 13, 8], "texture": "#1"},
				"up": {"uv": [7, 6, 0, 0], "texture": "#1"},
				"down": {"uv": [7, 6, 0, 12], "texture": "#1"}
			}
		},
		{
			"from": [7.5, 0.5, 8.4],
			"to": [8.5, 0.6, 8.9],
			"rotation": {"angle": 22.5, "axis": "y", "origin": [0, 0, 0]},
			"faces": {
				"north": {"uv": [10, 9, 11, 9.25], "texture": "#1"},
				"east": {"uv": [0, 12, 0.5, 12.25], "texture": "#1"},
				"south": {"uv": [10, 10, 11, 10.25], "texture": "#1"},
				"west": {"uv": [1, 12, 1.5, 12.25], "texture": "#1"},
				"up": {"uv": [8, 8.5, 7, 8], "texture": "#1"},
				"down": {"uv": [9, 8, 8, 8.5], "texture": "#1"}
			}
		},
		{
			"from": [7.5, 1.5, 13],
			"to": [8.5, 1.6, 13.5],
			"rotation": {"angle": 22.5, "axis": "y", "origin": [0, 0, 0]},
			"faces": {
				"north": {"uv": [7, 11, 8, 11.25], "texture": "#1"},
				"east": {"uv": [2, 12, 2.5, 12.25], "texture": "#1"},
				"south": {"uv": [8, 11, 9, 11.25], "texture": "#1"},
				"west": {"uv": [3, 12, 3.5, 12.25], "texture": "#1"},
				"up": {"uv": [8, 9.5, 7, 9], "texture": "#1"},
				"down": {"uv": [9, 9, 8, 9.5], "texture": "#1"}
			}
		},
		{
			"from": [7.5, 1.3, 12.4],
			"to": [8.5, 1.4, 12.9],
			"rotation": {"angle": 22.5, "axis": "y", "origin": [0, 0, 0]},
			"faces": {
				"north": {"uv": [11, 8, 12, 8.25], "texture": "#1"},
				"east": {"uv": [4, 12, 4.5, 12.25], "texture": "#1"},
				"south": {"uv": [9, 11, 10, 11.25], "texture": "#1"},
				"west": {"uv": [5, 12, 5.5, 12.25], "texture": "#1"},
				"up": {"uv": [10, 8.5, 9, 8], "texture": "#1"},
				"down": {"uv": [10, 9, 9, 9.5], "texture": "#1"}
			}
		},
		{
			"from": [7.5, 1.2, 11.4],
			"to": [8.5, 1.3, 11.9],
			"rotation": {"angle": 22.5, "axis": "y", "origin": [0, 0, 0]},
			"faces": {
				"north": {"uv": [11, 9, 12, 9.25], "texture": "#1"},
				"east": {"uv": [6, 12, 6.5, 12.25], "texture": "#1"},
				"south": {"uv": [10, 11, 11, 11.25], "texture": "#1"},
				"west": {"uv": [7, 12, 7.5, 12.25], "texture": "#1"},
				"up": {"uv": [8, 10.5, 7, 10], "texture": "#1"},
				"down": {"uv": [9, 10, 8, 10.5], "texture": "#1"}
			}
		},
		{
			"from": [7.5, 1, 9.4],
			"to": [8.5, 1.1, 9.9],
			"rotation": {"angle": 22.5, "axis": "y", "origin": [0, 0, 0]},
			"faces": {
				"north": {"uv": [11, 10, 12, 10.25], "texture": "#1"},
				"east": {"uv": [8, 12, 8.5, 12.25], "texture": "#1"},
				"south": {"uv": [11, 11, 12, 11.25], "texture": "#1"},
				"west": {"uv": [12, 8, 12.5, 8.25], "texture": "#1"},
				"up": {"uv": [11, 8.5, 10, 8], "texture": "#1"},
				"down": {"uv": [10, 10, 9, 10.5], "texture": "#1"}
			}
		}
	],
	"display": {
		"thirdperson_righthand": {
			"rotation": [-36.22, -7.93, -72.75],
			"translation": [5, 0, 2]
		},
		"thirdperson_lefthand": {
			"rotation": [-19.91, -1.32, 112.18],
			"translation": [-8.75, -4.75, 2.75]
		},
		"firstperson_righthand": {
			"rotation": [43, -164, -83],
			"translation": [-8.25, 5.25, 9],
			"scale": [0.45, 0.45, 0.45]
		},
		"firstperson_lefthand": {
			"rotation": [-9, -20, 107],
			"translation": [-7.25, -0.5, 1.25]
		},
		"ground": {
			"translation": [0, 5, 0]
		},
		"gui": {
			"rotation": [5.59, -57.42, -104.27],
			"translation": [6, -2.75, 0],
			"scale": [1.51, 1.51, 1.51]
		},
		"head": {
			"translation": [0, -1, 0]
		},
		"fixed": {
			"rotation": [-90, -12, 0],
			"translation": [0, 0, -15.75],
			"scale": [1.96, 1.96, 1.96]
		}
	},
	"groups": [
		0,
		{
			"name": "group",
			"origin": [0, 0, 0],
			"color": 0,
			"children": [1, 2, 3, 4, 5]
		}
	]
}