{
  "providers": [
    {
      "type": "bitmap",
      "file": "minecraft:font/gold_coin.png",
      "ascent": 8,
      "height": 16,
      "chars": ["\uE001"]
    },
    {
      "type": "bitmap",
      "file": "minecraft:font/silver_coin.png",
      "ascent": 8,
      "height": 16,
      "chars": ["\uE002"]
    },
    {
      "type": "bitmap",
      "file": "minecraft:font/mana_full.png",
      "ascent": 3,
      "height": 3,
      "chars": ["\uE010"]
    },
    {
      "type": "bitmap",
      "file": "minecraft:font/mana_empty.png",
      "ascent": 3,
      "height": 3,
      "chars": ["\uE011"]
    },
	{
      "type": "bitmap",
      "file": "minecraft:font/pasossombrios.png",
      "ascent": 9,
      "height": 16,
      "chars": ["\uE012"]
    },
	{
      "type": "bitmap",
      "file": "minecraft:font/ciclovital.png",
      "ascent": 9,
      "height": 16,
      "chars": ["\uE013"]
    },
	{
      "type": "bitmap",
      "file": "minecraft:font/maldicionexamine.png",
      "ascent": 9,
      "height": 16,
      "chars": ["\uE014"]
    },
	{
      "type": "bitmap",
      "file": "minecraft:font/aliento.png",
      "ascent": 9,
      "height": 16,
      "chars": ["\uE015"]
    },
	{
      "type": "bitmap",
      "file": "minecraft:font/pacto.png",
      "ascent": 9,
      "height": 16,
      "chars": ["\uE016"]
    },
	{
      "type": "bitmap",
      "file": "minecraft:font/furia.png",
      "ascent": 9,
      "height": 16,
      "chars": ["\uE017"]
    },
	{
      "type": "bitmap",
      "file": "minecraft:font/devorador.png",
      "ascent": 9,
      "height": 16,
      "chars": ["\uE018"]
    },
	{
      "type": "bitmap",
      "file": "minecraft:font/hechizoespadaespectral.png",
      "ascent": 9,
      "height": 16,
      "chars": ["\uE019"]
    },
	{
      "type": "bitmap",
      "file": "minecraft:font/orbeigneo.png",
      "ascent": 9,
      "height": 16,
      "chars": ["\uE021"]
    },
	{
      "type": "bitmap",
      "file": "minecraft:font/tormentadeira.png",
      "ascent": 9,
      "height": 16,
      "chars": ["\uE022"]
    },
	{
      "type": "bitmap",
      "file": "minecraft:font/hojaardiente.png",
      "ascent": 9,
      "height": 16,
      "chars": ["\uE023"]
    },
	{
      "type": "bitmap",
      "file": "minecraft:font/raicesvivas.png",
      "ascent": 9,
      "height": 16,
      "chars": ["\uE024"]
    },
	
	
	
	
	
	{
      "type": "bitmap",
      "file": "minecraft:font/siguiente.png",
      "ascent": 9,
      "height": 16,
      "chars": ["\uE050"]
    },
	{
      "type": "bitmap",
      "file": "minecraft:font/anterior.png",
      "ascent": 9,
      "height": 16,
      "chars": ["\uE051"]
    },
	{
	"type": "space",
	"advances": {
		"\uE020": 20
	}
	}

	
  ]
}
