{
	"format_version": "1.21.11",
	"credit": "Made with Blockbench",
	"texture_size": [32, 32],
	"textures": {
		"0": "item/librohabilidades",
		"particle": "item/librohabilidades"
	},
	"elements": [
		{
			"from": [4, 0.2, 6.4],
			"to": [11, 0.4, 11.4],
			"rotation": {"angle": 0, "axis": "y", "origin": [4, 0, 6]},
			"faces": {
				"north": {"uv": [7.5, 7.5, 11, 7.625], "texture": "#0"},
				"east": {"uv": [0, 8.5, 2.5, 8.625], "texture": "#0"},
				"south": {"uv": [0, 8, 3.5, 8.125], "texture": "#0"},
				"west": {"uv": [2.5, 8.5, 5, 8.625], "texture": "#0"},
				"up": {"uv": [3.5, 2.5, 0, 0], "texture": "#0"},
				"down": {"uv": [3.5, 2.5, 0, 5], "texture": "#0"}
			}
		},
		{
			"from": [4.2, 0.2, 6.4],
			"to": [10.8, 1.2, 11.2],
			"rotation": {"angle": 0, "axis": "y", "origin": [4, 1, 6]},
			"faces": {
				"north": {"uv": [7, 5, 10.25, 5.5], "texture": "#0"},
				"east": {"uv": [7, 7, 9.375, 7.5], "texture": "#0"},
				"south": {"uv": [7, 5.5, 10.25, 6], "texture": "#0"},
				"west": {"uv": [0, 7.5, 2.375, 8], "texture": "#0"},
				"up": {"uv": [3.25, 7.375, 0, 5], "texture": "#0"},
				"down": {"uv": [6.75, 5, 3.5, 7.375], "texture": "#0"}
			}
		},
		{
			"from": [4.2, 1.2, 6.4],
			"to": [4.3, 1.3, 6.7],
			"rotation": {"angle": 0, "axis": "y", "origin": [4, 2, 6]},
			"faces": {
				"north": {"uv": [0, 9, 0.125, 9.125], "texture": "#0"},
				"east": {"uv": [0.5, 9, 0.625, 9.125], "texture": "#0"},
				"south": {"uv": [1, 9, 1.125, 9.125], "texture": "#0"},
				"west": {"uv": [1.5, 9, 1.625, 9.125], "texture": "#0"},
				"up": {"uv": [2.125, 9.125, 2, 9], "texture": "#0"},
				"down": {"uv": [2.625, 9, 2.5, 9.125], "texture": "#0"}
			}
		},
		{
			"from": [5.2, 1.2, 6.4],
			"to": [5.3, 1.3, 6.7],
			"rotation": {"angle": 0, "axis": "y", "origin": [5, 2, 6]},
			"faces": {
				"north": {"uv": [3, 9, 3.125, 9.125], "texture": "#0"},
				"east": {"uv": [3.5, 9, 3.625, 9.125], "texture": "#0"},
				"south": {"uv": [4, 9, 4.125, 9.125], "texture": "#0"},
				"west": {"uv": [4.5, 9, 4.625, 9.125], "texture": "#0"},
				"up": {"uv": [5.125, 9.125, 5, 9], "texture": "#0"},
				"down": {"uv": [5.625, 9, 5.5, 9.125], "texture": "#0"}
			}
		},
		{
			"from": [6.2, 1.2, 6.4],
			"to": [6.3, 1.3, 6.7],
			"rotation": {"angle": 0, "axis": "y", "origin": [6, 2, 6]},
			"faces": {
				"north": {"uv": [6, 9, 6.125, 9.125], "texture": "#0"},
				"east": {"uv": [6.5, 9, 6.625, 9.125], "texture": "#0"},
				"south": {"uv": [7, 9, 7.125, 9.125], "texture": "#0"},
				"west": {"uv": [7.5, 9, 7.625, 9.125], "texture": "#0"},
				"up": {"uv": [8.125, 9.125, 8, 9], "texture": "#0"},
				"down": {"uv": [8.625, 9, 8.5, 9.125], "texture": "#0"}
			}
		},
		{
			"from": [7.2, 1.2, 6.4],
			"to": [7.3, 1.3, 6.7],
			"rotation": {"angle": 0, "axis": "y", "origin": [7, 2, 6]},
			"faces": {
				"north": {"uv": [9, 9, 9.125, 9.125], "texture": "#0"},
				"east": {"uv": [0, 9.5, 0.125, 9.625], "texture": "#0"},
				"south": {"uv": [0.5, 9.5, 0.625, 9.625], "texture": "#0"},
				"west": {"uv": [1, 9.5, 1.125, 9.625], "texture": "#0"},
				"up": {"uv": [1.625, 9.625, 1.5, 9.5], "texture": "#0"},
				"down": {"uv": [2.125, 9.5, 2, 9.625], "texture": "#0"}
			}
		},
		{
			"from": [8.2, 1.2, 6.4],
			"to": [8.3, 1.3, 6.7],
			"rotation": {"angle": 0, "axis": "y", "origin": [8, 2, 6]},
			"faces": {
				"north": {"uv": [2.5, 9.5, 2.625, 9.625], "texture": "#0"},
				"east": {"uv": [3, 9.5, 3.125, 9.625], "texture": "#0"},
				"south": {"uv": [3.5, 9.5, 3.625, 9.625], "texture": "#0"},
				"west": {"uv": [4, 9.5, 4.125, 9.625], "texture": "#0"},
				"up": {"uv": [4.625, 9.625, 4.5, 9.5], "texture": "#0"},
				"down": {"uv": [5.125, 9.5, 5, 9.625], "texture": "#0"}
			}
		},
		{
			"from": [9.8, 1.2, 6.4],
			"to": [9.9, 1.3, 6.7],
			"rotation": {"angle": 0, "axis": "y", "origin": [9.6, 2, 6]},
			"faces": {
				"north": {"uv": [8, 9.5, 8.125, 9.625], "texture": "#0"},
				"east": {"uv": [8.5, 9.5, 8.625, 9.625], "texture": "#0"},
				"south": {"uv": [9, 9.5, 9.125, 9.625], "texture": "#0"},
				"west": {"uv": [9.5, 9, 9.625, 9.125], "texture": "#0"},
				"up": {"uv": [9.625, 9.625, 9.5, 9.5], "texture": "#0"},
				"down": {"uv": [0.125, 10, 0, 10.125], "texture": "#0"}
			}
		},
		{
			"from": [10.7, 1.2, 6.4],
			"to": [10.8, 1.3, 6.7],
			"rotation": {"angle": 0, "axis": "y", "origin": [10.6, 2, 6]},
			"faces": {
				"north": {"uv": [0.5, 10, 0.625, 10.125], "texture": "#0"},
				"east": {"uv": [1, 10, 1.125, 10.125], "texture": "#0"},
				"south": {"uv": [1.5, 10, 1.625, 10.125], "texture": "#0"},
				"west": {"uv": [2, 10, 2.125, 10.125], "texture": "#0"},
				"up": {"uv": [2.625, 10.125, 2.5, 10], "texture": "#0"},
				"down": {"uv": [3.125, 10, 3, 10.125], "texture": "#0"}
			}
		},
		{
			"from": [4, 2, 2],
			"to": [11, 2.2, 6.75],
			"rotation": {"angle": 22.5, "axis": "x", "origin": [4, 2, 2]},
			"faces": {
				"north": {"uv": [3.5, 8, 7, 8.125], "texture": "#0"},
				"east": {"uv": [5, 8.5, 7.375, 8.625], "texture": "#0"},
				"south": {"uv": [7, 8, 10.5, 8.125], "texture": "#0"},
				"west": {"uv": [7.5, 8.5, 9.875, 8.625], "texture": "#0"},
				"up": {"uv": [7, 2.375, 3.5, 0], "texture": "#0"},
				"down": {"uv": [7, 2.5, 3.5, 4.875], "texture": "#0"}
			}
		},
		{
			"from": [4.2, 2.2, 2.5],
			"to": [10.8, 3.1, 7],
			"rotation": {"angle": 22.5, "axis": "x", "origin": [4, 3, 2]},
			"faces": {
				"north": {"uv": [7, 6, 10.25, 6.5], "texture": "#0"},
				"east": {"uv": [2.5, 7.5, 4.75, 8], "texture": "#0"},
				"south": {"uv": [7, 6.5, 10.25, 7], "texture": "#0"},
				"west": {"uv": [5, 7.5, 7.25, 8], "texture": "#0"},
				"up": {"uv": [10.25, 2.25, 7, 0], "texture": "#0"},
				"down": {"uv": [10.25, 2.5, 7, 4.75], "texture": "#0"}
			}
		}
	],
	"display": {
		"thirdperson_righthand": {
			"rotation": [62, -75, -72.75],
			"translation": [-5.5, 2.25, 9],
			"scale": [1.47, 1.47, 1.47]
		},
		"thirdperson_lefthand": {
			"rotation": [46.03, 83.72, 94.46],
			"translation": [-6.25, 0.5, 9.5],
			"scale": [1.47, 1.47, 1.47]
		},
		"firstperson_righthand": {
			"rotation": [13, -82, -73],
			"translation": [-11.25, 7.75, 10.25],
			"scale": [2.57, 2.57, 2.57]
		},
		"firstperson_lefthand": {
			"rotation": [3, 79, 81],
			"translation": [-8.25, 8.5, 9],
			"scale": [2.57, 2.57, 2.57]
		},
		"ground": {
			"translation": [0, 5, 0]
		},
		"gui": {
			"rotation": [-1, -120, -60],
			"translation": [-6, 4, 0],
			"scale": [1.43, 1.43, 1.43]
		},
		"head": {
			"translation": [0, -1, 0]
		},
		"fixed": {
			"rotation": [78, -12, 0],
			"translation": [0, 0.75, 16.25],
			"scale": [2.57, 2.57, 2.57]
		},
		"on_shelf": {
			"rotation": [0, -90, -90],
			"translation": [0, 0, 15.5],
			"scale": [1.63, 1.63, 1.63]
		}
	}
}